ISO-10303-21;
HEADER;
FILE_DESCRIPTION(('auto-generated'),'2;1');
FILE_SCHEMA(('CONFIG_CONTROL_DESIGN'));
ENDSEC;
DATA;
#10=CARTESIAN_POINT('',(0.0,0.0,0.0));
#11=DIRECTION('',(0.0,0.0,1.0));
#12=DIRECTION('',(1.0,0.0,0.0));
#13=AXIS2_PLACEMENT_3D('',#10,#11,#12);
#14=CARTESIAN_POINT('',(0.952304,-0.75,0.812293));
#15=VERTEX_POINT('',#14);
#16=CARTESIAN_POINT('',(0.943689,-0.75,0.812856));
#17=VERTEX_POINT('',#16);
#18=CARTESIAN_POINT('',(0.946424,-0.75,0.812903));
#19=VERTEX_POINT('',#18);
#20=CARTESIAN_POINT('',(0.942327,-0.75,0.721439));
#21=VERTEX_POINT('',#20);
#22=CARTESIAN_POINT('',(0.952174,-0.75,0.722545));
#23=VERTEX_POINT('',#22);
#24=CARTESIAN_POINT('',(0.920701,-0.75,0.796517));
#25=VERTEX_POINT('',#24);
#26=CARTESIAN_POINT('',(0.848177,-0.75,0.711683));
#27=VERTEX_POINT('',#26);
#28=CARTESIAN_POINT('',(0.848177,-0.75,0.722659));
#29=VERTEX_POINT('',#28);
#30=CARTESIAN_POINT('',(0.899396,-0.75,0.711683));
#31=VERTEX_POINT('',#30);
#32=CARTESIAN_POINT('',(0.899396,-0.75,0.811683));
#33=VERTEX_POINT('',#32);
#34=CARTESIAN_POINT('',(0.918908,-0.75,0.727842));
#35=VERTEX_POINT('',#34);
#36=CARTESIAN_POINT('',(0.918908,-0.75,0.714427));
#37=VERTEX_POINT('',#36);
#38=CARTESIAN_POINT('',(0.988021,-0.75,0.738022));
#39=VERTEX_POINT('',#38);
#40=CARTESIAN_POINT('',(0.98216,-0.75,0.728672));
#41=VERTEX_POINT('',#40);
#42=CARTESIAN_POINT('',(1.03964,-0.75,0.711683));
#43=VERTEX_POINT('',#42);
#44=CARTESIAN_POINT('',(0.930172,-0.75,0.723018));
#45=VERTEX_POINT('',#44);
#46=CARTESIAN_POINT('',(0.918908,-0.75,0.795525));
#47=VERTEX_POINT('',#46);
#48=CARTESIAN_POINT('',(0.850616,-0.75,0.766561));
#49=VERTEX_POINT('',#48);
#50=CARTESIAN_POINT('',(0.850616,-0.75,0.755586));
#51=VERTEX_POINT('',#50);
#52=CARTESIAN_POINT('',(0.885982,-0.75,0.755586));
#53=VERTEX_POINT('',#52);
#54=CARTESIAN_POINT('',(0.885982,-0.75,0.722659));
#55=VERTEX_POINT('',#54);
#56=CARTESIAN_POINT('',(0.93047,-0.75,0.71129));
#57=VERTEX_POINT('',#56);
#58=CARTESIAN_POINT('',(0.942441,-0.75,0.710464));
#59=VERTEX_POINT('',#58);
#60=CARTESIAN_POINT('',(0.96844,-0.75,0.808289));
#61=VERTEX_POINT('',#60);
#62=CARTESIAN_POINT('',(0.976484,-0.75,0.803152));
#63=VERTEX_POINT('',#62);
#64=CARTESIAN_POINT('',(1.001835,-0.75,0.811683));
#65=VERTEX_POINT('',#64);
#66=CARTESIAN_POINT('',(0.983995,-0.75,0.795244));
#67=VERTEX_POINT('',#66);
#68=CARTESIAN_POINT('',(1.001835,-0.75,0.800708));
#69=VERTEX_POINT('',#68);
#70=CARTESIAN_POINT('',(0.989322,-0.75,0.785736));
#71=VERTEX_POINT('',#70);
#72=CARTESIAN_POINT('',(1.03964,-0.75,0.800708));
#73=VERTEX_POINT('',#72);
#74=CARTESIAN_POINT('',(0.973132,-0.75,0.71999));
#75=VERTEX_POINT('',#74);
#76=CARTESIAN_POINT('',(0.963633,-0.75,0.714522));
#77=VERTEX_POINT('',#76);
#78=CARTESIAN_POINT('',(0.952485,-0.75,0.711284));
#79=VERTEX_POINT('',#78);
#80=CARTESIAN_POINT('',(1.053055,-0.75,0.811683));
#81=VERTEX_POINT('',#80);
#82=CARTESIAN_POINT('',(1.053055,-0.75,0.711683));
#83=VERTEX_POINT('',#82);
#84=CARTESIAN_POINT('',(0.959659,-0.75,0.725246));
#85=VERTEX_POINT('',#84);
#86=CARTESIAN_POINT('',(0.96658,-0.75,0.729877));
#87=VERTEX_POINT('',#86);
#88=CARTESIAN_POINT('',(0.972619,-0.75,0.736543));
#89=VERTEX_POINT('',#88);
#90=CARTESIAN_POINT('',(0.979884,-0.75,0.76275));
#91=VERTEX_POINT('',#90);
#92=CARTESIAN_POINT('',(0.978871,-0.75,0.773576));
#93=VERTEX_POINT('',#92);
#94=CARTESIAN_POINT('',(0.976155,-0.75,0.782177));
#95=VERTEX_POINT('',#94);
#96=CARTESIAN_POINT('',(0.953903,-0.75,0.800881));
#97=VERTEX_POINT('',#96);
#98=CARTESIAN_POINT('',(0.944575,-0.75,0.801927));
#99=VERTEX_POINT('',#98);
#100=CARTESIAN_POINT('',(0.961189,-0.75,0.798198));
#101=VERTEX_POINT('',#100);
#102=CARTESIAN_POINT('',(0.967326,-0.75,0.794062));
#103=VERTEX_POINT('',#102);
#104=CARTESIAN_POINT('',(0.972019,-0.75,0.789111));
#105=VERTEX_POINT('',#104);
#106=CARTESIAN_POINT('',(0.931301,-0.75,0.800454));
#107=VERTEX_POINT('',#106);
#108=CARTESIAN_POINT('',(0.929568,-0.75,0.810877));
#109=VERTEX_POINT('',#108);
#110=CARTESIAN_POINT('',(0.939673,-0.75,0.812293));
#111=VERTEX_POINT('',#110);
#112=CARTESIAN_POINT('',(0.992332,-0.75,0.775151));
#113=VERTEX_POINT('',#112);
#114=CARTESIAN_POINT('',(0.993299,-0.75,0.76357));
#115=VERTEX_POINT('',#114);
#116=CARTESIAN_POINT('',(0.99186,-0.75,0.749353));
#117=VERTEX_POINT('',#116);
#118=CARTESIAN_POINT('',(0.976741,-0.75,0.744264));
#119=VERTEX_POINT('',#118);
#120=CARTESIAN_POINT('',(0.979407,-0.75,0.75497));
#121=VERTEX_POINT('',#120);
#122=CARTESIAN_POINT('',(0.885982,-0.75,0.766561));
#123=VERTEX_POINT('',#122);
#124=CARTESIAN_POINT('',(0.885982,-0.75,0.800708));
#125=VERTEX_POINT('',#124);
#126=CARTESIAN_POINT('',(0.845738,-0.75,0.800708));
#127=VERTEX_POINT('',#126);
#128=CARTESIAN_POINT('',(0.845738,-0.75,0.811683));
#129=VERTEX_POINT('',#128);
#130=CARTESIAN_POINT('',(0.918908,-0.75,0.8065));
#131=VERTEX_POINT('',#130);
#132=CARTESIAN_POINT('',(0.958747,-0.75,0.811625));
#133=VERTEX_POINT('',#132);
#134=CARTESIAN_POINT('',(0.723786,-0.75,0.811683));
#135=VERTEX_POINT('',#134);
#136=CARTESIAN_POINT('',(0.738421,-0.75,0.811683));
#137=VERTEX_POINT('',#136);
#138=CARTESIAN_POINT('',(0.700616,-0.75,0.711683));
#139=VERTEX_POINT('',#138);
#140=CARTESIAN_POINT('',(0.687201,-0.75,0.711683));
#141=VERTEX_POINT('',#140);
#142=CARTESIAN_POINT('',(0.648177,-0.75,0.811683));
#143=VERTEX_POINT('',#142);
#144=CARTESIAN_POINT('',(0.662811,-0.75,0.811683));
#145=VERTEX_POINT('',#144);
#146=CARTESIAN_POINT('',(0.672929,-0.75,0.783634));
#147=VERTEX_POINT('',#146);
#148=CARTESIAN_POINT('',(0.71424,-0.75,0.783634));
#149=VERTEX_POINT('',#148);
#150=CARTESIAN_POINT('',(0.826226,-0.75,0.711683));
#151=VERTEX_POINT('',#150);
#152=CARTESIAN_POINT('',(0.798005,-0.75,0.711683));
#153=VERTEX_POINT('',#152);
#154=CARTESIAN_POINT('',(0.760869,-0.75,0.724722));
#155=VERTEX_POINT('',#154);
#156=CARTESIAN_POINT('',(0.753798,-0.75,0.732563));
#157=VERTEX_POINT('',#156);
#158=CARTESIAN_POINT('',(0.74915,-0.75,0.741163));
#159=VERTEX_POINT('',#158);
#160=CARTESIAN_POINT('',(0.750731,-0.75,0.784275));
#161=VERTEX_POINT('',#160);
#162=CARTESIAN_POINT('',(0.756466,-0.75,0.79322));
#163=VERTEX_POINT('',#162);
#164=CARTESIAN_POINT('',(0.764697,-0.75,0.801101));
#165=VERTEX_POINT('',#164);
#166=CARTESIAN_POINT('',(0.775138,-0.75,0.807169));
#167=VERTEX_POINT('',#166);
#168=CARTESIAN_POINT('',(0.783558,-0.75,0.713228));
#169=VERTEX_POINT('',#168);
#170=CARTESIAN_POINT('',(0.771858,-0.75,0.717336));
#171=VERTEX_POINT('',#170);
#172=CARTESIAN_POINT('',(0.760974,-0.75,0.72463));
#173=VERTEX_POINT('',#172);
#174=CARTESIAN_POINT('',(0.786661,-0.75,0.810603));
#175=VERTEX_POINT('',#174);
#176=CARTESIAN_POINT('',(0.799034,-0.75,0.811683));
#177=VERTEX_POINT('',#176);
#178=CARTESIAN_POINT('',(0.826226,-0.75,0.811683));
#179=VERTEX_POINT('',#178);
#180=CARTESIAN_POINT('',(0.746464,-0.75,0.751016));
#181=VERTEX_POINT('',#180);
#182=CARTESIAN_POINT('',(0.745738,-0.75,0.760426));
#183=VERTEX_POINT('',#182);
#184=CARTESIAN_POINT('',(0.747141,-0.75,0.773808));
#185=VERTEX_POINT('',#184);
#186=CARTESIAN_POINT('',(0.687201,-0.749,0.711683));
#187=VERTEX_POINT('',#186);
#188=CARTESIAN_POINT('',(0.648177,-0.749,0.811683));
#189=VERTEX_POINT('',#188);
#190=CARTESIAN_POINT('',(0.662811,-0.749,0.811683));
#191=VERTEX_POINT('',#190);
#192=CARTESIAN_POINT('',(0.672929,-0.749,0.783634));
#193=VERTEX_POINT('',#192);
#194=CARTESIAN_POINT('',(0.71424,-0.749,0.783634));
#195=VERTEX_POINT('',#194);
#196=CARTESIAN_POINT('',(0.723786,-0.749,0.811683));
#197=VERTEX_POINT('',#196);
#198=CARTESIAN_POINT('',(0.738421,-0.749,0.811683));
#199=VERTEX_POINT('',#198);
#200=CARTESIAN_POINT('',(0.700616,-0.749,0.711683));
#201=VERTEX_POINT('',#200);
#202=CARTESIAN_POINT('',(0.710867,-0.749,0.772659));
#203=VERTEX_POINT('',#202);
#204=CARTESIAN_POINT('',(0.695947,-0.749,0.730891));
#205=VERTEX_POINT('',#204);
#206=CARTESIAN_POINT('',(0.694985,-0.749,0.727422));
#207=VERTEX_POINT('',#206);
#208=CARTESIAN_POINT('',(0.694347,-0.749,0.723878));
#209=VERTEX_POINT('',#208);
#210=CARTESIAN_POINT('',(0.694023,-0.749,0.723878));
#211=VERTEX_POINT('',#210);
#212=CARTESIAN_POINT('',(0.69337,-0.749,0.727412));
#213=VERTEX_POINT('',#212);
#214=CARTESIAN_POINT('',(0.692479,-0.749,0.730891));
#215=VERTEX_POINT('',#214);
#216=CARTESIAN_POINT('',(0.677426,-0.749,0.772659));
#217=VERTEX_POINT('',#216);
#218=CARTESIAN_POINT('',(0.710867,-0.75,0.772659));
#219=VERTEX_POINT('',#218);
#220=CARTESIAN_POINT('',(0.677426,-0.75,0.772659));
#221=VERTEX_POINT('',#220);
#222=CARTESIAN_POINT('',(0.695947,-0.75,0.730891));
#223=VERTEX_POINT('',#222);
#224=CARTESIAN_POINT('',(0.694985,-0.75,0.727422));
#225=VERTEX_POINT('',#224);
#226=CARTESIAN_POINT('',(0.694347,-0.75,0.723878));
#227=VERTEX_POINT('',#226);
#228=CARTESIAN_POINT('',(0.694023,-0.75,0.723878));
#229=VERTEX_POINT('',#228);
#230=CARTESIAN_POINT('',(0.69337,-0.75,0.727412));
#231=VERTEX_POINT('',#230);
#232=CARTESIAN_POINT('',(0.692479,-0.75,0.730891));
#233=VERTEX_POINT('',#232);
#234=CARTESIAN_POINT('',(0.799034,-0.749,0.811683));
#235=VERTEX_POINT('',#234);
#236=CARTESIAN_POINT('',(0.826226,-0.749,0.811683));
#237=VERTEX_POINT('',#236);
#238=CARTESIAN_POINT('',(0.826226,-0.749,0.711683));
#239=VERTEX_POINT('',#238);
#240=CARTESIAN_POINT('',(0.798005,-0.749,0.711683));
#241=VERTEX_POINT('',#240);
#242=CARTESIAN_POINT('',(0.745738,-0.749,0.760426));
#243=VERTEX_POINT('',#242);
#244=CARTESIAN_POINT('',(0.746464,-0.749,0.751016));
#245=VERTEX_POINT('',#244);
#246=CARTESIAN_POINT('',(0.74915,-0.749,0.741163));
#247=VERTEX_POINT('',#246);
#248=CARTESIAN_POINT('',(0.753798,-0.749,0.732563));
#249=VERTEX_POINT('',#248);
#250=CARTESIAN_POINT('',(0.760869,-0.749,0.724722));
#251=VERTEX_POINT('',#250);
#252=CARTESIAN_POINT('',(0.760974,-0.749,0.72463));
#253=VERTEX_POINT('',#252);
#254=CARTESIAN_POINT('',(0.771858,-0.749,0.717336));
#255=VERTEX_POINT('',#254);
#256=CARTESIAN_POINT('',(0.783558,-0.749,0.713228));
#257=VERTEX_POINT('',#256);
#258=CARTESIAN_POINT('',(0.786661,-0.749,0.810603));
#259=VERTEX_POINT('',#258);
#260=CARTESIAN_POINT('',(0.775138,-0.749,0.807169));
#261=VERTEX_POINT('',#260);
#262=CARTESIAN_POINT('',(0.764697,-0.749,0.801101));
#263=VERTEX_POINT('',#262);
#264=CARTESIAN_POINT('',(0.756466,-0.749,0.79322));
#265=VERTEX_POINT('',#264);
#266=CARTESIAN_POINT('',(0.750731,-0.749,0.784275));
#267=VERTEX_POINT('',#266);
#268=CARTESIAN_POINT('',(0.747141,-0.749,0.773808));
#269=VERTEX_POINT('',#268);
#270=CARTESIAN_POINT('',(0.76581,-0.749,0.736682));
#271=VERTEX_POINT('',#270);
#272=CARTESIAN_POINT('',(0.770668,-0.749,0.731524));
#273=VERTEX_POINT('',#272);
#274=CARTESIAN_POINT('',(0.777972,-0.749,0.726806));
#275=VERTEX_POINT('',#274);
#276=CARTESIAN_POINT('',(0.786226,-0.749,0.723917));
#277=VERTEX_POINT('',#276);
#278=CARTESIAN_POINT('',(0.798062,-0.749,0.722659));
#279=VERTEX_POINT('',#278);
#280=CARTESIAN_POINT('',(0.812811,-0.749,0.722659));
#281=VERTEX_POINT('',#280);
#282=CARTESIAN_POINT('',(0.812811,-0.749,0.800708));
#283=VERTEX_POINT('',#282);
#284=CARTESIAN_POINT('',(0.798615,-0.749,0.800708));
#285=VERTEX_POINT('',#284);
#286=CARTESIAN_POINT('',(0.788065,-0.749,0.799726));
#287=VERTEX_POINT('',#286);
#288=CARTESIAN_POINT('',(0.77965,-0.749,0.797099));
#289=VERTEX_POINT('',#288);
#290=CARTESIAN_POINT('',(0.77283,-0.749,0.793049));
#291=VERTEX_POINT('',#290);
#292=CARTESIAN_POINT('',(0.767221,-0.749,0.787509));
#293=VERTEX_POINT('',#292);
#294=CARTESIAN_POINT('',(0.763003,-0.749,0.780615));
#295=VERTEX_POINT('',#294);
#296=CARTESIAN_POINT('',(0.76007,-0.749,0.771215));
#297=VERTEX_POINT('',#296);
#298=CARTESIAN_POINT('',(0.759152,-0.749,0.760711));
#299=VERTEX_POINT('',#298);
#300=CARTESIAN_POINT('',(0.760002,-0.749,0.750759));
#301=VERTEX_POINT('',#300);
#302=CARTESIAN_POINT('',(0.762336,-0.749,0.74285));
#303=VERTEX_POINT('',#302);
#304=CARTESIAN_POINT('',(0.798062,-0.75,0.722659));
#305=VERTEX_POINT('',#304);
#306=CARTESIAN_POINT('',(0.812811,-0.75,0.722659));
#307=VERTEX_POINT('',#306);
#308=CARTESIAN_POINT('',(0.786226,-0.75,0.723917));
#309=VERTEX_POINT('',#308);
#310=CARTESIAN_POINT('',(0.777972,-0.75,0.726806));
#311=VERTEX_POINT('',#310);
#312=CARTESIAN_POINT('',(0.770668,-0.75,0.731524));
#313=VERTEX_POINT('',#312);
#314=CARTESIAN_POINT('',(0.76581,-0.75,0.736682));
#315=VERTEX_POINT('',#314);
#316=CARTESIAN_POINT('',(0.762336,-0.75,0.74285));
#317=VERTEX_POINT('',#316);
#318=CARTESIAN_POINT('',(0.760002,-0.75,0.750759));
#319=VERTEX_POINT('',#318);
#320=CARTESIAN_POINT('',(0.759152,-0.75,0.760711));
#321=VERTEX_POINT('',#320);
#322=CARTESIAN_POINT('',(0.76007,-0.75,0.771215));
#323=VERTEX_POINT('',#322);
#324=CARTESIAN_POINT('',(0.763003,-0.75,0.780615));
#325=VERTEX_POINT('',#324);
#326=CARTESIAN_POINT('',(0.767221,-0.75,0.787509));
#327=VERTEX_POINT('',#326);
#328=CARTESIAN_POINT('',(0.77283,-0.75,0.793049));
#329=VERTEX_POINT('',#328);
#330=CARTESIAN_POINT('',(0.77965,-0.75,0.797099));
#331=VERTEX_POINT('',#330);
#332=CARTESIAN_POINT('',(0.788065,-0.75,0.799726));
#333=VERTEX_POINT('',#332);
#334=CARTESIAN_POINT('',(0.798615,-0.75,0.800708));
#335=VERTEX_POINT('',#334);
#336=CARTESIAN_POINT('',(0.812811,-0.75,0.800708));
#337=VERTEX_POINT('',#336);
#338=CARTESIAN_POINT('',(0.845738,-0.749,0.800708));
#339=VERTEX_POINT('',#338);
#340=CARTESIAN_POINT('',(0.845738,-0.749,0.811683));
#341=VERTEX_POINT('',#340);
#342=CARTESIAN_POINT('',(0.899396,-0.749,0.811683));
#343=VERTEX_POINT('',#342);
#344=CARTESIAN_POINT('',(0.899396,-0.749,0.711683));
#345=VERTEX_POINT('',#344);
#346=CARTESIAN_POINT('',(0.848177,-0.749,0.711683));
#347=VERTEX_POINT('',#346);
#348=CARTESIAN_POINT('',(0.848177,-0.749,0.722659));
#349=VERTEX_POINT('',#348);
#350=CARTESIAN_POINT('',(0.885982,-0.749,0.722659));
#351=VERTEX_POINT('',#350);
#352=CARTESIAN_POINT('',(0.885982,-0.749,0.755586));
#353=VERTEX_POINT('',#352);
#354=CARTESIAN_POINT('',(0.850616,-0.749,0.755586));
#355=VERTEX_POINT('',#354);
#356=CARTESIAN_POINT('',(0.850616,-0.749,0.766561));
#357=VERTEX_POINT('',#356);
#358=CARTESIAN_POINT('',(0.885982,-0.749,0.766561));
#359=VERTEX_POINT('',#358);
#360=CARTESIAN_POINT('',(0.885982,-0.749,0.800708));
#361=VERTEX_POINT('',#360);
#362=CARTESIAN_POINT('',(0.918908,-0.749,0.795525));
#363=VERTEX_POINT('',#362);
#364=CARTESIAN_POINT('',(0.918908,-0.749,0.8065));
#365=VERTEX_POINT('',#364);
#366=CARTESIAN_POINT('',(0.929568,-0.749,0.810877));
#367=VERTEX_POINT('',#366);
#368=CARTESIAN_POINT('',(0.946424,-0.749,0.812903));
#369=VERTEX_POINT('',#368);
#370=CARTESIAN_POINT('',(0.943689,-0.749,0.812856));
#371=VERTEX_POINT('',#370);
#372=CARTESIAN_POINT('',(0.958747,-0.749,0.811625));
#373=VERTEX_POINT('',#372);
#374=CARTESIAN_POINT('',(0.96844,-0.749,0.808289));
#375=VERTEX_POINT('',#374);
#376=CARTESIAN_POINT('',(0.976484,-0.749,0.803152));
#377=VERTEX_POINT('',#376);
#378=CARTESIAN_POINT('',(0.983995,-0.749,0.795244));
#379=VERTEX_POINT('',#378);
#380=CARTESIAN_POINT('',(0.989322,-0.749,0.785736));
#381=VERTEX_POINT('',#380);
#382=CARTESIAN_POINT('',(0.992332,-0.749,0.775151));
#383=VERTEX_POINT('',#382);
#384=CARTESIAN_POINT('',(0.993299,-0.749,0.76357));
#385=VERTEX_POINT('',#384);
#386=CARTESIAN_POINT('',(0.942441,-0.749,0.710464));
#387=VERTEX_POINT('',#386);
#388=CARTESIAN_POINT('',(0.952485,-0.749,0.711284));
#389=VERTEX_POINT('',#388);
#390=CARTESIAN_POINT('',(0.963633,-0.749,0.714522));
#391=VERTEX_POINT('',#390);
#392=CARTESIAN_POINT('',(0.973132,-0.749,0.71999));
#393=VERTEX_POINT('',#392);
#394=CARTESIAN_POINT('',(0.98216,-0.749,0.728672));
#395=VERTEX_POINT('',#394);
#396=CARTESIAN_POINT('',(0.988021,-0.749,0.738022));
#397=VERTEX_POINT('',#396);
#398=CARTESIAN_POINT('',(0.99186,-0.749,0.749353));
#399=VERTEX_POINT('',#398);
#400=CARTESIAN_POINT('',(0.918908,-0.749,0.714427));
#401=VERTEX_POINT('',#400);
#402=CARTESIAN_POINT('',(0.93047,-0.749,0.71129));
#403=VERTEX_POINT('',#402);
#404=CARTESIAN_POINT('',(0.918908,-0.749,0.727842));
#405=VERTEX_POINT('',#404);
#406=CARTESIAN_POINT('',(0.942327,-0.749,0.721439));
#407=VERTEX_POINT('',#406);
#408=CARTESIAN_POINT('',(0.930172,-0.749,0.723018));
#409=VERTEX_POINT('',#408);
#410=CARTESIAN_POINT('',(0.979884,-0.749,0.76275));
#411=VERTEX_POINT('',#410);
#412=CARTESIAN_POINT('',(0.979407,-0.749,0.75497));
#413=VERTEX_POINT('',#412);
#414=CARTESIAN_POINT('',(0.976741,-0.749,0.744264));
#415=VERTEX_POINT('',#414);
#416=CARTESIAN_POINT('',(0.972619,-0.749,0.736543));
#417=VERTEX_POINT('',#416);
#418=CARTESIAN_POINT('',(0.96658,-0.749,0.729877));
#419=VERTEX_POINT('',#418);
#420=CARTESIAN_POINT('',(0.959659,-0.749,0.725246));
#421=VERTEX_POINT('',#420);
#422=CARTESIAN_POINT('',(0.952174,-0.749,0.722545));
#423=VERTEX_POINT('',#422);
#424=CARTESIAN_POINT('',(0.944575,-0.749,0.801927));
#425=VERTEX_POINT('',#424);
#426=CARTESIAN_POINT('',(0.953903,-0.749,0.800881));
#427=VERTEX_POINT('',#426);
#428=CARTESIAN_POINT('',(0.961189,-0.749,0.798198));
#429=VERTEX_POINT('',#428);
#430=CARTESIAN_POINT('',(0.967326,-0.749,0.794062));
#431=VERTEX_POINT('',#430);
#432=CARTESIAN_POINT('',(0.972019,-0.749,0.789111));
#433=VERTEX_POINT('',#432);
#434=CARTESIAN_POINT('',(0.976155,-0.749,0.782177));
#435=VERTEX_POINT('',#434);
#436=CARTESIAN_POINT('',(0.978871,-0.749,0.773576));
#437=VERTEX_POINT('',#436);
#438=CARTESIAN_POINT('',(0.920701,-0.749,0.796517));
#439=VERTEX_POINT('',#438);
#440=CARTESIAN_POINT('',(0.931301,-0.749,0.800454));
#441=VERTEX_POINT('',#440);
#442=CARTESIAN_POINT('',(1.001835,-0.749,0.800708));
#443=VERTEX_POINT('',#442);
#444=CARTESIAN_POINT('',(1.001835,-0.749,0.811683));
#445=VERTEX_POINT('',#444);
#446=CARTESIAN_POINT('',(1.053055,-0.749,0.811683));
#447=VERTEX_POINT('',#446);
#448=CARTESIAN_POINT('',(1.053055,-0.749,0.711683));
#449=VERTEX_POINT('',#448);
#450=CARTESIAN_POINT('',(1.03964,-0.749,0.711683));
#451=VERTEX_POINT('',#450);
#452=CARTESIAN_POINT('',(1.03964,-0.749,0.800708));
#453=VERTEX_POINT('',#452);
#454=DIRECTION('',(-0.3635393306907549,0.0,0.9315788506835684));
#455=VECTOR('',#454,1000.0);
#456=LINE('',#186,#455);
#457=EDGE_CURVE('',#187,#189,#456,.T.);
#458=DIRECTION('',(0.3635235570341437,-0.009315384302842981,-0.9315384302842981));
#459=VECTOR('',#458,1000.0);
#460=LINE('',#188,#459);
#461=EDGE_CURVE('',#189,#141,#460,.T.);
#462=DIRECTION('',(0.0,1.0,0.0));
#463=VECTOR('',#462,1000.0);
#464=LINE('',#140,#463);
#465=EDGE_CURVE('',#141,#187,#464,.T.);
#466=ORIENTED_EDGE('',*,*,#457,.T.);
#467=ORIENTED_EDGE('',*,*,#461,.T.);
#468=ORIENTED_EDGE('',*,*,#465,.T.);
#469=DIRECTION('',(0.9315788506835683,0.0,0.3635393306907549));
#470=AXIS2_PLACEMENT_3D('',#186,#469,#454);
#471=PLANE('',#470);
#472=EDGE_LOOP('',(#466,#467,#468));
#473=FACE_BOUND('',#472,.T.);
#474=ADVANCED_FACE('',(#473),#471,.T.);
#475=DIRECTION('',(0.0,-1.0,0.0));
#476=VECTOR('',#475,1000.0);
#477=LINE('',#188,#476);
#478=EDGE_CURVE('',#189,#143,#477,.T.);
#479=DIRECTION('',(0.3635393306907549,0.0,-0.9315788506835684));
#480=VECTOR('',#479,1000.0);
#481=LINE('',#142,#480);
#482=EDGE_CURVE('',#143,#141,#481,.T.);
#483=ORIENTED_EDGE('',*,*,#461,.F.);
#484=ORIENTED_EDGE('',*,*,#478,.T.);
#485=ORIENTED_EDGE('',*,*,#482,.T.);
#486=DIRECTION('',(-0.3635235570341437,0.009315384302842981,0.9315384302842981));
#487=AXIS2_PLACEMENT_3D('',#140,#469,#486);
#488=PLANE('',#487);
#489=EDGE_LOOP('',(#483,#484,#485));
#490=FACE_BOUND('',#489,.T.);
#491=ADVANCED_FACE('',(#490),#488,.T.);
#492=VECTOR('',#12,1000.0);
#493=LINE('',#188,#492);
#494=EDGE_CURVE('',#189,#191,#493,.T.);
#495=DIRECTION('',(-0.9976733761130233,-0.06817502911801433,0.0));
#496=VECTOR('',#495,1000.0);
#497=LINE('',#190,#496);
#498=EDGE_CURVE('',#191,#143,#497,.T.);
#499=ORIENTED_EDGE('',*,*,#494,.T.);
#500=ORIENTED_EDGE('',*,*,#498,.T.);
#501=ORIENTED_EDGE('',*,*,#478,.F.);
#502=DIRECTION('',(0.0,-0.0,-1.0));
#503=AXIS2_PLACEMENT_3D('',#188,#502,#12);
#504=PLANE('',#503);
#505=EDGE_LOOP('',(#499,#500,#501));
#506=FACE_BOUND('',#505,.T.);
#507=ADVANCED_FACE('',(#506),#504,.T.);
#508=LINE('',#190,#476);
#509=EDGE_CURVE('',#191,#145,#508,.T.);
#510=DIRECTION('',(-1.0,0.0,0.0));
#511=VECTOR('',#510,1000.0);
#512=LINE('',#144,#511);
#513=EDGE_CURVE('',#145,#143,#512,.T.);
#514=ORIENTED_EDGE('',*,*,#498,.F.);
#515=ORIENTED_EDGE('',*,*,#509,.T.);
#516=ORIENTED_EDGE('',*,*,#513,.T.);
#517=DIRECTION('',(0.0,0.0,-1.0));
#518=DIRECTION('',(0.9976733761130233,0.06817502911801433,0.0));
#519=AXIS2_PLACEMENT_3D('',#142,#517,#518);
#520=PLANE('',#519);
#521=EDGE_LOOP('',(#514,#515,#516));
#522=FACE_BOUND('',#521,.T.);
#523=ADVANCED_FACE('',(#522),#520,.T.);
#524=DIRECTION('',(0.3393238656849411,0.0,-0.9406696094679726));
#525=VECTOR('',#524,1000.0);
#526=LINE('',#190,#525);
#527=EDGE_CURVE('',#191,#193,#526,.T.);
#528=DIRECTION('',(-0.3391332065052037,-0.033517810486776566,0.9401410663435948));
#529=VECTOR('',#528,1000.0);
#530=LINE('',#192,#529);
#531=EDGE_CURVE('',#193,#145,#530,.T.);
#532=ORIENTED_EDGE('',*,*,#527,.T.);
#533=ORIENTED_EDGE('',*,*,#531,.T.);
#534=ORIENTED_EDGE('',*,*,#509,.F.);
#535=DIRECTION('',(-0.9406696094679726,0.0,-0.3393238656849411));
#536=AXIS2_PLACEMENT_3D('',#190,#535,#524);
#537=PLANE('',#536);
#538=EDGE_LOOP('',(#532,#533,#534));
#539=FACE_BOUND('',#538,.T.);
#540=ADVANCED_FACE('',(#539),#537,.T.);
#541=LINE('',#192,#476);
#542=EDGE_CURVE('',#193,#147,#541,.T.);
#543=DIRECTION('',(-0.3393238656849411,0.0,0.9406696094679726));
#544=VECTOR('',#543,1000.0);
#545=LINE('',#146,#544);
#546=EDGE_CURVE('',#147,#145,#545,.T.);
#547=ORIENTED_EDGE('',*,*,#531,.F.);
#548=ORIENTED_EDGE('',*,*,#542,.T.);
#549=ORIENTED_EDGE('',*,*,#546,.T.);
#550=DIRECTION('',(-0.9406696094679726,-0.0,-0.3393238656849411));
#551=DIRECTION('',(0.3391332065052037,0.033517810486776566,-0.9401410663435948));
#552=AXIS2_PLACEMENT_3D('',#144,#550,#551);
#553=PLANE('',#552);
#554=EDGE_LOOP('',(#547,#548,#549));
#555=FACE_BOUND('',#554,.T.);
#556=ADVANCED_FACE('',(#555),#553,.T.);
#557=LINE('',#192,#492);
#558=EDGE_CURVE('',#193,#195,#557,.T.);
#559=DIRECTION('',(-0.9997071482793339,-0.024199538822089396,0.0));
#560=VECTOR('',#559,1000.0);
#561=LINE('',#194,#560);
#562=EDGE_CURVE('',#195,#147,#561,.T.);
#563=ORIENTED_EDGE('',*,*,#558,.T.);
#564=ORIENTED_EDGE('',*,*,#562,.T.);
#565=ORIENTED_EDGE('',*,*,#542,.F.);
#566=AXIS2_PLACEMENT_3D('',#192,#502,#12);
#567=PLANE('',#566);
#568=EDGE_LOOP('',(#563,#564,#565));
#569=FACE_BOUND('',#568,.T.);
#570=ADVANCED_FACE('',(#569),#567,.T.);
#571=LINE('',#194,#476);
#572=EDGE_CURVE('',#195,#149,#571,.T.);
#573=LINE('',#148,#511);
#574=EDGE_CURVE('',#149,#147,#573,.T.);
#575=ORIENTED_EDGE('',*,*,#562,.F.);
#576=ORIENTED_EDGE('',*,*,#572,.T.);
#577=ORIENTED_EDGE('',*,*,#574,.T.);
#578=DIRECTION('',(0.0,0.0,-1.0));
#579=DIRECTION('',(0.9997071482793339,0.024199538822089396,0.0));
#580=AXIS2_PLACEMENT_3D('',#146,#578,#579);
#581=PLANE('',#580);
#582=EDGE_LOOP('',(#575,#576,#577));
#583=FACE_BOUND('',#582,.T.);
#584=ADVANCED_FACE('',(#583),#581,.T.);
#585=DIRECTION('',(0.3221852866849704,0.0,0.9466766296068175));
#586=VECTOR('',#585,1000.0);
#587=LINE('',#194,#586);
#588=EDGE_CURVE('',#195,#197,#587,.T.);
#589=DIRECTION('',(-0.3220019398514082,-0.03373160903534534,-0.9461379018324003));
#590=VECTOR('',#589,1000.0);
#591=LINE('',#196,#590);
#592=EDGE_CURVE('',#197,#149,#591,.T.);
#593=ORIENTED_EDGE('',*,*,#588,.T.);
#594=ORIENTED_EDGE('',*,*,#592,.T.);
#595=ORIENTED_EDGE('',*,*,#572,.F.);
#596=DIRECTION('',(0.9466766296068175,0.0,-0.3221852866849704));
#597=AXIS2_PLACEMENT_3D('',#194,#596,#585);
#598=PLANE('',#597);
#599=EDGE_LOOP('',(#593,#594,#595));
#600=FACE_BOUND('',#599,.T.);
#601=ADVANCED_FACE('',(#600),#598,.T.);
#602=LINE('',#196,#476);
#603=EDGE_CURVE('',#197,#135,#602,.T.);
#604=DIRECTION('',(-0.3221852866849704,0.0,-0.9466766296068175));
#605=VECTOR('',#604,1000.0);
#606=LINE('',#134,#605);
#607=EDGE_CURVE('',#135,#149,#606,.T.);
#608=ORIENTED_EDGE('',*,*,#592,.F.);
#609=ORIENTED_EDGE('',*,*,#603,.T.);
#610=ORIENTED_EDGE('',*,*,#607,.T.);
#611=DIRECTION('',(0.3220019398514082,0.03373160903534534,0.9461379018324003));
#612=AXIS2_PLACEMENT_3D('',#148,#596,#611);
#613=PLANE('',#612);
#614=EDGE_LOOP('',(#608,#609,#610));
#615=FACE_BOUND('',#614,.T.);
#616=ADVANCED_FACE('',(#615),#613,.T.);
#617=LINE('',#196,#492);
#618=EDGE_CURVE('',#197,#199,#617,.T.);
#619=LINE('',#198,#496);
#620=EDGE_CURVE('',#199,#135,#619,.T.);
#621=ORIENTED_EDGE('',*,*,#618,.T.);
#622=ORIENTED_EDGE('',*,*,#620,.T.);
#623=ORIENTED_EDGE('',*,*,#603,.F.);
#624=AXIS2_PLACEMENT_3D('',#196,#502,#12);
#625=PLANE('',#624);
#626=EDGE_LOOP('',(#621,#622,#623));
#627=FACE_BOUND('',#626,.T.);
#628=ADVANCED_FACE('',(#627),#625,.T.);
#629=LINE('',#198,#476);
#630=EDGE_CURVE('',#199,#137,#629,.T.);
#631=LINE('',#136,#511);
#632=EDGE_CURVE('',#137,#135,#631,.T.);
#633=ORIENTED_EDGE('',*,*,#620,.F.);
#634=ORIENTED_EDGE('',*,*,#630,.T.);
#635=ORIENTED_EDGE('',*,*,#632,.T.);
#636=DIRECTION('',(0.0,0.0,-1.0));
#637=AXIS2_PLACEMENT_3D('',#134,#636,#518);
#638=PLANE('',#637);
#639=EDGE_LOOP('',(#633,#634,#635));
#640=FACE_BOUND('',#639,.T.);
#641=ADVANCED_FACE('',(#640),#638,.T.);
#642=DIRECTION('',(-0.35362339040052876,0.0,-0.9353878862598314));
#643=VECTOR('',#642,1000.0);
#644=LINE('',#198,#643);
#645=EDGE_CURVE('',#199,#201,#644,.T.);
#646=DIRECTION('',(0.3536079212675532,-0.00935346968040084,0.9353469680400839));
#647=VECTOR('',#646,1000.0);
#648=LINE('',#200,#647);
#649=EDGE_CURVE('',#201,#137,#648,.T.);
#650=ORIENTED_EDGE('',*,*,#645,.T.);
#651=ORIENTED_EDGE('',*,*,#649,.T.);
#652=ORIENTED_EDGE('',*,*,#630,.F.);
#653=DIRECTION('',(-0.9353878862598314,0.0,0.3536233904005287));
#654=AXIS2_PLACEMENT_3D('',#198,#653,#642);
#655=PLANE('',#654);
#656=EDGE_LOOP('',(#650,#651,#652));
#657=FACE_BOUND('',#656,.T.);
#658=ADVANCED_FACE('',(#657),#655,.T.);
#659=LINE('',#200,#476);
#660=EDGE_CURVE('',#201,#139,#659,.T.);
#661=DIRECTION('',(0.35362339040052876,0.0,0.9353878862598314));
#662=VECTOR('',#661,1000.0);
#663=LINE('',#138,#662);
#664=EDGE_CURVE('',#139,#137,#663,.T.);
#665=ORIENTED_EDGE('',*,*,#649,.F.);
#666=ORIENTED_EDGE('',*,*,#660,.T.);
#667=ORIENTED_EDGE('',*,*,#664,.T.);
#668=DIRECTION('',(-0.3536079212675532,0.00935346968040084,-0.9353469680400839));
#669=AXIS2_PLACEMENT_3D('',#136,#653,#668);
#670=PLANE('',#669);
#671=EDGE_LOOP('',(#665,#666,#667));
#672=FACE_BOUND('',#671,.T.);
#673=ADVANCED_FACE('',(#672),#670,.T.);
#674=LINE('',#200,#511);
#675=EDGE_CURVE('',#201,#187,#674,.T.);
#676=DIRECTION('',(0.9972331647277994,-0.0743371721750127,0.0));
#677=VECTOR('',#676,1000.0);
#678=LINE('',#186,#677);
#679=EDGE_CURVE('',#187,#139,#678,.T.);
#680=ORIENTED_EDGE('',*,*,#675,.T.);
#681=ORIENTED_EDGE('',*,*,#679,.T.);
#682=ORIENTED_EDGE('',*,*,#660,.F.);
#683=AXIS2_PLACEMENT_3D('',#200,#11,#510);
#684=PLANE('',#683);
#685=EDGE_LOOP('',(#680,#681,#682));
#686=FACE_BOUND('',#685,.T.);
#687=ADVANCED_FACE('',(#686),#684,.T.);
#688=LINE('',#140,#492);
#689=EDGE_CURVE('',#141,#139,#688,.T.);
#690=ORIENTED_EDGE('',*,*,#679,.F.);
#691=ORIENTED_EDGE('',*,*,#465,.F.);
#692=ORIENTED_EDGE('',*,*,#689,.T.);
#693=DIRECTION('',(-0.9972331647277994,0.0743371721750127,0.0));
#694=AXIS2_PLACEMENT_3D('',#138,#11,#693);
#695=PLANE('',#694);
#696=EDGE_LOOP('',(#690,#691,#692));
#697=FACE_BOUND('',#696,.T.);
#698=ADVANCED_FACE('',(#697),#695,.T.);
#699=DIRECTION('',(-0.33639352773911674,0.0,-0.9417215058047852));
#700=VECTOR('',#699,1000.0);
#701=LINE('',#202,#700);
#702=EDGE_CURVE('',#203,#205,#701,.T.);
#703=DIRECTION('',(0.23619796143115784,0.0,-0.9717049567722525));
#704=VECTOR('',#703,1000.0);
#705=LINE('',#204,#704);
#706=EDGE_CURVE('',#205,#201,#705,.T.);
#707=DIRECTION('',(0.16578882282817842,0.0,0.9861612779993173));
#708=VECTOR('',#707,1000.0);
#709=LINE('',#200,#708);
#710=EDGE_CURVE('',#201,#203,#709,.T.);
#711=ORIENTED_EDGE('',*,*,#702,.T.);
#712=ORIENTED_EDGE('',*,*,#706,.T.);
#713=ORIENTED_EDGE('',*,*,#710,.T.);
#714=DIRECTION('',(0.0,-1.0,-0.0));
#715=AXIS2_PLACEMENT_3D('',#202,#714,#699);
#716=PLANE('',#715);
#717=EDGE_LOOP('',(#711,#712,#713));
#718=FACE_BOUND('',#717,.T.);
#719=ADVANCED_FACE('',(#718),#716,.T.);
#720=DIRECTION('',(0.6529524418146838,0.0,0.757398909906954));
#721=VECTOR('',#720,1000.0);
#722=LINE('',#194,#721);
#723=EDGE_CURVE('',#195,#199,#722,.T.);
#724=ORIENTED_EDGE('',*,*,#618,.F.);
#725=ORIENTED_EDGE('',*,*,#588,.F.);
#726=ORIENTED_EDGE('',*,*,#723,.T.);
#727=DIRECTION('',(-0.0,-1.0,0.0));
#728=AXIS2_PLACEMENT_3D('',#198,#727,#510);
#729=PLANE('',#728);
#730=EDGE_LOOP('',(#724,#725,#726));
#731=FACE_BOUND('',#730,.T.);
#732=ADVANCED_FACE('',(#731),#729,.T.);
#733=DIRECTION('',(-0.2672283565855474,0.0,-0.9636332318037747));
#734=VECTOR('',#733,1000.0);
#735=LINE('',#204,#734);
#736=EDGE_CURVE('',#205,#207,#735,.T.);
#737=DIRECTION('',(0.3368631112976063,0.0,-0.9415536332290882));
#738=VECTOR('',#737,1000.0);
#739=LINE('',#206,#738);
#740=EDGE_CURVE('',#207,#201,#739,.T.);
#741=ORIENTED_EDGE('',*,*,#736,.T.);
#742=ORIENTED_EDGE('',*,*,#740,.T.);
#743=ORIENTED_EDGE('',*,*,#706,.F.);
#744=DIRECTION('',(0.0,-1.0,-0.0));
#745=AXIS2_PLACEMENT_3D('',#204,#744,#733);
#746=PLANE('',#745);
#747=EDGE_LOOP('',(#741,#742,#743));
#748=FACE_BOUND('',#747,.T.);
#749=ADVANCED_FACE('',(#748),#746,.T.);
#750=DIRECTION('',(-0.17717451729693184,0.0,-0.9841794503141179));
#751=VECTOR('',#750,1000.0);
#752=LINE('',#206,#751);
#753=EDGE_CURVE('',#207,#209,#752,.T.);
#754=DIRECTION('',(0.4571914602206857,0.0,-0.8893682975580348));
#755=VECTOR('',#754,1000.0);
#756=LINE('',#208,#755);
#757=EDGE_CURVE('',#209,#201,#756,.T.);
#758=ORIENTED_EDGE('',*,*,#740,.F.);
#759=ORIENTED_EDGE('',*,*,#753,.T.);
#760=ORIENTED_EDGE('',*,*,#757,.T.);
#761=DIRECTION('',(-0.3368631112976063,0.0,0.9415536332290882));
#762=AXIS2_PLACEMENT_3D('',#200,#727,#761);
#763=PLANE('',#762);
#764=EDGE_LOOP('',(#758,#759,#760));
#765=FACE_BOUND('',#764,.T.);
#766=ADVANCED_FACE('',(#765),#763,.T.);
#767=DIRECTION('',(-0.5055724220775223,0.0,-0.8627841711776286));
#768=VECTOR('',#767,1000.0);
#769=LINE('',#208,#768);
#770=EDGE_CURVE('',#209,#187,#769,.T.);
#771=ORIENTED_EDGE('',*,*,#757,.F.);
#772=ORIENTED_EDGE('',*,*,#770,.T.);
#773=ORIENTED_EDGE('',*,*,#675,.F.);
#774=DIRECTION('',(-0.4571914602206857,0.0,0.8893682975580348));
#775=AXIS2_PLACEMENT_3D('',#200,#727,#774);
#776=PLANE('',#775);
#777=EDGE_LOOP('',(#771,#772,#773));
#778=FACE_BOUND('',#777,.T.);
#779=ADVANCED_FACE('',(#778),#776,.T.);
#780=LINE('',#208,#511);
#781=EDGE_CURVE('',#209,#211,#780,.T.);
#782=DIRECTION('',(-0.48821106746923115,0.0,-0.8727255889456628));
#783=VECTOR('',#782,1000.0);
#784=LINE('',#210,#783);
#785=EDGE_CURVE('',#211,#187,#784,.T.);
#786=ORIENTED_EDGE('',*,*,#770,.F.);
#787=ORIENTED_EDGE('',*,*,#781,.T.);
#788=ORIENTED_EDGE('',*,*,#785,.T.);
#789=DIRECTION('',(0.5055724220775223,0.0,0.8627841711776286));
#790=AXIS2_PLACEMENT_3D('',#186,#475,#789);
#791=PLANE('',#790);
#792=EDGE_LOOP('',(#786,#787,#788));
#793=FACE_BOUND('',#792,.T.);
#794=ADVANCED_FACE('',(#793),#791,.T.);
#795=DIRECTION('',(-0.1817006481774881,0.0,0.983353890749348));
#796=VECTOR('',#795,1000.0);
#797=LINE('',#210,#796);
#798=EDGE_CURVE('',#211,#213,#797,.T.);
#799=DIRECTION('',(-0.36512675663076566,0.0,-0.930957814077683));
#800=VECTOR('',#799,1000.0);
#801=LINE('',#212,#800);
#802=EDGE_CURVE('',#213,#187,#801,.T.);
#803=ORIENTED_EDGE('',*,*,#785,.F.);
#804=ORIENTED_EDGE('',*,*,#798,.T.);
#805=ORIENTED_EDGE('',*,*,#802,.T.);
#806=DIRECTION('',(0.48821106746923115,0.0,0.8727255889456628));
#807=AXIS2_PLACEMENT_3D('',#186,#475,#806);
#808=PLANE('',#807);
#809=EDGE_LOOP('',(#803,#804,#805));
#810=FACE_BOUND('',#809,.T.);
#811=ADVANCED_FACE('',(#810),#808,.T.);
#812=DIRECTION('',(-0.24810066746793788,0.0,0.968734256027918));
#813=VECTOR('',#812,1000.0);
#814=LINE('',#212,#813);
#815=EDGE_CURVE('',#213,#215,#814,.T.);
#816=DIRECTION('',(-0.2649604576782788,0.0,-0.9642592783411094));
#817=VECTOR('',#816,1000.0);
#818=LINE('',#214,#817);
#819=EDGE_CURVE('',#215,#187,#818,.T.);
#820=ORIENTED_EDGE('',*,*,#815,.T.);
#821=ORIENTED_EDGE('',*,*,#819,.T.);
#822=ORIENTED_EDGE('',*,*,#802,.F.);
#823=AXIS2_PLACEMENT_3D('',#212,#727,#812);
#824=PLANE('',#823);
#825=EDGE_LOOP('',(#820,#821,#822));
#826=FACE_BOUND('',#825,.T.);
#827=ADVANCED_FACE('',(#826),#824,.T.);
#828=LINE('',#214,#544);
#829=EDGE_CURVE('',#215,#217,#828,.T.);
#830=DIRECTION('',(0.15828795765166578,0.0,-0.9873929929174424));
#831=VECTOR('',#830,1000.0);
#832=LINE('',#216,#831);
#833=EDGE_CURVE('',#217,#187,#832,.T.);
#834=ORIENTED_EDGE('',*,*,#819,.F.);
#835=ORIENTED_EDGE('',*,*,#829,.T.);
#836=ORIENTED_EDGE('',*,*,#833,.T.);
#837=DIRECTION('',(0.2649604576782788,0.0,0.9642592783411094));
#838=AXIS2_PLACEMENT_3D('',#186,#475,#837);
#839=PLANE('',#838);
#840=EDGE_LOOP('',(#834,#835,#836));
#841=FACE_BOUND('',#840,.T.);
#842=ADVANCED_FACE('',(#841),#839,.T.);
#843=DIRECTION('',(-0.5997506301051971,0.0,0.8001869667074182));
#844=VECTOR('',#843,1000.0);
#845=LINE('',#216,#844);
#846=EDGE_CURVE('',#217,#189,#845,.T.);
#847=ORIENTED_EDGE('',*,*,#833,.F.);
#848=ORIENTED_EDGE('',*,*,#846,.T.);
#849=ORIENTED_EDGE('',*,*,#457,.F.);
#850=DIRECTION('',(-0.15828795765166578,0.0,0.9873929929174424));
#851=AXIS2_PLACEMENT_3D('',#186,#475,#850);
#852=PLANE('',#851);
#853=EDGE_LOOP('',(#847,#848,#849));
#854=FACE_BOUND('',#853,.T.);
#855=ADVANCED_FACE('',(#854),#852,.T.);
#856=DIRECTION('',(0.6616649581045989,0.0,-0.7497996287118573));
#857=VECTOR('',#856,1000.0);
#858=LINE('',#188,#857);
#859=EDGE_CURVE('',#189,#193,#858,.T.);
#860=ORIENTED_EDGE('',*,*,#494,.F.);
#861=ORIENTED_EDGE('',*,*,#859,.T.);
#862=ORIENTED_EDGE('',*,*,#527,.F.);
#863=DIRECTION('',(-0.0,-1.0,-0.0));
#864=AXIS2_PLACEMENT_3D('',#190,#863,#510);
#865=PLANE('',#864);
#866=EDGE_LOOP('',(#860,#861,#862));
#867=FACE_BOUND('',#866,.T.);
#868=ADVANCED_FACE('',(#867),#865,.T.);
#869=DIRECTION('',(-0.379154778893689,0.0,0.9253332662571241));
#870=VECTOR('',#869,1000.0);
#871=LINE('',#216,#870);
#872=EDGE_CURVE('',#217,#193,#871,.T.);
#873=ORIENTED_EDGE('',*,*,#859,.F.);
#874=ORIENTED_EDGE('',*,*,#846,.F.);
#875=ORIENTED_EDGE('',*,*,#872,.T.);
#876=DIRECTION('',(-0.0,-1.0,-0.0));
#877=DIRECTION('',(-0.6616649581045989,0.0,0.7497996287118573));
#878=AXIS2_PLACEMENT_3D('',#192,#876,#877);
#879=PLANE('',#878);
#880=EDGE_LOOP('',(#873,#874,#875));
#881=FACE_BOUND('',#880,.T.);
#882=ADVANCED_FACE('',(#881),#879,.T.);
#883=DIRECTION('',(0.958320650545727,0.0,0.28569482098493554));
#884=VECTOR('',#883,1000.0);
#885=LINE('',#216,#884);
#886=EDGE_CURVE('',#217,#195,#885,.T.);
#887=ORIENTED_EDGE('',*,*,#872,.F.);
#888=ORIENTED_EDGE('',*,*,#886,.T.);
#889=ORIENTED_EDGE('',*,*,#558,.F.);
#890=DIRECTION('',(0.379154778893689,0.0,-0.9253332662571241));
#891=AXIS2_PLACEMENT_3D('',#192,#475,#890);
#892=PLANE('',#891);
#893=EDGE_LOOP('',(#887,#888,#889));
#894=FACE_BOUND('',#893,.T.);
#895=ADVANCED_FACE('',(#894),#892,.T.);
#896=LINE('',#216,#492);
#897=EDGE_CURVE('',#217,#203,#896,.T.);
#898=DIRECTION('',(0.2937737010989975,0.0,0.9558749983876537));
#899=VECTOR('',#898,1000.0);
#900=LINE('',#202,#899);
#901=EDGE_CURVE('',#203,#195,#900,.T.);
#902=ORIENTED_EDGE('',*,*,#886,.F.);
#903=ORIENTED_EDGE('',*,*,#897,.T.);
#904=ORIENTED_EDGE('',*,*,#901,.T.);
#905=DIRECTION('',(0.0,-1.0,-0.0));
#906=DIRECTION('',(-0.958320650545727,0.0,-0.28569482098493554));
#907=AXIS2_PLACEMENT_3D('',#194,#905,#906);
#908=PLANE('',#907);
#909=EDGE_LOOP('',(#902,#903,#904));
#910=FACE_BOUND('',#909,.T.);
#911=ADVANCED_FACE('',(#910),#908,.T.);
#912=DIRECTION('',(0.5767900335507586,0.0,0.8168924391843241));
#913=VECTOR('',#912,1000.0);
#914=LINE('',#202,#913);
#915=EDGE_CURVE('',#203,#199,#914,.T.);
#916=ORIENTED_EDGE('',*,*,#901,.F.);
#917=ORIENTED_EDGE('',*,*,#915,.T.);
#918=ORIENTED_EDGE('',*,*,#723,.F.);
#919=DIRECTION('',(0.0,-1.0,-0.0));
#920=DIRECTION('',(-0.2937737010989975,0.0,-0.9558749983876537));
#921=AXIS2_PLACEMENT_3D('',#194,#919,#920);
#922=PLANE('',#921);
#923=EDGE_LOOP('',(#916,#917,#918));
#924=FACE_BOUND('',#923,.T.);
#925=ADVANCED_FACE('',(#924),#922,.T.);
#926=ORIENTED_EDGE('',*,*,#915,.F.);
#927=ORIENTED_EDGE('',*,*,#710,.F.);
#928=ORIENTED_EDGE('',*,*,#645,.F.);
#929=DIRECTION('',(-0.5767900335507586,0.0,-0.8168924391843241));
#930=AXIS2_PLACEMENT_3D('',#198,#475,#929);
#931=PLANE('',#930);
#932=EDGE_LOOP('',(#926,#927,#928));
#933=FACE_BOUND('',#932,.T.);
#934=ADVANCED_FACE('',(#933),#931,.T.);
#935=DIRECTION('',(0.999553192609762,-0.029890050913841133,0.0));
#936=VECTOR('',#935,1000.0);
#937=LINE('',#216,#936);
#938=EDGE_CURVE('',#217,#219,#937,.T.);
#939=LINE('',#218,#463);
#940=EDGE_CURVE('',#219,#203,#939,.T.);
#941=ORIENTED_EDGE('',*,*,#897,.F.);
#942=ORIENTED_EDGE('',*,*,#938,.T.);
#943=ORIENTED_EDGE('',*,*,#940,.T.);
#944=AXIS2_PLACEMENT_3D('',#202,#11,#510);
#945=PLANE('',#944);
#946=EDGE_LOOP('',(#941,#942,#943));
#947=FACE_BOUND('',#946,.T.);
#948=ADVANCED_FACE('',(#947),#945,.T.);
#949=LINE('',#216,#476);
#950=EDGE_CURVE('',#217,#221,#949,.T.);
#951=LINE('',#220,#492);
#952=EDGE_CURVE('',#221,#219,#951,.T.);
#953=ORIENTED_EDGE('',*,*,#938,.F.);
#954=ORIENTED_EDGE('',*,*,#950,.T.);
#955=ORIENTED_EDGE('',*,*,#952,.T.);
#956=DIRECTION('',(-0.999553192609762,0.029890050913841133,0.0));
#957=AXIS2_PLACEMENT_3D('',#218,#11,#956);
#958=PLANE('',#957);
#959=EDGE_LOOP('',(#953,#954,#955));
#960=FACE_BOUND('',#959,.T.);
#961=ADVANCED_FACE('',(#960),#958,.T.);
#962=DIRECTION('',(-0.33630805852466655,-0.022540754592806023,-0.9414822378323218));
#963=VECTOR('',#962,1000.0);
#964=LINE('',#202,#963);
#965=EDGE_CURVE('',#203,#223,#964,.T.);
#966=LINE('',#222,#463);
#967=EDGE_CURVE('',#223,#205,#966,.T.);
#968=ORIENTED_EDGE('',*,*,#702,.F.);
#969=ORIENTED_EDGE('',*,*,#965,.T.);
#970=ORIENTED_EDGE('',*,*,#967,.T.);
#971=DIRECTION('',(0.9417215058047852,0.0,-0.3363935277391167));
#972=DIRECTION('',(0.33639352773911674,0.0,0.9417215058047852));
#973=AXIS2_PLACEMENT_3D('',#204,#971,#972);
#974=PLANE('',#973);
#975=EDGE_LOOP('',(#968,#969,#970));
#976=FACE_BOUND('',#975,.T.);
#977=ADVANCED_FACE('',(#976),#974,.T.);
#978=LINE('',#218,#700);
#979=EDGE_CURVE('',#219,#223,#978,.T.);
#980=ORIENTED_EDGE('',*,*,#965,.F.);
#981=ORIENTED_EDGE('',*,*,#940,.F.);
#982=ORIENTED_EDGE('',*,*,#979,.T.);
#983=DIRECTION('',(0.33630805852466655,0.022540754592806023,0.9414822378323218));
#984=AXIS2_PLACEMENT_3D('',#222,#971,#983);
#985=PLANE('',#984);
#986=EDGE_LOOP('',(#980,#981,#982));
#987=FACE_BOUND('',#986,.T.);
#988=ADVANCED_FACE('',(#987),#985,.T.);
#989=LINE('',#222,#734);
#990=EDGE_CURVE('',#223,#225,#989,.T.);
#991=DIRECTION('',(0.25747888412442677,0.26764956769690446,0.9284763503405459));
#992=VECTOR('',#991,1000.0);
#993=LINE('',#224,#992);
#994=EDGE_CURVE('',#225,#205,#993,.T.);
#995=ORIENTED_EDGE('',*,*,#967,.F.);
#996=ORIENTED_EDGE('',*,*,#990,.T.);
#997=ORIENTED_EDGE('',*,*,#994,.T.);
#998=DIRECTION('',(0.9636332318037748,0.0,-0.26722835658554744));
#999=AXIS2_PLACEMENT_3D('',#204,#998,#475);
#1000=PLANE('',#999);
#1001=EDGE_LOOP('',(#995,#996,#997));
#1002=FACE_BOUND('',#1001,.T.);
#1003=ADVANCED_FACE('',(#1002),#1000,.T.);
#1004=LINE('',#224,#463);
#1005=EDGE_CURVE('',#225,#207,#1004,.T.);
#1006=ORIENTED_EDGE('',*,*,#994,.F.);
#1007=ORIENTED_EDGE('',*,*,#1005,.T.);
#1008=ORIENTED_EDGE('',*,*,#736,.F.);
#1009=DIRECTION('',(-0.25747888412442677,-0.26764956769690446,-0.9284763503405459));
#1010=AXIS2_PLACEMENT_3D('',#204,#998,#1009);
#1011=PLANE('',#1010);
#1012=EDGE_LOOP('',(#1006,#1007,#1008));
#1013=FACE_BOUND('',#1012,.T.);
#1014=ADVANCED_FACE('',(#1013),#1011,.T.);
#1015=LINE('',#224,#751);
#1016=EDGE_CURVE('',#225,#227,#1015,.T.);
#1017=DIRECTION('',(0.17071411190101443,0.26757697790131185,0.9482928096822462));
#1018=VECTOR('',#1017,1000.0);
#1019=LINE('',#226,#1018);
#1020=EDGE_CURVE('',#227,#207,#1019,.T.);
#1021=ORIENTED_EDGE('',*,*,#1005,.F.);
#1022=ORIENTED_EDGE('',*,*,#1016,.T.);
#1023=ORIENTED_EDGE('',*,*,#1020,.T.);
#1024=DIRECTION('',(0.9841794503141179,0.0,-0.17717451729693184));
#1025=AXIS2_PLACEMENT_3D('',#206,#1024,#475);
#1026=PLANE('',#1025);
#1027=EDGE_LOOP('',(#1021,#1022,#1023));
#1028=FACE_BOUND('',#1027,.T.);
#1029=ADVANCED_FACE('',(#1028),#1026,.T.);
#1030=LINE('',#226,#463);
#1031=EDGE_CURVE('',#227,#209,#1030,.T.);
#1032=ORIENTED_EDGE('',*,*,#1020,.F.);
#1033=ORIENTED_EDGE('',*,*,#1031,.T.);
#1034=ORIENTED_EDGE('',*,*,#753,.F.);
#1035=DIRECTION('',(-0.17071411190101443,-0.26757697790131185,-0.9482928096822462));
#1036=AXIS2_PLACEMENT_3D('',#206,#1024,#1035);
#1037=PLANE('',#1036);
#1038=EDGE_LOOP('',(#1032,#1033,#1034));
#1039=FACE_BOUND('',#1038,.T.);
#1040=ADVANCED_FACE('',(#1039),#1037,.T.);
#1041=DIRECTION('',(-0.3082255154757919,-0.9513133193694295,0.0));
#1042=VECTOR('',#1041,1000.0);
#1043=LINE('',#208,#1042);
#1044=EDGE_CURVE('',#209,#229,#1043,.T.);
#1045=LINE('',#228,#463);
#1046=EDGE_CURVE('',#229,#211,#1045,.T.);
#1047=ORIENTED_EDGE('',*,*,#781,.F.);
#1048=ORIENTED_EDGE('',*,*,#1044,.T.);
#1049=ORIENTED_EDGE('',*,*,#1046,.T.);
#1050=AXIS2_PLACEMENT_3D('',#210,#502,#12);
#1051=PLANE('',#1050);
#1052=EDGE_LOOP('',(#1047,#1048,#1049));
#1053=FACE_BOUND('',#1052,.T.);
#1054=ADVANCED_FACE('',(#1053),#1051,.T.);
#1055=LINE('',#226,#511);
#1056=EDGE_CURVE('',#227,#229,#1055,.T.);
#1057=ORIENTED_EDGE('',*,*,#1044,.F.);
#1058=ORIENTED_EDGE('',*,*,#1031,.F.);
#1059=ORIENTED_EDGE('',*,*,#1056,.T.);
#1060=DIRECTION('',(0.0,0.0,-1.0));
#1061=DIRECTION('',(0.3082255154757919,0.9513133193694295,0.0));
#1062=AXIS2_PLACEMENT_3D('',#228,#1060,#1061);
#1063=PLANE('',#1062);
#1064=EDGE_LOOP('',(#1057,#1058,#1059));
#1065=FACE_BOUND('',#1064,.T.);
#1066=ADVANCED_FACE('',(#1065),#1063,.T.);
#1067=LINE('',#228,#796);
#1068=EDGE_CURVE('',#229,#231,#1067,.T.);
#1069=DIRECTION('',(0.1750502595934439,0.2680708416439049,-0.9473623543695392));
#1070=VECTOR('',#1069,1000.0);
#1071=LINE('',#230,#1070);
#1072=EDGE_CURVE('',#231,#211,#1071,.T.);
#1073=ORIENTED_EDGE('',*,*,#1046,.F.);
#1074=ORIENTED_EDGE('',*,*,#1068,.T.);
#1075=ORIENTED_EDGE('',*,*,#1072,.T.);
#1076=DIRECTION('',(-0.983353890749348,-0.0,-0.1817006481774881));
#1077=AXIS2_PLACEMENT_3D('',#210,#1076,#475);
#1078=PLANE('',#1077);
#1079=EDGE_LOOP('',(#1073,#1074,#1075));
#1080=FACE_BOUND('',#1079,.T.);
#1081=ADVANCED_FACE('',(#1080),#1078,.T.);
#1082=LINE('',#230,#463);
#1083=EDGE_CURVE('',#231,#213,#1082,.T.);
#1084=ORIENTED_EDGE('',*,*,#1072,.F.);
#1085=ORIENTED_EDGE('',*,*,#1083,.T.);
#1086=ORIENTED_EDGE('',*,*,#798,.F.);
#1087=DIRECTION('',(-0.983353890749348,0.0,-0.1817006481774881));
#1088=DIRECTION('',(-0.1750502595934439,-0.2680708416439049,0.9473623543695392));
#1089=AXIS2_PLACEMENT_3D('',#210,#1087,#1088);
#1090=PLANE('',#1089);
#1091=EDGE_LOOP('',(#1084,#1085,#1086));
#1092=FACE_BOUND('',#1091,.T.);
#1093=ADVANCED_FACE('',(#1092),#1090,.T.);
#1094=LINE('',#230,#813);
#1095=EDGE_CURVE('',#231,#233,#1094,.T.);
#1096=DIRECTION('',(0.23900783829776104,0.26824673209622685,-0.9332303809627751));
#1097=VECTOR('',#1096,1000.0);
#1098=LINE('',#232,#1097);
#1099=EDGE_CURVE('',#233,#213,#1098,.T.);
#1100=ORIENTED_EDGE('',*,*,#1083,.F.);
#1101=ORIENTED_EDGE('',*,*,#1095,.T.);
#1102=ORIENTED_EDGE('',*,*,#1099,.T.);
#1103=DIRECTION('',(-0.968734256027918,-0.0,-0.2481006674679379));
#1104=AXIS2_PLACEMENT_3D('',#212,#1103,#475);
#1105=PLANE('',#1104);
#1106=EDGE_LOOP('',(#1100,#1101,#1102));
#1107=FACE_BOUND('',#1106,.T.);
#1108=ADVANCED_FACE('',(#1107),#1105,.T.);
#1109=LINE('',#232,#463);
#1110=EDGE_CURVE('',#233,#215,#1109,.T.);
#1111=ORIENTED_EDGE('',*,*,#1099,.F.);
#1112=ORIENTED_EDGE('',*,*,#1110,.T.);
#1113=ORIENTED_EDGE('',*,*,#815,.F.);
#1114=DIRECTION('',(-0.968734256027918,0.0,-0.2481006674679379));
#1115=DIRECTION('',(-0.23900783829776104,-0.26824673209622685,0.9332303809627751));
#1116=AXIS2_PLACEMENT_3D('',#212,#1114,#1115);
#1117=PLANE('',#1116);
#1118=EDGE_LOOP('',(#1111,#1112,#1113));
#1119=FACE_BOUND('',#1118,.T.);
#1120=ADVANCED_FACE('',(#1119),#1117,.T.);
#1121=DIRECTION('',(-0.3389628785383997,-0.022517961770969264,0.940530227249844));
#1122=VECTOR('',#1121,1000.0);
#1123=LINE('',#214,#1122);
#1124=EDGE_CURVE('',#215,#221,#1123,.T.);
#1125=ORIENTED_EDGE('',*,*,#829,.F.);
#1126=ORIENTED_EDGE('',*,*,#1124,.T.);
#1127=ORIENTED_EDGE('',*,*,#950,.F.);
#1128=AXIS2_PLACEMENT_3D('',#216,#535,#524);
#1129=PLANE('',#1128);
#1130=EDGE_LOOP('',(#1125,#1126,#1127));
#1131=FACE_BOUND('',#1130,.T.);
#1132=ADVANCED_FACE('',(#1131),#1129,.T.);
#1133=LINE('',#232,#544);
#1134=EDGE_CURVE('',#233,#221,#1133,.T.);
#1135=ORIENTED_EDGE('',*,*,#1124,.F.);
#1136=ORIENTED_EDGE('',*,*,#1110,.F.);
#1137=ORIENTED_EDGE('',*,*,#1134,.T.);
#1138=DIRECTION('',(0.3389628785383997,0.022517961770969264,-0.940530227249844));
#1139=AXIS2_PLACEMENT_3D('',#220,#550,#1138);
#1140=PLANE('',#1139);
#1141=EDGE_LOOP('',(#1135,#1136,#1137));
#1142=FACE_BOUND('',#1141,.T.);
#1143=ADVANCED_FACE('',(#1142),#1140,.T.);
#1144=LINE('',#234,#492);
#1145=EDGE_CURVE('',#235,#237,#1144,.T.);
#1146=DIRECTION('',(-0.9993244656201264,-0.036750679082823166,0.0));
#1147=VECTOR('',#1146,1000.0);
#1148=LINE('',#236,#1147);
#1149=EDGE_CURVE('',#237,#177,#1148,.T.);
#1150=LINE('',#176,#463);
#1151=EDGE_CURVE('',#177,#235,#1150,.T.);
#1152=ORIENTED_EDGE('',*,*,#1145,.T.);
#1153=ORIENTED_EDGE('',*,*,#1149,.T.);
#1154=ORIENTED_EDGE('',*,*,#1151,.T.);
#1155=AXIS2_PLACEMENT_3D('',#234,#502,#12);
#1156=PLANE('',#1155);
#1157=EDGE_LOOP('',(#1152,#1153,#1154));
#1158=FACE_BOUND('',#1157,.T.);
#1159=ADVANCED_FACE('',(#1158),#1156,.T.);
#1160=LINE('',#236,#476);
#1161=EDGE_CURVE('',#237,#179,#1160,.T.);
#1162=LINE('',#178,#511);
#1163=EDGE_CURVE('',#179,#177,#1162,.T.);
#1164=ORIENTED_EDGE('',*,*,#1149,.F.);
#1165=ORIENTED_EDGE('',*,*,#1161,.T.);
#1166=ORIENTED_EDGE('',*,*,#1163,.T.);
#1167=DIRECTION('',(0.0,0.0,-1.0));
#1168=DIRECTION('',(0.9993244656201264,0.036750679082823166,0.0));
#1169=AXIS2_PLACEMENT_3D('',#176,#1167,#1168);
#1170=PLANE('',#1169);
#1171=EDGE_LOOP('',(#1164,#1165,#1166));
#1172=FACE_BOUND('',#1171,.T.);
#1173=ADVANCED_FACE('',(#1172),#1170,.T.);
#1174=DIRECTION('',(0.0,0.0,-1.0));
#1175=VECTOR('',#1174,1000.0);
#1176=LINE('',#236,#1175);
#1177=EDGE_CURVE('',#237,#239,#1176,.T.);
#1178=DIRECTION('',(0.0,-0.009999500037496877,0.9999500037496877));
#1179=VECTOR('',#1178,1000.0);
#1180=LINE('',#238,#1179);
#1181=EDGE_CURVE('',#239,#179,#1180,.T.);
#1182=ORIENTED_EDGE('',*,*,#1177,.T.);
#1183=ORIENTED_EDGE('',*,*,#1181,.T.);
#1184=ORIENTED_EDGE('',*,*,#1161,.F.);
#1185=DIRECTION('',(-1.0,-0.0,-0.0));
#1186=DIRECTION('',(0.0,0.0,-1.0));
#1187=AXIS2_PLACEMENT_3D('',#236,#1185,#1186);
#1188=PLANE('',#1187);
#1189=EDGE_LOOP('',(#1182,#1183,#1184));
#1190=FACE_BOUND('',#1189,.T.);
#1191=ADVANCED_FACE('',(#1190),#1188,.T.);
#1192=LINE('',#238,#476);
#1193=EDGE_CURVE('',#239,#151,#1192,.T.);
#1194=VECTOR('',#11,1000.0);
#1195=LINE('',#150,#1194);
#1196=EDGE_CURVE('',#151,#179,#1195,.T.);
#1197=ORIENTED_EDGE('',*,*,#1181,.F.);
#1198=ORIENTED_EDGE('',*,*,#1193,.T.);
#1199=ORIENTED_EDGE('',*,*,#1196,.T.);
#1200=DIRECTION('',(0.0,0.009999500037496877,-0.9999500037496877));
#1201=AXIS2_PLACEMENT_3D('',#178,#1185,#1200);
#1202=PLANE('',#1201);
#1203=EDGE_LOOP('',(#1197,#1198,#1199));
#1204=FACE_BOUND('',#1203,.T.);
#1205=ADVANCED_FACE('',(#1204),#1202,.T.);
#1206=LINE('',#238,#511);
#1207=EDGE_CURVE('',#239,#241,#1206,.T.);
#1208=DIRECTION('',(0.9993727849607458,-0.03541238031822915,0.0));
#1209=VECTOR('',#1208,1000.0);
#1210=LINE('',#240,#1209);
#1211=EDGE_CURVE('',#241,#151,#1210,.T.);
#1212=ORIENTED_EDGE('',*,*,#1207,.T.);
#1213=ORIENTED_EDGE('',*,*,#1211,.T.);
#1214=ORIENTED_EDGE('',*,*,#1193,.F.);
#1215=AXIS2_PLACEMENT_3D('',#238,#11,#510);
#1216=PLANE('',#1215);
#1217=EDGE_LOOP('',(#1212,#1213,#1214));
#1218=FACE_BOUND('',#1217,.T.);
#1219=ADVANCED_FACE('',(#1218),#1216,.T.);
#1220=LINE('',#240,#476);
#1221=EDGE_CURVE('',#241,#153,#1220,.T.);
#1222=LINE('',#152,#492);
#1223=EDGE_CURVE('',#153,#151,#1222,.T.);
#1224=ORIENTED_EDGE('',*,*,#1211,.F.);
#1225=ORIENTED_EDGE('',*,*,#1221,.T.);
#1226=ORIENTED_EDGE('',*,*,#1223,.T.);
#1227=DIRECTION('',(-0.9993727849607458,0.03541238031822915,0.0));
#1228=AXIS2_PLACEMENT_3D('',#150,#11,#1227);
#1229=PLANE('',#1228);
#1230=EDGE_LOOP('',(#1224,#1225,#1226));
#1231=FACE_BOUND('',#1230,.T.);
#1232=ADVANCED_FACE('',(#1231),#1229,.T.);
#1233=LINE('',#242,#476);
#1234=EDGE_CURVE('',#243,#183,#1233,.T.);
#1235=DIRECTION('',(0.07692336535651817,0.0,-0.9970370082711211));
#1236=VECTOR('',#1235,1000.0);
#1237=LINE('',#182,#1236);
#1238=EDGE_CURVE('',#183,#181,#1237,.T.);
#1239=DIRECTION('',(-0.07649517825847146,0.10536525930918879,0.9914870900994688));
#1240=VECTOR('',#1239,1000.0);
#1241=LINE('',#180,#1240);
#1242=EDGE_CURVE('',#181,#243,#1241,.T.);
#1243=ORIENTED_EDGE('',*,*,#1234,.T.);
#1244=ORIENTED_EDGE('',*,*,#1238,.T.);
#1245=ORIENTED_EDGE('',*,*,#1242,.T.);
#1246=DIRECTION('',(0.9970370082711212,0.0,0.07692336535651818));
#1247=AXIS2_PLACEMENT_3D('',#242,#1246,#475);
#1248=PLANE('',#1247);
#1249=EDGE_LOOP('',(#1243,#1244,#1245));
#1250=FACE_BOUND('',#1249,.T.);
#1251=ADVANCED_FACE('',(#1250),#1248,.T.);
#1252=LINE('',#180,#463);
#1253=EDGE_CURVE('',#181,#245,#1252,.T.);
#1254=DIRECTION('',(-0.07692336535651817,0.0,0.9970370082711211));
#1255=VECTOR('',#1254,1000.0);
#1256=LINE('',#244,#1255);
#1257=EDGE_CURVE('',#245,#243,#1256,.T.);
#1258=ORIENTED_EDGE('',*,*,#1242,.F.);
#1259=ORIENTED_EDGE('',*,*,#1253,.T.);
#1260=ORIENTED_EDGE('',*,*,#1257,.T.);
#1261=DIRECTION('',(0.9970370082711212,-0.0,0.07692336535651818));
#1262=DIRECTION('',(0.07649517825847146,-0.10536525930918879,-0.9914870900994688));
#1263=AXIS2_PLACEMENT_3D('',#242,#1261,#1262);
#1264=PLANE('',#1263);
#1265=EDGE_LOOP('',(#1258,#1259,#1260));
#1266=FACE_BOUND('',#1265,.T.);
#1267=ADVANCED_FACE('',(#1266),#1264,.T.);
#1268=DIRECTION('',(0.26300969355552717,0.0,-0.9647931908423836));
#1269=VECTOR('',#1268,1000.0);
#1270=LINE('',#180,#1269);
#1271=EDGE_CURVE('',#181,#159,#1270,.T.);
#1272=DIRECTION('',(-0.26175781022095285,0.09745264714108577,0.9602009322811172));
#1273=VECTOR('',#1272,1000.0);
#1274=LINE('',#158,#1273);
#1275=EDGE_CURVE('',#159,#245,#1274,.T.);
#1276=ORIENTED_EDGE('',*,*,#1253,.F.);
#1277=ORIENTED_EDGE('',*,*,#1271,.T.);
#1278=ORIENTED_EDGE('',*,*,#1275,.T.);
#1279=DIRECTION('',(0.9647931908423835,0.0,0.26300969355552717));
#1280=AXIS2_PLACEMENT_3D('',#244,#1279,#475);
#1281=PLANE('',#1280);
#1282=EDGE_LOOP('',(#1276,#1277,#1278));
#1283=FACE_BOUND('',#1282,.T.);
#1284=ADVANCED_FACE('',(#1283),#1281,.T.);
#1285=LINE('',#158,#463);
#1286=EDGE_CURVE('',#159,#247,#1285,.T.);
#1287=DIRECTION('',(-0.26300969355552717,0.0,0.9647931908423836));
#1288=VECTOR('',#1287,1000.0);
#1289=LINE('',#246,#1288);
#1290=EDGE_CURVE('',#247,#245,#1289,.T.);
#1291=ORIENTED_EDGE('',*,*,#1275,.F.);
#1292=ORIENTED_EDGE('',*,*,#1286,.T.);
#1293=ORIENTED_EDGE('',*,*,#1290,.T.);
#1294=DIRECTION('',(0.9647931908423835,-0.0,0.26300969355552717));
#1295=DIRECTION('',(0.26175781022095285,-0.09745264714108577,-0.9602009322811172));
#1296=AXIS2_PLACEMENT_3D('',#244,#1294,#1295);
#1297=PLANE('',#1296);
#1298=EDGE_LOOP('',(#1291,#1292,#1293));
#1299=FACE_BOUND('',#1298,.T.);
#1300=ADVANCED_FACE('',(#1299),#1297,.T.);
#1301=DIRECTION('',(0.47546568382220483,0.0,-0.879734268689974));
#1302=VECTOR('',#1301,1000.0);
#1303=LINE('',#158,#1302);
#1304=EDGE_CURVE('',#159,#157,#1303,.T.);
#1305=DIRECTION('',(-0.47299735434987544,0.1017636304539323,0.8751672219038222));
#1306=VECTOR('',#1305,1000.0);
#1307=LINE('',#156,#1306);
#1308=EDGE_CURVE('',#157,#247,#1307,.T.);
#1309=ORIENTED_EDGE('',*,*,#1286,.F.);
#1310=ORIENTED_EDGE('',*,*,#1304,.T.);
#1311=ORIENTED_EDGE('',*,*,#1308,.T.);
#1312=DIRECTION('',(0.879734268689974,0.0,0.4754656838222047));
#1313=AXIS2_PLACEMENT_3D('',#246,#1312,#475);
#1314=PLANE('',#1313);
#1315=EDGE_LOOP('',(#1309,#1310,#1311));
#1316=FACE_BOUND('',#1315,.T.);
#1317=ADVANCED_FACE('',(#1316),#1314,.T.);
#1318=LINE('',#156,#463);
#1319=EDGE_CURVE('',#157,#249,#1318,.T.);
#1320=DIRECTION('',(-0.47546568382220483,0.0,0.879734268689974));
#1321=VECTOR('',#1320,1000.0);
#1322=LINE('',#248,#1321);
#1323=EDGE_CURVE('',#249,#247,#1322,.T.);
#1324=ORIENTED_EDGE('',*,*,#1308,.F.);
#1325=ORIENTED_EDGE('',*,*,#1319,.T.);
#1326=ORIENTED_EDGE('',*,*,#1323,.T.);
#1327=DIRECTION('',(0.879734268689974,-0.0,0.4754656838222047));
#1328=DIRECTION('',(0.47299735434987544,-0.1017636304539323,-0.8751672219038222));
#1329=AXIS2_PLACEMENT_3D('',#246,#1327,#1328);
#1330=PLANE('',#1329);
#1331=EDGE_LOOP('',(#1324,#1325,#1326));
#1332=FACE_BOUND('',#1331,.T.);
#1333=ADVANCED_FACE('',(#1332),#1330,.T.);
#1334=DIRECTION('',(0.6697022067844862,0.0,-0.742629755819136));
#1335=VECTOR('',#1334,1000.0);
#1336=LINE('',#156,#1335);
#1337=EDGE_CURVE('',#157,#155,#1336,.T.);
#1338=DIRECTION('',(-0.6667185855786206,0.09428915083844104,0.7393212317242143));
#1339=VECTOR('',#1338,1000.0);
#1340=LINE('',#154,#1339);
#1341=EDGE_CURVE('',#155,#249,#1340,.T.);
#1342=ORIENTED_EDGE('',*,*,#1319,.F.);
#1343=ORIENTED_EDGE('',*,*,#1337,.T.);
#1344=ORIENTED_EDGE('',*,*,#1341,.T.);
#1345=DIRECTION('',(0.7426297558191359,0.0,0.6697022067844861));
#1346=AXIS2_PLACEMENT_3D('',#248,#1345,#475);
#1347=PLANE('',#1346);
#1348=EDGE_LOOP('',(#1342,#1343,#1344));
#1349=FACE_BOUND('',#1348,.T.);
#1350=ADVANCED_FACE('',(#1349),#1347,.T.);
#1351=LINE('',#154,#463);
#1352=EDGE_CURVE('',#155,#251,#1351,.T.);
#1353=DIRECTION('',(-0.6697022067844862,0.0,0.742629755819136));
#1354=VECTOR('',#1353,1000.0);
#1355=LINE('',#250,#1354);
#1356=EDGE_CURVE('',#251,#249,#1355,.T.);
#1357=ORIENTED_EDGE('',*,*,#1341,.F.);
#1358=ORIENTED_EDGE('',*,*,#1352,.T.);
#1359=ORIENTED_EDGE('',*,*,#1356,.T.);
#1360=DIRECTION('',(0.7426297558191359,-0.0,0.6697022067844861));
#1361=DIRECTION('',(0.6667185855786206,-0.09428915083844104,-0.7393212317242143));
#1362=AXIS2_PLACEMENT_3D('',#248,#1360,#1361);
#1363=PLANE('',#1362);
#1364=EDGE_LOOP('',(#1357,#1358,#1359));
#1365=FACE_BOUND('',#1364,.T.);
#1366=ADVANCED_FACE('',(#1365),#1363,.T.);
#1367=DIRECTION('',(0.7521327876842019,0.0,-0.6590115853992184));
#1368=VECTOR('',#1367,1000.0);
#1369=LINE('',#154,#1368);
#1370=EDGE_CURVE('',#155,#173,#1369,.T.);
#1371=DIRECTION('',(-0.10399154413816365,0.9903956584584972,0.09111640057816284));
#1372=VECTOR('',#1371,1000.0);
#1373=LINE('',#172,#1372);
#1374=EDGE_CURVE('',#173,#251,#1373,.T.);
#1375=ORIENTED_EDGE('',*,*,#1352,.F.);
#1376=ORIENTED_EDGE('',*,*,#1370,.T.);
#1377=ORIENTED_EDGE('',*,*,#1374,.T.);
#1378=DIRECTION('',(0.6590115853992184,0.0,0.7521327876842019));
#1379=AXIS2_PLACEMENT_3D('',#250,#1378,#475);
#1380=PLANE('',#1379);
#1381=EDGE_LOOP('',(#1375,#1376,#1377));
#1382=FACE_BOUND('',#1381,.T.);
#1383=ADVANCED_FACE('',(#1382),#1380,.T.);
#1384=LINE('',#172,#463);
#1385=EDGE_CURVE('',#173,#253,#1384,.T.);
#1386=DIRECTION('',(-0.7521327876842019,0.0,0.6590115853992184));
#1387=VECTOR('',#1386,1000.0);
#1388=LINE('',#252,#1387);
#1389=EDGE_CURVE('',#253,#251,#1388,.T.);
#1390=ORIENTED_EDGE('',*,*,#1374,.F.);
#1391=ORIENTED_EDGE('',*,*,#1385,.T.);
#1392=ORIENTED_EDGE('',*,*,#1389,.T.);
#1393=DIRECTION('',(0.6590115853992184,-0.0,0.7521327876842019));
#1394=DIRECTION('',(0.10399154413816365,-0.9903956584584972,-0.09111640057816284));
#1395=AXIS2_PLACEMENT_3D('',#250,#1393,#1394);
#1396=PLANE('',#1395);
#1397=EDGE_LOOP('',(#1390,#1391,#1392));
#1398=FACE_BOUND('',#1397,.T.);
#1399=ADVANCED_FACE('',(#1398),#1396,.T.);
#1400=DIRECTION('',(0.8307092679049507,0.0,-0.5567064865948849));
#1401=VECTOR('',#1400,1000.0);
#1402=LINE('',#172,#1401);
#1403=EDGE_CURVE('',#173,#171,#1402,.T.);
#1404=DIRECTION('',(-0.8283002073374509,0.07610255488216201,0.5550920353104909));
#1405=VECTOR('',#1404,1000.0);
#1406=LINE('',#170,#1405);
#1407=EDGE_CURVE('',#171,#253,#1406,.T.);
#1408=ORIENTED_EDGE('',*,*,#1385,.F.);
#1409=ORIENTED_EDGE('',*,*,#1403,.T.);
#1410=ORIENTED_EDGE('',*,*,#1407,.T.);
#1411=DIRECTION('',(0.556706486594885,0.0,0.8307092679049508));
#1412=AXIS2_PLACEMENT_3D('',#252,#1411,#475);
#1413=PLANE('',#1412);
#1414=EDGE_LOOP('',(#1408,#1409,#1410));
#1415=FACE_BOUND('',#1414,.T.);
#1416=ADVANCED_FACE('',(#1415),#1413,.T.);
#1417=LINE('',#170,#463);
#1418=EDGE_CURVE('',#171,#255,#1417,.T.);
#1419=DIRECTION('',(-0.8307092679049507,0.0,0.5567064865948849));
#1420=VECTOR('',#1419,1000.0);
#1421=LINE('',#254,#1420);
#1422=EDGE_CURVE('',#255,#253,#1421,.T.);
#1423=ORIENTED_EDGE('',*,*,#1407,.F.);
#1424=ORIENTED_EDGE('',*,*,#1418,.T.);
#1425=ORIENTED_EDGE('',*,*,#1422,.T.);
#1426=DIRECTION('',(0.556706486594885,-0.0,0.8307092679049508));
#1427=DIRECTION('',(0.8283002073374509,-0.07610255488216201,-0.5550920353104909));
#1428=AXIS2_PLACEMENT_3D('',#252,#1426,#1427);
#1429=PLANE('',#1428);
#1430=EDGE_LOOP('',(#1423,#1424,#1425));
#1431=FACE_BOUND('',#1430,.T.);
#1432=ADVANCED_FACE('',(#1431),#1429,.T.);
#1433=DIRECTION('',(0.9435310090061756,0.0,-0.331284220939948));
#1434=VECTOR('',#1433,1000.0);
#1435=LINE('',#170,#1434);
#1436=EDGE_CURVE('',#171,#169,#1435,.T.);
#1437=DIRECTION('',(-0.9404778121374456,0.080382718986107,0.3302122095949273));
#1438=VECTOR('',#1437,1000.0);
#1439=LINE('',#168,#1438);
#1440=EDGE_CURVE('',#169,#255,#1439,.T.);
#1441=ORIENTED_EDGE('',*,*,#1418,.F.);
#1442=ORIENTED_EDGE('',*,*,#1436,.T.);
#1443=ORIENTED_EDGE('',*,*,#1440,.T.);
#1444=DIRECTION('',(0.331284220939948,0.0,0.9435310090061756));
#1445=AXIS2_PLACEMENT_3D('',#254,#1444,#475);
#1446=PLANE('',#1445);
#1447=EDGE_LOOP('',(#1441,#1442,#1443));
#1448=FACE_BOUND('',#1447,.T.);
#1449=ADVANCED_FACE('',(#1448),#1446,.T.);
#1450=LINE('',#168,#463);
#1451=EDGE_CURVE('',#169,#257,#1450,.T.);
#1452=DIRECTION('',(-0.9435310090061756,0.0,0.331284220939948));
#1453=VECTOR('',#1452,1000.0);
#1454=LINE('',#256,#1453);
#1455=EDGE_CURVE('',#257,#255,#1454,.T.);
#1456=ORIENTED_EDGE('',*,*,#1440,.F.);
#1457=ORIENTED_EDGE('',*,*,#1451,.T.);
#1458=ORIENTED_EDGE('',*,*,#1455,.T.);
#1459=DIRECTION('',(0.331284220939948,-0.0,0.9435310090061756));
#1460=DIRECTION('',(0.9404778121374456,-0.080382718986107,-0.3302122095949273));
#1461=AXIS2_PLACEMENT_3D('',#254,#1459,#1460);
#1462=PLANE('',#1461);
#1463=EDGE_LOOP('',(#1456,#1457,#1458));
#1464=FACE_BOUND('',#1463,.T.);
#1465=ADVANCED_FACE('',(#1464),#1462,.T.);
#1466=DIRECTION('',(0.994330224895198,0.0,-0.10633627725223926));
#1467=VECTOR('',#1466,1000.0);
#1468=LINE('',#168,#1467);
#1469=EDGE_CURVE('',#169,#153,#1468,.T.);
#1470=DIRECTION('',(-0.9919834741049969,0.06866363079566683,0.10608530957930642));
#1471=VECTOR('',#1470,1000.0);
#1472=LINE('',#152,#1471);
#1473=EDGE_CURVE('',#153,#257,#1472,.T.);
#1474=ORIENTED_EDGE('',*,*,#1451,.F.);
#1475=ORIENTED_EDGE('',*,*,#1469,.T.);
#1476=ORIENTED_EDGE('',*,*,#1473,.T.);
#1477=DIRECTION('',(0.10633627725223926,0.0,0.994330224895198));
#1478=AXIS2_PLACEMENT_3D('',#256,#1477,#475);
#1479=PLANE('',#1478);
#1480=EDGE_LOOP('',(#1474,#1475,#1476));
#1481=FACE_BOUND('',#1480,.T.);
#1482=ADVANCED_FACE('',(#1481),#1479,.T.);
#1483=DIRECTION('',(-0.994330224895198,0.0,0.10633627725223926));
#1484=VECTOR('',#1483,1000.0);
#1485=LINE('',#240,#1484);
#1486=EDGE_CURVE('',#241,#257,#1485,.T.);
#1487=ORIENTED_EDGE('',*,*,#1473,.F.);
#1488=ORIENTED_EDGE('',*,*,#1221,.F.);
#1489=ORIENTED_EDGE('',*,*,#1486,.T.);
#1490=DIRECTION('',(0.10633627725223926,-0.0,0.994330224895198));
#1491=DIRECTION('',(0.9919834741049969,-0.06866363079566683,-0.10608530957930642));
#1492=AXIS2_PLACEMENT_3D('',#256,#1490,#1491);
#1493=PLANE('',#1492);
#1494=EDGE_LOOP('',(#1487,#1488,#1489));
#1495=FACE_BOUND('',#1494,.T.);
#1496=ADVANCED_FACE('',(#1495),#1493,.T.);
#1497=DIRECTION('',(-0.9962121353751188,0.0,-0.08695620352422304));
#1498=VECTOR('',#1497,1000.0);
#1499=LINE('',#176,#1498);
#1500=EDGE_CURVE('',#177,#175,#1499,.T.);
#1501=DIRECTION('',(0.9929986955591538,0.080255289384883,0.08667571253568006));
#1502=VECTOR('',#1501,1000.0);
#1503=LINE('',#174,#1502);
#1504=EDGE_CURVE('',#175,#235,#1503,.T.);
#1505=ORIENTED_EDGE('',*,*,#1151,.F.);
#1506=ORIENTED_EDGE('',*,*,#1500,.T.);
#1507=ORIENTED_EDGE('',*,*,#1504,.T.);
#1508=DIRECTION('',(0.08695620352422304,0.0,-0.9962121353751188));
#1509=AXIS2_PLACEMENT_3D('',#234,#1508,#475);
#1510=PLANE('',#1509);
#1511=EDGE_LOOP('',(#1505,#1506,#1507));
#1512=FACE_BOUND('',#1511,.T.);
#1513=ADVANCED_FACE('',(#1512),#1510,.T.);
#1514=LINE('',#174,#463);
#1515=EDGE_CURVE('',#175,#259,#1514,.T.);
#1516=DIRECTION('',(0.9962121353751188,0.0,0.08695620352422304));
#1517=VECTOR('',#1516,1000.0);
#1518=LINE('',#258,#1517);
#1519=EDGE_CURVE('',#259,#235,#1518,.T.);
#1520=ORIENTED_EDGE('',*,*,#1504,.F.);
#1521=ORIENTED_EDGE('',*,*,#1515,.T.);
#1522=ORIENTED_EDGE('',*,*,#1519,.T.);
#1523=DIRECTION('',(-0.9929986955591538,-0.080255289384883,-0.08667571253568006));
#1524=AXIS2_PLACEMENT_3D('',#234,#1508,#1523);
#1525=PLANE('',#1524);
#1526=EDGE_LOOP('',(#1520,#1521,#1522));
#1527=FACE_BOUND('',#1526,.T.);
#1528=ADVANCED_FACE('',(#1527),#1525,.T.);
#1529=VECTOR('',#906,1000.0);
#1530=LINE('',#174,#1529);
#1531=EDGE_CURVE('',#175,#167,#1530,.T.);
#1532=DIRECTION('',(0.955051539626057,0.0828821955763302,0.28461745960911244));
#1533=VECTOR('',#1532,1000.0);
#1534=LINE('',#166,#1533);
#1535=EDGE_CURVE('',#167,#259,#1534,.T.);
#1536=ORIENTED_EDGE('',*,*,#1515,.F.);
#1537=ORIENTED_EDGE('',*,*,#1531,.T.);
#1538=ORIENTED_EDGE('',*,*,#1535,.T.);
#1539=DIRECTION('',(0.2856001091109593,0.0,-0.9583488809800992));
#1540=AXIS2_PLACEMENT_3D('',#258,#1539,#475);
#1541=PLANE('',#1540);
#1542=EDGE_LOOP('',(#1536,#1537,#1538));
#1543=FACE_BOUND('',#1542,.T.);
#1544=ADVANCED_FACE('',(#1543),#1541,.T.);
#1545=LINE('',#166,#463);
#1546=EDGE_CURVE('',#167,#261,#1545,.T.);
#1547=LINE('',#260,#884);
#1548=EDGE_CURVE('',#261,#259,#1547,.T.);
#1549=ORIENTED_EDGE('',*,*,#1535,.F.);
#1550=ORIENTED_EDGE('',*,*,#1546,.T.);
#1551=ORIENTED_EDGE('',*,*,#1548,.T.);
#1552=DIRECTION('',(-0.955051539626057,-0.0828821955763302,-0.28461745960911244));
#1553=AXIS2_PLACEMENT_3D('',#258,#1539,#1552);
#1554=PLANE('',#1553);
#1555=EDGE_LOOP('',(#1549,#1550,#1551));
#1556=FACE_BOUND('',#1555,.T.);
#1557=ADVANCED_FACE('',(#1556),#1554,.T.);
#1558=DIRECTION('',(-0.8645916888502265,0.0,-0.5024750855227681));
#1559=VECTOR('',#1558,1000.0);
#1560=LINE('',#166,#1559);
#1561=EDGE_CURVE('',#167,#165,#1560,.T.);
#1562=DIRECTION('',(0.8616425685831733,0.08252490839796679,0.5007611441588681));
#1563=VECTOR('',#1562,1000.0);
#1564=LINE('',#164,#1563);
#1565=EDGE_CURVE('',#165,#261,#1564,.T.);
#1566=ORIENTED_EDGE('',*,*,#1546,.F.);
#1567=ORIENTED_EDGE('',*,*,#1561,.T.);
#1568=ORIENTED_EDGE('',*,*,#1565,.T.);
#1569=DIRECTION('',(0.5024750855227681,0.0,-0.8645916888502265));
#1570=AXIS2_PLACEMENT_3D('',#260,#1569,#475);
#1571=PLANE('',#1570);
#1572=EDGE_LOOP('',(#1566,#1567,#1568));
#1573=FACE_BOUND('',#1572,.T.);
#1574=ADVANCED_FACE('',(#1573),#1571,.T.);
#1575=LINE('',#164,#463);
#1576=EDGE_CURVE('',#165,#263,#1575,.T.);
#1577=DIRECTION('',(0.8645916888502265,0.0,0.5024750855227681));
#1578=VECTOR('',#1577,1000.0);
#1579=LINE('',#262,#1578);
#1580=EDGE_CURVE('',#263,#261,#1579,.T.);
#1581=ORIENTED_EDGE('',*,*,#1565,.F.);
#1582=ORIENTED_EDGE('',*,*,#1576,.T.);
#1583=ORIENTED_EDGE('',*,*,#1580,.T.);
#1584=DIRECTION('',(-0.8616425685831733,-0.08252490839796679,-0.5007611441588681));
#1585=AXIS2_PLACEMENT_3D('',#260,#1569,#1584);
#1586=PLANE('',#1585);
#1587=EDGE_LOOP('',(#1581,#1582,#1583));
#1588=FACE_BOUND('',#1587,.T.);
#1589=ADVANCED_FACE('',(#1588),#1586,.T.);
#1590=DIRECTION('',(-0.7222968181473859,0.0,-0.6915831884120393));
#1591=VECTOR('',#1590,1000.0);
#1592=LINE('',#164,#1591);
#1593=EDGE_CURVE('',#165,#163,#1592,.T.);
#1594=DIRECTION('',(0.7195317078456102,0.08741728925350647,0.6889356566068766));
#1595=VECTOR('',#1594,1000.0);
#1596=LINE('',#162,#1595);
#1597=EDGE_CURVE('',#163,#263,#1596,.T.);
#1598=ORIENTED_EDGE('',*,*,#1576,.F.);
#1599=ORIENTED_EDGE('',*,*,#1593,.T.);
#1600=ORIENTED_EDGE('',*,*,#1597,.T.);
#1601=DIRECTION('',(0.6915831884120393,0.0,-0.7222968181473859));
#1602=AXIS2_PLACEMENT_3D('',#262,#1601,#475);
#1603=PLANE('',#1602);
#1604=EDGE_LOOP('',(#1598,#1599,#1600));
#1605=FACE_BOUND('',#1604,.T.);
#1606=ADVANCED_FACE('',(#1605),#1603,.T.);
#1607=LINE('',#162,#463);
#1608=EDGE_CURVE('',#163,#265,#1607,.T.);
#1609=DIRECTION('',(0.7222968181473859,0.0,0.6915831884120393));
#1610=VECTOR('',#1609,1000.0);
#1611=LINE('',#264,#1610);
#1612=EDGE_CURVE('',#265,#263,#1611,.T.);
#1613=ORIENTED_EDGE('',*,*,#1597,.F.);
#1614=ORIENTED_EDGE('',*,*,#1608,.T.);
#1615=ORIENTED_EDGE('',*,*,#1612,.T.);
#1616=DIRECTION('',(-0.7195317078456102,-0.08741728925350647,-0.6889356566068766));
#1617=AXIS2_PLACEMENT_3D('',#262,#1601,#1616);
#1618=PLANE('',#1617);
#1619=EDGE_LOOP('',(#1613,#1614,#1615));
#1620=FACE_BOUND('',#1619,.T.);
#1621=ADVANCED_FACE('',(#1620),#1618,.T.);
#1622=DIRECTION('',(-0.539734526414863,0.0,-0.8418352813916293));
#1623=VECTOR('',#1622,1000.0);
#1624=LINE('',#162,#1623);
#1625=EDGE_CURVE('',#163,#161,#1624,.T.);
#1626=DIRECTION('',(0.5373600358317235,0.09369834975269924,0.8381317385378921));
#1627=VECTOR('',#1626,1000.0);
#1628=LINE('',#160,#1627);
#1629=EDGE_CURVE('',#161,#265,#1628,.T.);
#1630=ORIENTED_EDGE('',*,*,#1608,.F.);
#1631=ORIENTED_EDGE('',*,*,#1625,.T.);
#1632=ORIENTED_EDGE('',*,*,#1629,.T.);
#1633=DIRECTION('',(0.8418352813916292,0.0,-0.539734526414863));
#1634=AXIS2_PLACEMENT_3D('',#264,#1633,#475);
#1635=PLANE('',#1634);
#1636=EDGE_LOOP('',(#1630,#1631,#1632));
#1637=FACE_BOUND('',#1636,.T.);
#1638=ADVANCED_FACE('',(#1637),#1635,.T.);
#1639=LINE('',#160,#463);
#1640=EDGE_CURVE('',#161,#267,#1639,.T.);
#1641=DIRECTION('',(0.539734526414863,0.0,0.8418352813916293));
#1642=VECTOR('',#1641,1000.0);
#1643=LINE('',#266,#1642);
#1644=EDGE_CURVE('',#267,#265,#1643,.T.);
#1645=ORIENTED_EDGE('',*,*,#1629,.F.);
#1646=ORIENTED_EDGE('',*,*,#1640,.T.);
#1647=ORIENTED_EDGE('',*,*,#1644,.T.);
#1648=DIRECTION('',(-0.5373600358317235,-0.09369834975269924,-0.8381317385378921));
#1649=AXIS2_PLACEMENT_3D('',#264,#1633,#1648);
#1650=PLANE('',#1649);
#1651=EDGE_LOOP('',(#1645,#1646,#1647));
#1652=FACE_BOUND('',#1651,.T.);
#1653=ADVANCED_FACE('',(#1652),#1650,.T.);
#1654=DIRECTION('',(-0.3244306018480415,0.0,-0.9459095012655901));
#1655=VECTOR('',#1654,1000.0);
#1656=LINE('',#160,#1655);
#1657=EDGE_CURVE('',#161,#185,#1656,.T.);
#1658=DIRECTION('',(0.32311387304655936,0.09000386435837361,0.9420704482390961));
#1659=VECTOR('',#1658,1000.0);
#1660=LINE('',#184,#1659);
#1661=EDGE_CURVE('',#185,#267,#1660,.T.);
#1662=ORIENTED_EDGE('',*,*,#1640,.F.);
#1663=ORIENTED_EDGE('',*,*,#1657,.T.);
#1664=ORIENTED_EDGE('',*,*,#1661,.T.);
#1665=DIRECTION('',(0.9459095012655903,0.0,-0.3244306018480415));
#1666=AXIS2_PLACEMENT_3D('',#266,#1665,#475);
#1667=PLANE('',#1666);
#1668=EDGE_LOOP('',(#1662,#1663,#1664));
#1669=FACE_BOUND('',#1668,.T.);
#1670=ADVANCED_FACE('',(#1669),#1667,.T.);
#1671=LINE('',#184,#463);
#1672=EDGE_CURVE('',#185,#269,#1671,.T.);
#1673=DIRECTION('',(0.3244306018480415,0.0,0.9459095012655901));
#1674=VECTOR('',#1673,1000.0);
#1675=LINE('',#268,#1674);
#1676=EDGE_CURVE('',#269,#267,#1675,.T.);
#1677=ORIENTED_EDGE('',*,*,#1661,.F.);
#1678=ORIENTED_EDGE('',*,*,#1672,.T.);
#1679=ORIENTED_EDGE('',*,*,#1676,.T.);
#1680=DIRECTION('',(-0.32311387304655936,-0.09000386435837361,-0.9420704482390961));
#1681=AXIS2_PLACEMENT_3D('',#266,#1665,#1680);
#1682=PLANE('',#1681);
#1683=EDGE_LOOP('',(#1677,#1678,#1679));
#1684=FACE_BOUND('',#1683,.T.);
#1685=ADVANCED_FACE('',(#1684),#1682,.T.);
#1686=DIRECTION('',(-0.1042708237711274,0.0,-0.9945489406309226));
#1687=VECTOR('',#1686,1000.0);
#1688=LINE('',#184,#1687);
#1689=EDGE_CURVE('',#185,#183,#1688,.T.);
#1690=DIRECTION('',(0.10398404400085605,0.07411549821871201,0.9918135971628036));
#1691=VECTOR('',#1690,1000.0);
#1692=LINE('',#182,#1691);
#1693=EDGE_CURVE('',#183,#269,#1692,.T.);
#1694=ORIENTED_EDGE('',*,*,#1672,.F.);
#1695=ORIENTED_EDGE('',*,*,#1689,.T.);
#1696=ORIENTED_EDGE('',*,*,#1693,.T.);
#1697=DIRECTION('',(0.9945489406309227,0.0,-0.10427082377112741));
#1698=AXIS2_PLACEMENT_3D('',#268,#1697,#475);
#1699=PLANE('',#1698);
#1700=EDGE_LOOP('',(#1694,#1695,#1696));
#1701=FACE_BOUND('',#1700,.T.);
#1702=ADVANCED_FACE('',(#1701),#1699,.T.);
#1703=DIRECTION('',(0.1042708237711274,0.0,0.9945489406309226));
#1704=VECTOR('',#1703,1000.0);
#1705=LINE('',#242,#1704);
#1706=EDGE_CURVE('',#243,#269,#1705,.T.);
#1707=ORIENTED_EDGE('',*,*,#1693,.F.);
#1708=ORIENTED_EDGE('',*,*,#1234,.F.);
#1709=ORIENTED_EDGE('',*,*,#1706,.T.);
#1710=DIRECTION('',(-0.10398404400085605,-0.07411549821871201,-0.9918135971628036));
#1711=AXIS2_PLACEMENT_3D('',#268,#1697,#1710);
#1712=PLANE('',#1711);
#1713=EDGE_LOOP('',(#1707,#1708,#1709));
#1714=FACE_BOUND('',#1713,.T.);
#1715=ADVANCED_FACE('',(#1714),#1712,.T.);
#1716=DIRECTION('',(0.9459314492262901,0.0,0.32436660334357864));
#1717=VECTOR('',#1716,1000.0);
#1718=LINE('',#248,#1717);
#1719=EDGE_CURVE('',#249,#271,#1718,.T.);
#1720=DIRECTION('',(-0.9656795297710801,0.0,0.259736492971445));
#1721=VECTOR('',#1720,1000.0);
#1722=LINE('',#270,#1721);
#1723=EDGE_CURVE('',#271,#247,#1722,.T.);
#1724=ORIENTED_EDGE('',*,*,#1323,.F.);
#1725=ORIENTED_EDGE('',*,*,#1719,.T.);
#1726=ORIENTED_EDGE('',*,*,#1723,.T.);
#1727=AXIS2_PLACEMENT_3D('',#246,#475,#1301);
#1728=PLANE('',#1727);
#1729=EDGE_LOOP('',(#1724,#1725,#1726));
#1730=FACE_BOUND('',#1729,.T.);
#1731=ADVANCED_FACE('',(#1730),#1728,.T.);
#1732=DIRECTION('',(0.38182616812140113,0.0,0.9242341572013704));
#1733=VECTOR('',#1732,1000.0);
#1734=LINE('',#250,#1733);
#1735=EDGE_CURVE('',#251,#271,#1734,.T.);
#1736=ORIENTED_EDGE('',*,*,#1719,.F.);
#1737=ORIENTED_EDGE('',*,*,#1356,.F.);
#1738=ORIENTED_EDGE('',*,*,#1735,.T.);
#1739=DIRECTION('',(0.0,-1.0,-0.0));
#1740=DIRECTION('',(-0.9459314492262901,0.0,-0.32436660334357864));
#1741=AXIS2_PLACEMENT_3D('',#270,#1739,#1740);
#1742=PLANE('',#1741);
#1743=EDGE_LOOP('',(#1736,#1737,#1738));
#1744=FACE_BOUND('',#1743,.T.);
#1745=ADVANCED_FACE('',(#1744),#1742,.T.);
#1746=DIRECTION('',(0.8214823238610511,0.0,0.5702339796818908));
#1747=VECTOR('',#1746,1000.0);
#1748=LINE('',#250,#1747);
#1749=EDGE_CURVE('',#251,#273,#1748,.T.);
#1750=DIRECTION('',(-0.6856199895360268,0.0,0.7279596348346649));
#1751=VECTOR('',#1750,1000.0);
#1752=LINE('',#272,#1751);
#1753=EDGE_CURVE('',#273,#271,#1752,.T.);
#1754=ORIENTED_EDGE('',*,*,#1735,.F.);
#1755=ORIENTED_EDGE('',*,*,#1749,.T.);
#1756=ORIENTED_EDGE('',*,*,#1753,.T.);
#1757=DIRECTION('',(0.0,-1.0,-0.0));
#1758=DIRECTION('',(-0.38182616812140113,0.0,-0.9242341572013704));
#1759=AXIS2_PLACEMENT_3D('',#270,#1757,#1758);
#1760=PLANE('',#1759);
#1761=EDGE_LOOP('',(#1754,#1755,#1756));
#1762=FACE_BOUND('',#1761,.T.);
#1763=ADVANCED_FACE('',(#1762),#1760,.T.);
#1764=DIRECTION('',(0.8149359136583824,0.0,0.5795510819848219));
#1765=VECTOR('',#1764,1000.0);
#1766=LINE('',#252,#1765);
#1767=EDGE_CURVE('',#253,#273,#1766,.T.);
#1768=ORIENTED_EDGE('',*,*,#1749,.F.);
#1769=ORIENTED_EDGE('',*,*,#1389,.F.);
#1770=ORIENTED_EDGE('',*,*,#1767,.T.);
#1771=DIRECTION('',(0.0,-1.0,-0.0));
#1772=DIRECTION('',(-0.8214823238610511,0.0,-0.5702339796818908));
#1773=AXIS2_PLACEMENT_3D('',#272,#1771,#1772);
#1774=PLANE('',#1773);
#1775=EDGE_LOOP('',(#1768,#1769,#1770));
#1776=FACE_BOUND('',#1775,.T.);
#1777=ADVANCED_FACE('',(#1776),#1774,.T.);
#1778=DIRECTION('',(0.9919054268864184,0.0,0.12697883332773313));
#1779=VECTOR('',#1778,1000.0);
#1780=LINE('',#252,#1779);
#1781=EDGE_CURVE('',#253,#275,#1780,.T.);
#1782=DIRECTION('',(-0.8399956978457092,0.0,0.5425930589315536));
#1783=VECTOR('',#1782,1000.0);
#1784=LINE('',#274,#1783);
#1785=EDGE_CURVE('',#275,#273,#1784,.T.);
#1786=ORIENTED_EDGE('',*,*,#1767,.F.);
#1787=ORIENTED_EDGE('',*,*,#1781,.T.);
#1788=ORIENTED_EDGE('',*,*,#1785,.T.);
#1789=DIRECTION('',(0.0,-1.0,-0.0));
#1790=DIRECTION('',(-0.8149359136583824,0.0,-0.5795510819848219));
#1791=AXIS2_PLACEMENT_3D('',#272,#1789,#1790);
#1792=PLANE('',#1791);
#1793=EDGE_LOOP('',(#1786,#1787,#1788));
#1794=FACE_BOUND('',#1793,.T.);
#1795=ADVANCED_FACE('',(#1794),#1792,.T.);
#1796=DIRECTION('',(0.5423976117741428,0.0,0.8401219142134708));
#1797=VECTOR('',#1796,1000.0);
#1798=LINE('',#254,#1797);
#1799=EDGE_CURVE('',#255,#275,#1798,.T.);
#1800=ORIENTED_EDGE('',*,*,#1781,.F.);
#1801=ORIENTED_EDGE('',*,*,#1422,.F.);
#1802=ORIENTED_EDGE('',*,*,#1799,.T.);
#1803=DIRECTION('',(0.0,-1.0,-0.0));
#1804=DIRECTION('',(-0.9919054268864184,0.0,-0.12697883332773313));
#1805=AXIS2_PLACEMENT_3D('',#274,#1803,#1804);
#1806=PLANE('',#1805);
#1807=EDGE_LOOP('',(#1800,#1801,#1802));
#1808=FACE_BOUND('',#1807,.T.);
#1809=ADVANCED_FACE('',(#1808),#1806,.T.);
#1810=DIRECTION('',(0.9091686529931609,0.0,0.41642809753257737));
#1811=VECTOR('',#1810,1000.0);
#1812=LINE('',#254,#1811);
#1813=EDGE_CURVE('',#255,#277,#1812,.T.);
#1814=DIRECTION('',(-0.9438547907948388,0.0,0.33036061189801535));
#1815=VECTOR('',#1814,1000.0);
#1816=LINE('',#276,#1815);
#1817=EDGE_CURVE('',#277,#275,#1816,.T.);
#1818=ORIENTED_EDGE('',*,*,#1799,.F.);
#1819=ORIENTED_EDGE('',*,*,#1813,.T.);
#1820=ORIENTED_EDGE('',*,*,#1817,.T.);
#1821=DIRECTION('',(0.0,-1.0,-0.0));
#1822=DIRECTION('',(-0.5423976117741428,0.0,-0.8401219142134708));
#1823=AXIS2_PLACEMENT_3D('',#274,#1821,#1822);
#1824=PLANE('',#1823);
#1825=EDGE_LOOP('',(#1818,#1819,#1820));
#1826=FACE_BOUND('',#1825,.T.);
#1827=ADVANCED_FACE('',(#1826),#1824,.T.);
#1828=DIRECTION('',(0.24217253079349527,0.0,0.9702332015186214));
#1829=VECTOR('',#1828,1000.0);
#1830=LINE('',#256,#1829);
#1831=EDGE_CURVE('',#257,#277,#1830,.T.);
#1832=ORIENTED_EDGE('',*,*,#1813,.F.);
#1833=ORIENTED_EDGE('',*,*,#1455,.F.);
#1834=ORIENTED_EDGE('',*,*,#1831,.T.);
#1835=DIRECTION('',(0.0,-1.0,-0.0));
#1836=DIRECTION('',(-0.9091686529931609,0.0,-0.41642809753257737));
#1837=AXIS2_PLACEMENT_3D('',#276,#1835,#1836);
#1838=PLANE('',#1837);
#1839=EDGE_LOOP('',(#1832,#1833,#1834));
#1840=FACE_BOUND('',#1839,.T.);
#1841=ADVANCED_FACE('',(#1840),#1838,.T.);
#1842=DIRECTION('',(0.8383538042545794,0.0,0.5451264980643247));
#1843=VECTOR('',#1842,1000.0);
#1844=LINE('',#256,#1843);
#1845=EDGE_CURVE('',#257,#279,#1844,.T.);
#1846=LINE('',#278,#1484);
#1847=EDGE_CURVE('',#279,#277,#1846,.T.);
#1848=ORIENTED_EDGE('',*,*,#1831,.F.);
#1849=ORIENTED_EDGE('',*,*,#1845,.T.);
#1850=ORIENTED_EDGE('',*,*,#1847,.T.);
#1851=DIRECTION('',(0.0,-1.0,-0.0));
#1852=DIRECTION('',(-0.24217253079349527,0.0,-0.9702332015186214));
#1853=AXIS2_PLACEMENT_3D('',#276,#1851,#1852);
#1854=PLANE('',#1853);
#1855=EDGE_LOOP('',(#1848,#1849,#1850));
#1856=FACE_BOUND('',#1855,.T.);
#1857=ADVANCED_FACE('',(#1856),#1854,.T.);
#1858=DIRECTION('',(0.0051930786629939265,0.0,0.9999865158760891));
#1859=VECTOR('',#1858,1000.0);
#1860=LINE('',#240,#1859);
#1861=EDGE_CURVE('',#241,#279,#1860,.T.);
#1862=ORIENTED_EDGE('',*,*,#1845,.F.);
#1863=ORIENTED_EDGE('',*,*,#1486,.F.);
#1864=ORIENTED_EDGE('',*,*,#1861,.T.);
#1865=DIRECTION('',(0.0,-1.0,-0.0));
#1866=DIRECTION('',(-0.8383538042545794,0.0,-0.5451264980643247));
#1867=AXIS2_PLACEMENT_3D('',#278,#1865,#1866);
#1868=PLANE('',#1867);
#1869=EDGE_LOOP('',(#1862,#1863,#1864));
#1870=FACE_BOUND('',#1869,.T.);
#1871=ADVANCED_FACE('',(#1870),#1868,.T.);
#1872=DIRECTION('',(0.8033341484281182,0.0,0.5955285433707357));
#1873=VECTOR('',#1872,1000.0);
#1874=LINE('',#240,#1873);
#1875=EDGE_CURVE('',#241,#281,#1874,.T.);
#1876=LINE('',#280,#511);
#1877=EDGE_CURVE('',#281,#279,#1876,.T.);
#1878=ORIENTED_EDGE('',*,*,#1861,.F.);
#1879=ORIENTED_EDGE('',*,*,#1875,.T.);
#1880=ORIENTED_EDGE('',*,*,#1877,.T.);
#1881=DIRECTION('',(0.0,-1.0,-0.0));
#1882=DIRECTION('',(-0.0051930786629939265,0.0,-0.9999865158760891));
#1883=AXIS2_PLACEMENT_3D('',#278,#1881,#1882);
#1884=PLANE('',#1883);
#1885=EDGE_LOOP('',(#1878,#1879,#1880));
#1886=FACE_BOUND('',#1885,.T.);
#1887=ADVANCED_FACE('',(#1886),#1884,.T.);
#1888=DIRECTION('',(-0.7739547287063374,0.0,0.6332409319627874));
#1889=VECTOR('',#1888,1000.0);
#1890=LINE('',#238,#1889);
#1891=EDGE_CURVE('',#239,#281,#1890,.T.);
#1892=ORIENTED_EDGE('',*,*,#1875,.F.);
#1893=ORIENTED_EDGE('',*,*,#1207,.F.);
#1894=ORIENTED_EDGE('',*,*,#1891,.T.);
#1895=DIRECTION('',(0.0,-1.0,-0.0));
#1896=DIRECTION('',(-0.8033341484281182,0.0,-0.5955285433707357));
#1897=AXIS2_PLACEMENT_3D('',#280,#1895,#1896);
#1898=PLANE('',#1897);
#1899=EDGE_LOOP('',(#1892,#1893,#1894));
#1900=FACE_BOUND('',#1899,.T.);
#1901=ADVANCED_FACE('',(#1900),#1898,.T.);
#1902=DIRECTION('',(-0.14900577708510576,0.0,0.9888363253821453));
#1903=VECTOR('',#1902,1000.0);
#1904=LINE('',#238,#1903);
#1905=EDGE_CURVE('',#239,#283,#1904,.T.);
#1906=DIRECTION('',(0.0,0.0,-1.0));
#1907=VECTOR('',#1906,1000.0);
#1908=LINE('',#282,#1907);
#1909=EDGE_CURVE('',#283,#281,#1908,.T.);
#1910=ORIENTED_EDGE('',*,*,#1891,.F.);
#1911=ORIENTED_EDGE('',*,*,#1905,.T.);
#1912=ORIENTED_EDGE('',*,*,#1909,.T.);
#1913=DIRECTION('',(0.7739547287063374,0.0,-0.6332409319627874));
#1914=AXIS2_PLACEMENT_3D('',#280,#475,#1913);
#1915=PLANE('',#1914);
#1916=EDGE_LOOP('',(#1910,#1911,#1912));
#1917=FACE_BOUND('',#1916,.T.);
#1918=ADVANCED_FACE('',(#1917),#1915,.T.);
#1919=DIRECTION('',(-0.7739830044107823,0.0,-0.6332063714803091));
#1920=VECTOR('',#1919,1000.0);
#1921=LINE('',#236,#1920);
#1922=EDGE_CURVE('',#237,#283,#1921,.T.);
#1923=ORIENTED_EDGE('',*,*,#1905,.F.);
#1924=ORIENTED_EDGE('',*,*,#1177,.F.);
#1925=ORIENTED_EDGE('',*,*,#1922,.T.);
#1926=DIRECTION('',(0.14900577708510576,0.0,-0.9888363253821453));
#1927=AXIS2_PLACEMENT_3D('',#282,#475,#1926);
#1928=PLANE('',#1927);
#1929=EDGE_LOOP('',(#1923,#1924,#1925));
#1930=FACE_BOUND('',#1929,.T.);
#1931=ADVANCED_FACE('',(#1930),#1928,.T.);
#1932=DIRECTION('',(-0.9292799339609228,0.0,-0.36937623683391296));
#1933=VECTOR('',#1932,1000.0);
#1934=LINE('',#236,#1933);
#1935=EDGE_CURVE('',#237,#285,#1934,.T.);
#1936=LINE('',#284,#492);
#1937=EDGE_CURVE('',#285,#283,#1936,.T.);
#1938=ORIENTED_EDGE('',*,*,#1922,.F.);
#1939=ORIENTED_EDGE('',*,*,#1935,.T.);
#1940=ORIENTED_EDGE('',*,*,#1937,.T.);
#1941=DIRECTION('',(0.7739830044107823,0.0,0.6332063714803091));
#1942=AXIS2_PLACEMENT_3D('',#282,#727,#1941);
#1943=PLANE('',#1942);
#1944=EDGE_LOOP('',(#1938,#1939,#1940));
#1945=FACE_BOUND('',#1944,.T.);
#1946=ADVANCED_FACE('',(#1945),#1943,.T.);
#1947=DIRECTION('',(-0.038149884265444564,0.0,-0.9992720281937912));
#1948=VECTOR('',#1947,1000.0);
#1949=LINE('',#234,#1948);
#1950=EDGE_CURVE('',#235,#285,#1949,.T.);
#1951=ORIENTED_EDGE('',*,*,#1935,.F.);
#1952=ORIENTED_EDGE('',*,*,#1145,.F.);
#1953=ORIENTED_EDGE('',*,*,#1950,.T.);
#1954=DIRECTION('',(0.9292799339609228,0.0,0.36937623683391296));
#1955=AXIS2_PLACEMENT_3D('',#284,#475,#1954);
#1956=PLANE('',#1955);
#1957=EDGE_LOOP('',(#1951,#1952,#1953));
#1958=FACE_BOUND('',#1957,.T.);
#1959=ADVANCED_FACE('',(#1958),#1956,.T.);
#1960=DIRECTION('',(-0.676006443726289,0.0,-0.7368957104234871));
#1961=VECTOR('',#1960,1000.0);
#1962=LINE('',#234,#1961);
#1963=EDGE_CURVE('',#235,#287,#1962,.T.);
#1964=DIRECTION('',(0.9956959514402997,0.0,0.0926799454326357));
#1965=VECTOR('',#1964,1000.0);
#1966=LINE('',#286,#1965);
#1967=EDGE_CURVE('',#287,#285,#1966,.T.);
#1968=ORIENTED_EDGE('',*,*,#1950,.F.);
#1969=ORIENTED_EDGE('',*,*,#1963,.T.);
#1970=ORIENTED_EDGE('',*,*,#1967,.T.);
#1971=DIRECTION('',(0.038149884265444564,0.0,0.9992720281937912));
#1972=AXIS2_PLACEMENT_3D('',#284,#727,#1971);
#1973=PLANE('',#1972);
#1974=EDGE_LOOP('',(#1968,#1969,#1970));
#1975=FACE_BOUND('',#1974,.T.);
#1976=ADVANCED_FACE('',(#1975),#1973,.T.);
#1977=DIRECTION('',(0.12801762776786912,0.0,-0.9917718926147723));
#1978=VECTOR('',#1977,1000.0);
#1979=LINE('',#258,#1978);
#1980=EDGE_CURVE('',#259,#287,#1979,.T.);
#1981=ORIENTED_EDGE('',*,*,#1963,.F.);
#1982=ORIENTED_EDGE('',*,*,#1519,.F.);
#1983=ORIENTED_EDGE('',*,*,#1980,.T.);
#1984=DIRECTION('',(0.676006443726289,0.0,0.7368957104234871));
#1985=AXIS2_PLACEMENT_3D('',#286,#727,#1984);
#1986=PLANE('',#1985);
#1987=EDGE_LOOP('',(#1981,#1982,#1983));
#1988=FACE_BOUND('',#1987,.T.);
#1989=ADVANCED_FACE('',(#1988),#1986,.T.);
#1990=DIRECTION('',(-0.4607794321563232,0.0,-0.8875146843301784));
#1991=VECTOR('',#1990,1000.0);
#1992=LINE('',#258,#1991);
#1993=EDGE_CURVE('',#259,#289,#1992,.T.);
#1994=DIRECTION('',(0.9545667305493845,0.0,0.29799724315546744));
#1995=VECTOR('',#1994,1000.0);
#1996=LINE('',#288,#1995);
#1997=EDGE_CURVE('',#289,#287,#1996,.T.);
#1998=ORIENTED_EDGE('',*,*,#1980,.F.);
#1999=ORIENTED_EDGE('',*,*,#1993,.T.);
#2000=ORIENTED_EDGE('',*,*,#1997,.T.);
#2001=DIRECTION('',(-0.12801762776786912,0.0,0.9917718926147723));
#2002=AXIS2_PLACEMENT_3D('',#286,#727,#2001);
#2003=PLANE('',#2002);
#2004=EDGE_LOOP('',(#1998,#1999,#2000));
#2005=FACE_BOUND('',#2004,.T.);
#2006=ADVANCED_FACE('',(#2005),#2003,.T.);
#2007=DIRECTION('',(0.4088945693970726,0.0,-0.9125816298378915));
#2008=VECTOR('',#2007,1000.0);
#2009=LINE('',#260,#2008);
#2010=EDGE_CURVE('',#261,#289,#2009,.T.);
#2011=ORIENTED_EDGE('',*,*,#1993,.F.);
#2012=ORIENTED_EDGE('',*,*,#1548,.F.);
#2013=ORIENTED_EDGE('',*,*,#2010,.T.);
#2014=DIRECTION('',(0.4607794321563232,0.0,0.8875146843301784));
#2015=AXIS2_PLACEMENT_3D('',#288,#727,#2014);
#2016=PLANE('',#2015);
#2017=EDGE_LOOP('',(#2011,#2012,#2013));
#2018=FACE_BOUND('',#2017,.T.);
#2019=ADVANCED_FACE('',(#2018),#2016,.T.);
#2020=DIRECTION('',(-0.16131529337273665,0.0,-0.9869029213271525));
#2021=VECTOR('',#2020,1000.0);
#2022=LINE('',#260,#2021);
#2023=EDGE_CURVE('',#261,#291,#2022,.T.);
#2024=DIRECTION('',(0.8598201513489923,0.0,0.5105970106984529));
#2025=VECTOR('',#2024,1000.0);
#2026=LINE('',#290,#2025);
#2027=EDGE_CURVE('',#291,#289,#2026,.T.);
#2028=ORIENTED_EDGE('',*,*,#2010,.F.);
#2029=ORIENTED_EDGE('',*,*,#2023,.T.);
#2030=ORIENTED_EDGE('',*,*,#2027,.T.);
#2031=DIRECTION('',(-0.4088945693970726,0.0,0.9125816298378915));
#2032=AXIS2_PLACEMENT_3D('',#288,#727,#2031);
#2033=PLANE('',#2032);
#2034=EDGE_LOOP('',(#2028,#2029,#2030));
#2035=FACE_BOUND('',#2034,.T.);
#2036=ADVANCED_FACE('',(#2035),#2033,.T.);
#2037=DIRECTION('',(0.7106366923932204,0.0,-0.7035591598610763));
#2038=VECTOR('',#2037,1000.0);
#2039=LINE('',#262,#2038);
#2040=EDGE_CURVE('',#263,#291,#2039,.T.);
#2041=ORIENTED_EDGE('',*,*,#2023,.F.);
#2042=ORIENTED_EDGE('',*,*,#1580,.F.);
#2043=ORIENTED_EDGE('',*,*,#2040,.T.);
#2044=DIRECTION('',(0.16131529337273665,0.0,0.9869029213271525));
#2045=AXIS2_PLACEMENT_3D('',#290,#727,#2044);
#2046=PLANE('',#2045);
#2047=EDGE_LOOP('',(#2041,#2042,#2043));
#2048=FACE_BOUND('',#2047,.T.);
#2049=ADVANCED_FACE('',(#2048),#2046,.T.);
#2050=DIRECTION('',(0.1825762111030771,0.0,-0.983191704165187));
#2051=VECTOR('',#2050,1000.0);
#2052=LINE('',#262,#2051);
#2053=EDGE_CURVE('',#263,#293,#2052,.T.);
#2054=DIRECTION('',(0.7114693660477693,0.0,0.702717113193912));
#2055=VECTOR('',#2054,1000.0);
#2056=LINE('',#292,#2055);
#2057=EDGE_CURVE('',#293,#291,#2056,.T.);
#2058=ORIENTED_EDGE('',*,*,#2040,.F.);
#2059=ORIENTED_EDGE('',*,*,#2053,.T.);
#2060=ORIENTED_EDGE('',*,*,#2057,.T.);
#2061=DIRECTION('',(-0.0,-1.0,-0.0));
#2062=DIRECTION('',(-0.7106366923932204,0.0,0.7035591598610763));
#2063=AXIS2_PLACEMENT_3D('',#290,#2061,#2062);
#2064=PLANE('',#2063);
#2065=EDGE_LOOP('',(#2058,#2059,#2060));
#2066=FACE_BOUND('',#2065,.T.);
#2067=ADVANCED_FACE('',(#2066),#2064,.T.);
#2068=DIRECTION('',(0.8832039534606174,0.0,-0.468989100717208));
#2069=VECTOR('',#2068,1000.0);
#2070=LINE('',#264,#2069);
#2071=EDGE_CURVE('',#265,#293,#2070,.T.);
#2072=ORIENTED_EDGE('',*,*,#2053,.F.);
#2073=ORIENTED_EDGE('',*,*,#1612,.F.);
#2074=ORIENTED_EDGE('',*,*,#2071,.T.);
#2075=DIRECTION('',(-0.1825762111030771,0.0,0.983191704165187));
#2076=AXIS2_PLACEMENT_3D('',#292,#727,#2075);
#2077=PLANE('',#2076);
#2078=EDGE_LOOP('',(#2072,#2073,#2074));
#2079=FACE_BOUND('',#2078,.T.);
#2080=ADVANCED_FACE('',(#2079),#2077,.T.);
#2081=DIRECTION('',(0.46037677833550456,0.0,-0.8877236180081172));
#2082=VECTOR('',#2081,1000.0);
#2083=LINE('',#264,#2082);
#2084=EDGE_CURVE('',#265,#295,#2083,.T.);
#2085=DIRECTION('',(0.5219003758523301,0.0,0.8530064464499648));
#2086=VECTOR('',#2085,1000.0);
#2087=LINE('',#294,#2086);
#2088=EDGE_CURVE('',#295,#293,#2087,.T.);
#2089=ORIENTED_EDGE('',*,*,#2071,.F.);
#2090=ORIENTED_EDGE('',*,*,#2084,.T.);
#2091=ORIENTED_EDGE('',*,*,#2088,.T.);
#2092=DIRECTION('',(-0.0,-1.0,-0.0));
#2093=DIRECTION('',(-0.8832039534606174,0.0,0.468989100717208));
#2094=AXIS2_PLACEMENT_3D('',#292,#2092,#2093);
#2095=PLANE('',#2094);
#2096=EDGE_LOOP('',(#2089,#2090,#2091));
#2097=FACE_BOUND('',#2096,.T.);
#2098=ADVANCED_FACE('',(#2097),#2095,.T.);
#2099=DIRECTION('',(0.9582892615929441,0.0,-0.2858000894255454));
#2100=VECTOR('',#2099,1000.0);
#2101=LINE('',#266,#2100);
#2102=EDGE_CURVE('',#267,#295,#2101,.T.);
#2103=ORIENTED_EDGE('',*,*,#2084,.F.);
#2104=ORIENTED_EDGE('',*,*,#1644,.F.);
#2105=ORIENTED_EDGE('',*,*,#2102,.T.);
#2106=DIRECTION('',(-0.46037677833550456,0.0,0.8877236180081172));
#2107=AXIS2_PLACEMENT_3D('',#294,#727,#2106);
#2108=PLANE('',#2107);
#2109=EDGE_LOOP('',(#2103,#2104,#2105));
#2110=FACE_BOUND('',#2109,.T.);
#2111=ADVANCED_FACE('',(#2110),#2108,.T.);
#2112=DIRECTION('',(0.581668207272417,0.0,-0.8134261470155068));
#2113=VECTOR('',#2112,1000.0);
#2114=LINE('',#266,#2113);
#2115=EDGE_CURVE('',#267,#297,#2114,.T.);
#2116=DIRECTION('',(0.2978586284573995,0.0,0.9546099923285304));
#2117=VECTOR('',#2116,1000.0);
#2118=LINE('',#296,#2117);
#2119=EDGE_CURVE('',#297,#295,#2118,.T.);
#2120=ORIENTED_EDGE('',*,*,#2102,.F.);
#2121=ORIENTED_EDGE('',*,*,#2115,.T.);
#2122=ORIENTED_EDGE('',*,*,#2119,.T.);
#2123=DIRECTION('',(-0.0,-1.0,-0.0));
#2124=DIRECTION('',(-0.9582892615929441,0.0,0.2858000894255454));
#2125=AXIS2_PLACEMENT_3D('',#294,#2123,#2124);
#2126=PLANE('',#2125);
#2127=EDGE_LOOP('',(#2120,#2121,#2122));
#2128=FACE_BOUND('',#2127,.T.);
#2129=ADVANCED_FACE('',(#2128),#2126,.T.);
#2130=DIRECTION('',(0.9804755323180278,0.0,-0.1966411211463159));
#2131=VECTOR('',#2130,1000.0);
#2132=LINE('',#268,#2131);
#2133=EDGE_CURVE('',#269,#297,#2132,.T.);
#2134=ORIENTED_EDGE('',*,*,#2115,.F.);
#2135=ORIENTED_EDGE('',*,*,#1676,.F.);
#2136=ORIENTED_EDGE('',*,*,#2133,.T.);
#2137=DIRECTION('',(-0.581668207272417,0.0,0.8134261470155068));
#2138=AXIS2_PLACEMENT_3D('',#296,#727,#2137);
#2139=PLANE('',#2138);
#2140=EDGE_LOOP('',(#2134,#2135,#2136));
#2141=FACE_BOUND('',#2140,.T.);
#2142=ADVANCED_FACE('',(#2141),#2139,.T.);
#2143=DIRECTION('',(0.6758902440294987,0.0,-0.7370022917371049));
#2144=VECTOR('',#2143,1000.0);
#2145=LINE('',#268,#2144);
#2146=EDGE_CURVE('',#269,#299,#2145,.T.);
#2147=DIRECTION('',(0.0870634181174689,0.0,0.9962027711393412));
#2148=VECTOR('',#2147,1000.0);
#2149=LINE('',#298,#2148);
#2150=EDGE_CURVE('',#299,#297,#2149,.T.);
#2151=ORIENTED_EDGE('',*,*,#2133,.F.);
#2152=ORIENTED_EDGE('',*,*,#2146,.T.);
#2153=ORIENTED_EDGE('',*,*,#2150,.T.);
#2154=DIRECTION('',(-0.0,-1.0,-0.0));
#2155=DIRECTION('',(-0.9804755323180278,0.0,0.1966411211463159));
#2156=AXIS2_PLACEMENT_3D('',#296,#2154,#2155);
#2157=PLANE('',#2156);
#2158=EDGE_LOOP('',(#2151,#2152,#2153));
#2159=FACE_BOUND('',#2158,.T.);
#2160=ADVANCED_FACE('',(#2159),#2157,.T.);
#2161=DIRECTION('',(0.999774370377675,0.0,0.02124166509300852));
#2162=VECTOR('',#2161,1000.0);
#2163=LINE('',#242,#2162);
#2164=EDGE_CURVE('',#243,#299,#2163,.T.);
#2165=ORIENTED_EDGE('',*,*,#2146,.F.);
#2166=ORIENTED_EDGE('',*,*,#1706,.F.);
#2167=ORIENTED_EDGE('',*,*,#2164,.T.);
#2168=DIRECTION('',(-0.6758902440294987,0.0,0.7370022917371049));
#2169=AXIS2_PLACEMENT_3D('',#298,#727,#2168);
#2170=PLANE('',#2169);
#2171=EDGE_LOOP('',(#2165,#2166,#2167));
#2172=FACE_BOUND('',#2171,.T.);
#2173=ADVANCED_FACE('',(#2172),#2170,.T.);
#2174=DIRECTION('',(0.8278030593789109,0.0,-0.5610188008283818));
#2175=VECTOR('',#2174,1000.0);
#2176=LINE('',#242,#2175);
#2177=EDGE_CURVE('',#243,#301,#2176,.T.);
#2178=DIRECTION('',(-0.08510013496973333,0.0,0.996372403786924));
#2179=VECTOR('',#2178,1000.0);
#2180=LINE('',#300,#2179);
#2181=EDGE_CURVE('',#301,#299,#2180,.T.);
#2182=ORIENTED_EDGE('',*,*,#2164,.F.);
#2183=ORIENTED_EDGE('',*,*,#2177,.T.);
#2184=ORIENTED_EDGE('',*,*,#2181,.T.);
#2185=DIRECTION('',(0.0,-1.0,-0.0));
#2186=DIRECTION('',(-0.999774370377675,0.0,-0.02124166509300852));
#2187=AXIS2_PLACEMENT_3D('',#298,#2185,#2186);
#2188=PLANE('',#2187);
#2189=EDGE_LOOP('',(#2182,#2183,#2184));
#2190=FACE_BOUND('',#2189,.T.);
#2191=ADVANCED_FACE('',(#2190),#2188,.T.);
#2192=DIRECTION('',(0.999819860120246,0.0,-0.018980182009969503));
#2193=VECTOR('',#2192,1000.0);
#2194=LINE('',#244,#2193);
#2195=EDGE_CURVE('',#245,#301,#2194,.T.);
#2196=ORIENTED_EDGE('',*,*,#2177,.F.);
#2197=ORIENTED_EDGE('',*,*,#1257,.F.);
#2198=ORIENTED_EDGE('',*,*,#2195,.T.);
#2199=DIRECTION('',(-0.0,-1.0,-0.0));
#2200=DIRECTION('',(-0.8278030593789109,0.0,0.5610188008283818));
#2201=AXIS2_PLACEMENT_3D('',#300,#2199,#2200);
#2202=PLANE('',#2201);
#2203=EDGE_LOOP('',(#2196,#2197,#2198));
#2204=FACE_BOUND('',#2203,.T.);
#2205=ADVANCED_FACE('',(#2204),#2202,.T.);
#2206=DIRECTION('',(0.8892135741265642,0.0,-0.4574923164262557));
#2207=VECTOR('',#2206,1000.0);
#2208=LINE('',#244,#2207);
#2209=EDGE_CURVE('',#245,#303,#2208,.T.);
#2210=DIRECTION('',(-0.2830394136486742,0.0,0.9591082787263463));
#2211=VECTOR('',#2210,1000.0);
#2212=LINE('',#302,#2211);
#2213=EDGE_CURVE('',#303,#301,#2212,.T.);
#2214=ORIENTED_EDGE('',*,*,#2195,.F.);
#2215=ORIENTED_EDGE('',*,*,#2209,.T.);
#2216=ORIENTED_EDGE('',*,*,#2213,.T.);
#2217=DIRECTION('',(-0.0,-1.0,-0.0));
#2218=DIRECTION('',(-0.999819860120246,0.0,0.018980182009969503));
#2219=AXIS2_PLACEMENT_3D('',#300,#2217,#2218);
#2220=PLANE('',#2219);
#2221=EDGE_LOOP('',(#2214,#2215,#2216));
#2222=FACE_BOUND('',#2221,.T.);
#2223=ADVANCED_FACE('',(#2222),#2220,.T.);
#2224=LINE('',#246,#1779);
#2225=EDGE_CURVE('',#247,#303,#2224,.T.);
#2226=ORIENTED_EDGE('',*,*,#2209,.F.);
#2227=ORIENTED_EDGE('',*,*,#1290,.F.);
#2228=ORIENTED_EDGE('',*,*,#2225,.T.);
#2229=DIRECTION('',(-0.0,-1.0,-0.0));
#2230=DIRECTION('',(-0.8892135741265642,0.0,0.4574923164262557));
#2231=AXIS2_PLACEMENT_3D('',#302,#2229,#2230);
#2232=PLANE('',#2231);
#2233=EDGE_LOOP('',(#2226,#2227,#2228));
#2234=FACE_BOUND('',#2233,.T.);
#2235=ADVANCED_FACE('',(#2234),#2232,.T.);
#2236=DIRECTION('',(-0.4907440539401445,0.0,0.8713037779800984));
#2237=VECTOR('',#2236,1000.0);
#2238=LINE('',#270,#2237);
#2239=EDGE_CURVE('',#271,#303,#2238,.T.);
#2240=ORIENTED_EDGE('',*,*,#2225,.F.);
#2241=ORIENTED_EDGE('',*,*,#1723,.F.);
#2242=ORIENTED_EDGE('',*,*,#2239,.T.);
#2243=DIRECTION('',(0.0,-1.0,-0.0));
#2244=AXIS2_PLACEMENT_3D('',#302,#2243,#1804);
#2245=PLANE('',#2244);
#2246=EDGE_LOOP('',(#2240,#2241,#2242));
#2247=FACE_BOUND('',#2246,.T.);
#2248=ADVANCED_FACE('',(#2247),#2245,.T.);
#2249=DIRECTION('',(-0.997709392603539,-0.06764590091555675,0.0));
#2250=VECTOR('',#2249,1000.0);
#2251=LINE('',#280,#2250);
#2252=EDGE_CURVE('',#281,#305,#2251,.T.);
#2253=LINE('',#304,#463);
#2254=EDGE_CURVE('',#305,#279,#2253,.T.);
#2255=ORIENTED_EDGE('',*,*,#1877,.F.);
#2256=ORIENTED_EDGE('',*,*,#2252,.T.);
#2257=ORIENTED_EDGE('',*,*,#2254,.T.);
#2258=AXIS2_PLACEMENT_3D('',#278,#502,#12);
#2259=PLANE('',#2258);
#2260=EDGE_LOOP('',(#2255,#2256,#2257));
#2261=FACE_BOUND('',#2260,.T.);
#2262=ADVANCED_FACE('',(#2261),#2259,.T.);
#2263=LINE('',#280,#476);
#2264=EDGE_CURVE('',#281,#307,#2263,.T.);
#2265=LINE('',#306,#511);
#2266=EDGE_CURVE('',#307,#305,#2265,.T.);
#2267=ORIENTED_EDGE('',*,*,#2252,.F.);
#2268=ORIENTED_EDGE('',*,*,#2264,.T.);
#2269=ORIENTED_EDGE('',*,*,#2266,.T.);
#2270=DIRECTION('',(0.0,0.0,-1.0));
#2271=DIRECTION('',(0.997709392603539,0.06764590091555675,0.0));
#2272=AXIS2_PLACEMENT_3D('',#304,#2270,#2271);
#2273=PLANE('',#2272);
#2274=EDGE_LOOP('',(#2267,#2268,#2269));
#2275=FACE_BOUND('',#2274,.T.);
#2276=ADVANCED_FACE('',(#2275),#2273,.T.);
#2277=LINE('',#304,#1484);
#2278=EDGE_CURVE('',#305,#309,#2277,.T.);
#2279=DIRECTION('',(0.9909080571932665,0.08371984261517924,-0.10531956200989384));
#2280=VECTOR('',#2279,1000.0);
#2281=LINE('',#308,#2280);
#2282=EDGE_CURVE('',#309,#279,#2281,.T.);
#2283=ORIENTED_EDGE('',*,*,#2254,.F.);
#2284=ORIENTED_EDGE('',*,*,#2278,.T.);
#2285=ORIENTED_EDGE('',*,*,#2282,.T.);
#2286=DIRECTION('',(-0.1056906066850879,-0.0,-0.9943990625792736));
#2287=AXIS2_PLACEMENT_3D('',#278,#2286,#475);
#2288=PLANE('',#2287);
#2289=EDGE_LOOP('',(#2283,#2284,#2285));
#2290=FACE_BOUND('',#2289,.T.);
#2291=ADVANCED_FACE('',(#2290),#2288,.T.);
#2292=LINE('',#308,#463);
#2293=EDGE_CURVE('',#309,#277,#2292,.T.);
#2294=ORIENTED_EDGE('',*,*,#2282,.F.);
#2295=ORIENTED_EDGE('',*,*,#2293,.T.);
#2296=ORIENTED_EDGE('',*,*,#1847,.F.);
#2297=DIRECTION('',(-0.1056906066850879,0.0,-0.9943990625792736));
#2298=DIRECTION('',(-0.9909080571932665,-0.08371984261517924,0.10531956200989384));
#2299=AXIS2_PLACEMENT_3D('',#278,#2297,#2298);
#2300=PLANE('',#2299);
#2301=EDGE_LOOP('',(#2294,#2295,#2296));
#2302=FACE_BOUND('',#2301,.T.);
#2303=ADVANCED_FACE('',(#2302),#2300,.T.);
#2304=DIRECTION('',(-0.9438547907948388,0.0,0.33036061189801535));
#2305=VECTOR('',#2304,1000.0);
#2306=LINE('',#308,#2305);
#2307=EDGE_CURVE('',#309,#311,#2306,.T.);
#2308=DIRECTION('',(0.9377436434522014,0.11361081214589339,-0.32822163628947654));
#2309=VECTOR('',#2308,1000.0);
#2310=LINE('',#310,#2309);
#2311=EDGE_CURVE('',#311,#277,#2310,.T.);
#2312=ORIENTED_EDGE('',*,*,#2293,.F.);
#2313=ORIENTED_EDGE('',*,*,#2307,.T.);
#2314=ORIENTED_EDGE('',*,*,#2311,.T.);
#2315=DIRECTION('',(-0.33036061189801535,-0.0,-0.9438547907948388));
#2316=AXIS2_PLACEMENT_3D('',#276,#2315,#475);
#2317=PLANE('',#2316);
#2318=EDGE_LOOP('',(#2312,#2313,#2314));
#2319=FACE_BOUND('',#2318,.T.);
#2320=ADVANCED_FACE('',(#2319),#2317,.T.);
#2321=LINE('',#310,#463);
#2322=EDGE_CURVE('',#311,#275,#2321,.T.);
#2323=ORIENTED_EDGE('',*,*,#2311,.F.);
#2324=ORIENTED_EDGE('',*,*,#2322,.T.);
#2325=ORIENTED_EDGE('',*,*,#1817,.F.);
#2326=DIRECTION('',(-0.33036061189801535,0.0,-0.9438547907948388));
#2327=DIRECTION('',(-0.9377436434522014,-0.11361081214589339,0.32822163628947654));
#2328=AXIS2_PLACEMENT_3D('',#276,#2326,#2327);
#2329=PLANE('',#2328);
#2330=EDGE_LOOP('',(#2323,#2324,#2325));
#2331=FACE_BOUND('',#2330,.T.);
#2332=ADVANCED_FACE('',(#2331),#2329,.T.);
#2333=LINE('',#310,#1783);
#2334=EDGE_CURVE('',#311,#313,#2333,.T.);
#2335=DIRECTION('',(0.8344952565563615,0.11425181497212004,-0.5390400630384619));
#2336=VECTOR('',#2335,1000.0);
#2337=LINE('',#312,#2336);
#2338=EDGE_CURVE('',#313,#275,#2337,.T.);
#2339=ORIENTED_EDGE('',*,*,#2322,.F.);
#2340=ORIENTED_EDGE('',*,*,#2334,.T.);
#2341=ORIENTED_EDGE('',*,*,#2338,.T.);
#2342=DIRECTION('',(-0.5425930589315535,-0.0,-0.839995697845709));
#2343=AXIS2_PLACEMENT_3D('',#274,#2342,#475);
#2344=PLANE('',#2343);
#2345=EDGE_LOOP('',(#2339,#2340,#2341));
#2346=FACE_BOUND('',#2345,.T.);
#2347=ADVANCED_FACE('',(#2346),#2344,.T.);
#2348=LINE('',#312,#463);
#2349=EDGE_CURVE('',#313,#273,#2348,.T.);
#2350=ORIENTED_EDGE('',*,*,#2338,.F.);
#2351=ORIENTED_EDGE('',*,*,#2349,.T.);
#2352=ORIENTED_EDGE('',*,*,#1785,.F.);
#2353=DIRECTION('',(-0.5425930589315535,0.0,-0.839995697845709));
#2354=DIRECTION('',(-0.8344952565563615,-0.11425181497212004,0.5390400630384619));
#2355=AXIS2_PLACEMENT_3D('',#274,#2353,#2354);
#2356=PLANE('',#2355);
#2357=EDGE_LOOP('',(#2350,#2351,#2352));
#2358=FACE_BOUND('',#2357,.T.);
#2359=ADVANCED_FACE('',(#2358),#2356,.T.);
#2360=LINE('',#312,#1751);
#2361=EDGE_CURVE('',#313,#315,#2360,.T.);
#2362=DIRECTION('',(0.6788921428740103,0.1397472504886799,-0.7208163180206096));
#2363=VECTOR('',#2362,1000.0);
#2364=LINE('',#314,#2363);
#2365=EDGE_CURVE('',#315,#273,#2364,.T.);
#2366=ORIENTED_EDGE('',*,*,#2349,.F.);
#2367=ORIENTED_EDGE('',*,*,#2361,.T.);
#2368=ORIENTED_EDGE('',*,*,#2365,.T.);
#2369=DIRECTION('',(-0.727959634834665,-0.0,-0.6856199895360268));
#2370=AXIS2_PLACEMENT_3D('',#272,#2369,#475);
#2371=PLANE('',#2370);
#2372=EDGE_LOOP('',(#2366,#2367,#2368));
#2373=FACE_BOUND('',#2372,.T.);
#2374=ADVANCED_FACE('',(#2373),#2371,.T.);
#2375=LINE('',#314,#463);
#2376=EDGE_CURVE('',#315,#271,#2375,.T.);
#2377=ORIENTED_EDGE('',*,*,#2365,.F.);
#2378=ORIENTED_EDGE('',*,*,#2376,.T.);
#2379=ORIENTED_EDGE('',*,*,#1753,.F.);
#2380=DIRECTION('',(-0.727959634834665,0.0,-0.6856199895360268));
#2381=DIRECTION('',(-0.6788921428740103,-0.1397472504886799,0.7208163180206096));
#2382=AXIS2_PLACEMENT_3D('',#272,#2380,#2381);
#2383=PLANE('',#2382);
#2384=EDGE_LOOP('',(#2377,#2378,#2379));
#2385=FACE_BOUND('',#2384,.T.);
#2386=ADVANCED_FACE('',(#2385),#2383,.T.);
#2387=LINE('',#314,#2237);
#2388=EDGE_CURVE('',#315,#317,#2387,.T.);
#2389=DIRECTION('',(0.48591975205276566,0.13987327347517825,-0.8627383507949075));
#2390=VECTOR('',#2389,1000.0);
#2391=LINE('',#316,#2390);
#2392=EDGE_CURVE('',#317,#271,#2391,.T.);
#2393=ORIENTED_EDGE('',*,*,#2376,.F.);
#2394=ORIENTED_EDGE('',*,*,#2388,.T.);
#2395=ORIENTED_EDGE('',*,*,#2392,.T.);
#2396=DIRECTION('',(-0.8713037779800984,-0.0,-0.49074405394014453));
#2397=AXIS2_PLACEMENT_3D('',#270,#2396,#475);
#2398=PLANE('',#2397);
#2399=EDGE_LOOP('',(#2393,#2394,#2395));
#2400=FACE_BOUND('',#2399,.T.);
#2401=ADVANCED_FACE('',(#2400),#2398,.T.);
#2402=LINE('',#316,#463);
#2403=EDGE_CURVE('',#317,#303,#2402,.T.);
#2404=ORIENTED_EDGE('',*,*,#2392,.F.);
#2405=ORIENTED_EDGE('',*,*,#2403,.T.);
#2406=ORIENTED_EDGE('',*,*,#2239,.F.);
#2407=DIRECTION('',(-0.8713037779800984,0.0,-0.49074405394014453));
#2408=DIRECTION('',(-0.48591975205276566,-0.13987327347517825,0.8627383507949075));
#2409=AXIS2_PLACEMENT_3D('',#270,#2407,#2408);
#2410=PLANE('',#2409);
#2411=EDGE_LOOP('',(#2404,#2405,#2406));
#2412=FACE_BOUND('',#2411,.T.);
#2413=ADVANCED_FACE('',(#2412),#2410,.T.);
#2414=LINE('',#316,#2211);
#2415=EDGE_CURVE('',#317,#319,#2414,.T.);
#2416=DIRECTION('',(0.2809809129856418,0.12038599528090621,-0.9521328366766796));
#2417=VECTOR('',#2416,1000.0);
#2418=LINE('',#318,#2417);
#2419=EDGE_CURVE('',#319,#303,#2418,.T.);
#2420=ORIENTED_EDGE('',*,*,#2403,.F.);
#2421=ORIENTED_EDGE('',*,*,#2415,.T.);
#2422=ORIENTED_EDGE('',*,*,#2419,.T.);
#2423=DIRECTION('',(-0.9591082787263463,-0.0,-0.2830394136486742));
#2424=AXIS2_PLACEMENT_3D('',#302,#2423,#475);
#2425=PLANE('',#2424);
#2426=EDGE_LOOP('',(#2420,#2421,#2422));
#2427=FACE_BOUND('',#2426,.T.);
#2428=ADVANCED_FACE('',(#2427),#2425,.T.);
#2429=LINE('',#318,#463);
#2430=EDGE_CURVE('',#319,#301,#2429,.T.);
#2431=ORIENTED_EDGE('',*,*,#2419,.F.);
#2432=ORIENTED_EDGE('',*,*,#2430,.T.);
#2433=ORIENTED_EDGE('',*,*,#2213,.F.);
#2434=DIRECTION('',(-0.9591082787263463,0.0,-0.2830394136486742));
#2435=DIRECTION('',(-0.2809809129856418,-0.12038599528090621,0.9521328366766796));
#2436=AXIS2_PLACEMENT_3D('',#302,#2434,#2435);
#2437=PLANE('',#2436);
#2438=EDGE_LOOP('',(#2431,#2432,#2433));
#2439=FACE_BOUND('',#2438,.T.);
#2440=ADVANCED_FACE('',(#2439),#2437,.T.);
#2441=LINE('',#318,#2179);
#2442=EDGE_CURVE('',#319,#321,#2441,.T.);
#2443=DIRECTION('',(0.08467681094509252,0.09961977758247285,-0.9914160265007761));
#2444=VECTOR('',#2443,1000.0);
#2445=LINE('',#320,#2444);
#2446=EDGE_CURVE('',#321,#301,#2445,.T.);
#2447=ORIENTED_EDGE('',*,*,#2430,.F.);
#2448=ORIENTED_EDGE('',*,*,#2442,.T.);
#2449=ORIENTED_EDGE('',*,*,#2446,.T.);
#2450=DIRECTION('',(-0.996372403786924,-0.0,-0.08510013496973333));
#2451=AXIS2_PLACEMENT_3D('',#300,#2450,#475);
#2452=PLANE('',#2451);
#2453=EDGE_LOOP('',(#2447,#2448,#2449));
#2454=FACE_BOUND('',#2453,.T.);
#2455=ADVANCED_FACE('',(#2454),#2452,.T.);
#2456=LINE('',#320,#463);
#2457=EDGE_CURVE('',#321,#299,#2456,.T.);
#2458=ORIENTED_EDGE('',*,*,#2446,.F.);
#2459=ORIENTED_EDGE('',*,*,#2457,.T.);
#2460=ORIENTED_EDGE('',*,*,#2181,.F.);
#2461=DIRECTION('',(-0.996372403786924,0.0,-0.08510013496973333));
#2462=DIRECTION('',(-0.08467681094509252,-0.09961977758247285,0.9914160265007761));
#2463=AXIS2_PLACEMENT_3D('',#300,#2461,#2462);
#2464=PLANE('',#2463);
#2465=EDGE_LOOP('',(#2458,#2459,#2460));
#2466=FACE_BOUND('',#2465,.T.);
#2467=ADVANCED_FACE('',(#2466),#2464,.T.);
#2468=LINE('',#320,#2148);
#2469=EDGE_CURVE('',#321,#323,#2468,.T.);
#2470=DIRECTION('',(-0.08667448579686178,0.09441665119484126,-0.9917525041506078));
#2471=VECTOR('',#2470,1000.0);
#2472=LINE('',#322,#2471);
#2473=EDGE_CURVE('',#323,#299,#2472,.T.);
#2474=ORIENTED_EDGE('',*,*,#2457,.F.);
#2475=ORIENTED_EDGE('',*,*,#2469,.T.);
#2476=ORIENTED_EDGE('',*,*,#2473,.T.);
#2477=DIRECTION('',(-0.9962027711393413,0.0,0.0870634181174689));
#2478=AXIS2_PLACEMENT_3D('',#298,#2477,#475);
#2479=PLANE('',#2478);
#2480=EDGE_LOOP('',(#2474,#2475,#2476));
#2481=FACE_BOUND('',#2480,.T.);
#2482=ADVANCED_FACE('',(#2481),#2479,.T.);
#2483=LINE('',#322,#463);
#2484=EDGE_CURVE('',#323,#297,#2483,.T.);
#2485=ORIENTED_EDGE('',*,*,#2473,.F.);
#2486=ORIENTED_EDGE('',*,*,#2484,.T.);
#2487=ORIENTED_EDGE('',*,*,#2150,.F.);
#2488=DIRECTION('',(-0.9962027711393413,0.0,0.0870634181174689));
#2489=DIRECTION('',(0.08667448579686178,-0.09441665119484126,0.9917525041506078));
#2490=AXIS2_PLACEMENT_3D('',#298,#2488,#2489);
#2491=PLANE('',#2490);
#2492=EDGE_LOOP('',(#2485,#2486,#2487));
#2493=FACE_BOUND('',#2492,.T.);
#2494=ADVANCED_FACE('',(#2493),#2491,.T.);
#2495=LINE('',#322,#2117);
#2496=EDGE_CURVE('',#323,#325,#2495,.T.);
#2497=DIRECTION('',(-0.29633446002032066,0.10103459257426682,-0.9497251701981037));
#2498=VECTOR('',#2497,1000.0);
#2499=LINE('',#324,#2498);
#2500=EDGE_CURVE('',#325,#297,#2499,.T.);
#2501=ORIENTED_EDGE('',*,*,#2484,.F.);
#2502=ORIENTED_EDGE('',*,*,#2496,.T.);
#2503=ORIENTED_EDGE('',*,*,#2500,.T.);
#2504=DIRECTION('',(-0.9546099923285304,0.0,0.29785862845739947));
#2505=AXIS2_PLACEMENT_3D('',#296,#2504,#475);
#2506=PLANE('',#2505);
#2507=EDGE_LOOP('',(#2501,#2502,#2503));
#2508=FACE_BOUND('',#2507,.T.);
#2509=ADVANCED_FACE('',(#2508),#2506,.T.);
#2510=LINE('',#324,#463);
#2511=EDGE_CURVE('',#325,#295,#2510,.T.);
#2512=ORIENTED_EDGE('',*,*,#2500,.F.);
#2513=ORIENTED_EDGE('',*,*,#2511,.T.);
#2514=ORIENTED_EDGE('',*,*,#2119,.F.);
#2515=DIRECTION('',(0.29633446002032066,-0.10103459257426682,0.9497251701981037));
#2516=AXIS2_PLACEMENT_3D('',#296,#2504,#2515);
#2517=PLANE('',#2516);
#2518=EDGE_LOOP('',(#2512,#2513,#2514));
#2519=FACE_BOUND('',#2518,.T.);
#2520=ADVANCED_FACE('',(#2519),#2517,.T.);
#2521=LINE('',#324,#2086);
#2522=EDGE_CURVE('',#325,#327,#2521,.T.);
#2523=DIRECTION('',(-0.5179506432017292,0.12279531607437717,-0.8465509090167637));
#2524=VECTOR('',#2523,1000.0);
#2525=LINE('',#326,#2524);
#2526=EDGE_CURVE('',#327,#295,#2525,.T.);
#2527=ORIENTED_EDGE('',*,*,#2511,.F.);
#2528=ORIENTED_EDGE('',*,*,#2522,.T.);
#2529=ORIENTED_EDGE('',*,*,#2526,.T.);
#2530=DIRECTION('',(-0.8530064464499648,0.0,0.5219003758523301));
#2531=AXIS2_PLACEMENT_3D('',#294,#2530,#475);
#2532=PLANE('',#2531);
#2533=EDGE_LOOP('',(#2527,#2528,#2529));
#2534=FACE_BOUND('',#2533,.T.);
#2535=ADVANCED_FACE('',(#2534),#2532,.T.);
#2536=LINE('',#326,#463);
#2537=EDGE_CURVE('',#327,#293,#2536,.T.);
#2538=ORIENTED_EDGE('',*,*,#2526,.F.);
#2539=ORIENTED_EDGE('',*,*,#2537,.T.);
#2540=ORIENTED_EDGE('',*,*,#2088,.F.);
#2541=DIRECTION('',(0.5179506432017292,-0.12279531607437717,0.8465509090167637));
#2542=AXIS2_PLACEMENT_3D('',#294,#2530,#2541);
#2543=PLANE('',#2542);
#2544=EDGE_LOOP('',(#2538,#2539,#2540));
#2545=FACE_BOUND('',#2544,.T.);
#2546=ADVANCED_FACE('',(#2545),#2543,.T.);
#2547=DIRECTION('',(0.7114693660477693,0.0,0.702717113193912));
#2548=VECTOR('',#2547,1000.0);
#2549=LINE('',#326,#2548);
#2550=EDGE_CURVE('',#327,#329,#2549,.T.);
#2551=DIRECTION('',(-0.70581394007537,0.12583596720901655,-0.6971312583379496));
#2552=VECTOR('',#2551,1000.0);
#2553=LINE('',#328,#2552);
#2554=EDGE_CURVE('',#329,#293,#2553,.T.);
#2555=ORIENTED_EDGE('',*,*,#2537,.F.);
#2556=ORIENTED_EDGE('',*,*,#2550,.T.);
#2557=ORIENTED_EDGE('',*,*,#2554,.T.);
#2558=DIRECTION('',(-0.702717113193912,0.0,0.7114693660477693));
#2559=AXIS2_PLACEMENT_3D('',#292,#2558,#475);
#2560=PLANE('',#2559);
#2561=EDGE_LOOP('',(#2555,#2556,#2557));
#2562=FACE_BOUND('',#2561,.T.);
#2563=ADVANCED_FACE('',(#2562),#2560,.T.);
#2564=LINE('',#328,#463);
#2565=EDGE_CURVE('',#329,#291,#2564,.T.);
#2566=ORIENTED_EDGE('',*,*,#2554,.F.);
#2567=ORIENTED_EDGE('',*,*,#2565,.T.);
#2568=ORIENTED_EDGE('',*,*,#2057,.F.);
#2569=DIRECTION('',(0.70581394007537,-0.12583596720901655,0.6971312583379496));
#2570=AXIS2_PLACEMENT_3D('',#292,#2558,#2569);
#2571=PLANE('',#2570);
#2572=EDGE_LOOP('',(#2566,#2567,#2568));
#2573=FACE_BOUND('',#2572,.T.);
#2574=ADVANCED_FACE('',(#2573),#2571,.T.);
#2575=LINE('',#328,#2025);
#2576=EDGE_CURVE('',#329,#331,#2575,.T.);
#2577=DIRECTION('',(-0.8530673451534279,0.1250831884389203,-0.5065869131776265));
#2578=VECTOR('',#2577,1000.0);
#2579=LINE('',#330,#2578);
#2580=EDGE_CURVE('',#331,#291,#2579,.T.);
#2581=ORIENTED_EDGE('',*,*,#2565,.F.);
#2582=ORIENTED_EDGE('',*,*,#2576,.T.);
#2583=ORIENTED_EDGE('',*,*,#2580,.T.);
#2584=DIRECTION('',(-0.510597010698453,0.0,0.8598201513489923));
#2585=AXIS2_PLACEMENT_3D('',#290,#2584,#475);
#2586=PLANE('',#2585);
#2587=EDGE_LOOP('',(#2581,#2582,#2583));
#2588=FACE_BOUND('',#2587,.T.);
#2589=ADVANCED_FACE('',(#2588),#2586,.T.);
#2590=LINE('',#330,#463);
#2591=EDGE_CURVE('',#331,#289,#2590,.T.);
#2592=ORIENTED_EDGE('',*,*,#2580,.F.);
#2593=ORIENTED_EDGE('',*,*,#2591,.T.);
#2594=ORIENTED_EDGE('',*,*,#2027,.F.);
#2595=DIRECTION('',(0.8530673451534279,-0.1250831884389203,0.5065869131776265));
#2596=AXIS2_PLACEMENT_3D('',#290,#2584,#2595);
#2597=PLANE('',#2596);
#2598=EDGE_LOOP('',(#2592,#2593,#2594));
#2599=FACE_BOUND('',#2598,.T.);
#2600=ADVANCED_FACE('',(#2599),#2597,.T.);
#2601=LINE('',#330,#1995);
#2602=EDGE_CURVE('',#331,#333,#2601,.T.);
#2603=DIRECTION('',(-0.9484837860682878,0.11271346239670609,-0.2960982657161518));
#2604=VECTOR('',#2603,1000.0);
#2605=LINE('',#332,#2604);
#2606=EDGE_CURVE('',#333,#289,#2605,.T.);
#2607=ORIENTED_EDGE('',*,*,#2591,.F.);
#2608=ORIENTED_EDGE('',*,*,#2602,.T.);
#2609=ORIENTED_EDGE('',*,*,#2606,.T.);
#2610=DIRECTION('',(-0.29799724315546744,0.0,0.9545667305493846));
#2611=AXIS2_PLACEMENT_3D('',#288,#2610,#475);
#2612=PLANE('',#2611);
#2613=EDGE_LOOP('',(#2607,#2608,#2609));
#2614=FACE_BOUND('',#2613,.T.);
#2615=ADVANCED_FACE('',(#2614),#2612,.T.);
#2616=LINE('',#332,#463);
#2617=EDGE_CURVE('',#333,#287,#2616,.T.);
#2618=ORIENTED_EDGE('',*,*,#2606,.F.);
#2619=ORIENTED_EDGE('',*,*,#2617,.T.);
#2620=ORIENTED_EDGE('',*,*,#1997,.F.);
#2621=DIRECTION('',(0.9484837860682878,-0.11271346239670609,0.2960982657161518));
#2622=AXIS2_PLACEMENT_3D('',#288,#2610,#2621);
#2623=PLANE('',#2622);
#2624=EDGE_LOOP('',(#2618,#2619,#2620));
#2625=FACE_BOUND('',#2624,.T.);
#2626=ADVANCED_FACE('',(#2625),#2623,.T.);
#2627=DIRECTION('',(0.9956959514402997,0.0,0.0926799454326357));
#2628=VECTOR('',#2627,1000.0);
#2629=LINE('',#332,#2628);
#2630=EDGE_CURVE('',#333,#335,#2629,.T.);
#2631=DIRECTION('',(-0.9912908513888302,0.09396121814112189,-0.09226991621457478));
#2632=VECTOR('',#2631,1000.0);
#2633=LINE('',#334,#2632);
#2634=EDGE_CURVE('',#335,#287,#2633,.T.);
#2635=ORIENTED_EDGE('',*,*,#2617,.F.);
#2636=ORIENTED_EDGE('',*,*,#2630,.T.);
#2637=ORIENTED_EDGE('',*,*,#2634,.T.);
#2638=DIRECTION('',(-0.09267994543263572,0.0,0.9956959514402998));
#2639=AXIS2_PLACEMENT_3D('',#286,#2638,#475);
#2640=PLANE('',#2639);
#2641=EDGE_LOOP('',(#2635,#2636,#2637));
#2642=FACE_BOUND('',#2641,.T.);
#2643=ADVANCED_FACE('',(#2642),#2640,.T.);
#2644=LINE('',#334,#463);
#2645=EDGE_CURVE('',#335,#285,#2644,.T.);
#2646=ORIENTED_EDGE('',*,*,#2634,.F.);
#2647=ORIENTED_EDGE('',*,*,#2645,.T.);
#2648=ORIENTED_EDGE('',*,*,#1967,.F.);
#2649=DIRECTION('',(0.9912908513888302,-0.09396121814112189,0.09226991621457478));
#2650=AXIS2_PLACEMENT_3D('',#286,#2638,#2649);
#2651=PLANE('',#2650);
#2652=EDGE_LOOP('',(#2646,#2647,#2648));
#2653=FACE_BOUND('',#2652,.T.);
#2654=ADVANCED_FACE('',(#2653),#2651,.T.);
#2655=DIRECTION('',(0.997528131185041,-0.07026825381692328,0.0));
#2656=VECTOR('',#2655,1000.0);
#2657=LINE('',#284,#2656);
#2658=EDGE_CURVE('',#285,#337,#2657,.T.);
#2659=LINE('',#336,#463);
#2660=EDGE_CURVE('',#337,#283,#2659,.T.);
#2661=ORIENTED_EDGE('',*,*,#1937,.F.);
#2662=ORIENTED_EDGE('',*,*,#2658,.T.);
#2663=ORIENTED_EDGE('',*,*,#2660,.T.);
#2664=AXIS2_PLACEMENT_3D('',#282,#11,#510);
#2665=PLANE('',#2664);
#2666=EDGE_LOOP('',(#2661,#2662,#2663));
#2667=FACE_BOUND('',#2666,.T.);
#2668=ADVANCED_FACE('',(#2667),#2665,.T.);
#2669=LINE('',#334,#492);
#2670=EDGE_CURVE('',#335,#337,#2669,.T.);
#2671=ORIENTED_EDGE('',*,*,#2658,.F.);
#2672=ORIENTED_EDGE('',*,*,#2645,.F.);
#2673=ORIENTED_EDGE('',*,*,#2670,.T.);
#2674=DIRECTION('',(-0.997528131185041,0.07026825381692328,0.0));
#2675=AXIS2_PLACEMENT_3D('',#336,#11,#2674);
#2676=PLANE('',#2675);
#2677=EDGE_LOOP('',(#2671,#2672,#2673));
#2678=FACE_BOUND('',#2677,.T.);
#2679=ADVANCED_FACE('',(#2678),#2676,.T.);
#2680=DIRECTION('',(0.0,-0.012811412452277265,-0.9999179304877864));
#2681=VECTOR('',#2680,1000.0);
#2682=LINE('',#282,#2681);
#2683=EDGE_CURVE('',#283,#307,#2682,.T.);
#2684=ORIENTED_EDGE('',*,*,#1909,.F.);
#2685=ORIENTED_EDGE('',*,*,#2683,.T.);
#2686=ORIENTED_EDGE('',*,*,#2264,.F.);
#2687=DIRECTION('',(1.0,0.0,-0.0));
#2688=AXIS2_PLACEMENT_3D('',#280,#2687,#11);
#2689=PLANE('',#2688);
#2690=EDGE_LOOP('',(#2684,#2685,#2686));
#2691=FACE_BOUND('',#2690,.T.);
#2692=ADVANCED_FACE('',(#2691),#2689,.T.);
#2693=DIRECTION('',(0.0,0.0,-1.0));
#2694=VECTOR('',#2693,1000.0);
#2695=LINE('',#336,#2694);
#2696=EDGE_CURVE('',#337,#307,#2695,.T.);
#2697=ORIENTED_EDGE('',*,*,#2683,.F.);
#2698=ORIENTED_EDGE('',*,*,#2660,.F.);
#2699=ORIENTED_EDGE('',*,*,#2696,.T.);
#2700=DIRECTION('',(1.0,0.0,-0.0));
#2701=DIRECTION('',(0.0,0.012811412452277265,0.9999179304877864));
#2702=AXIS2_PLACEMENT_3D('',#306,#2700,#2701);
#2703=PLANE('',#2702);
#2704=EDGE_LOOP('',(#2697,#2698,#2699));
#2705=FACE_BOUND('',#2704,.T.);
#2706=ADVANCED_FACE('',(#2705),#2703,.T.);
#2707=LINE('',#338,#1194);
#2708=EDGE_CURVE('',#339,#341,#2707,.T.);
#2709=DIRECTION('',(0.0,-0.09074028165317809,-0.9958745911436349));
#2710=VECTOR('',#2709,1000.0);
#2711=LINE('',#340,#2710);
#2712=EDGE_CURVE('',#341,#127,#2711,.T.);
#2713=LINE('',#126,#463);
#2714=EDGE_CURVE('',#127,#339,#2713,.T.);
#2715=ORIENTED_EDGE('',*,*,#2708,.T.);
#2716=ORIENTED_EDGE('',*,*,#2712,.T.);
#2717=ORIENTED_EDGE('',*,*,#2714,.T.);
#2718=DIRECTION('',(1.0,0.0,-0.0));
#2719=AXIS2_PLACEMENT_3D('',#338,#2718,#11);
#2720=PLANE('',#2719);
#2721=EDGE_LOOP('',(#2715,#2716,#2717));
#2722=FACE_BOUND('',#2721,.T.);
#2723=ADVANCED_FACE('',(#2722),#2720,.T.);
#2724=LINE('',#340,#476);
#2725=EDGE_CURVE('',#341,#129,#2724,.T.);
#2726=DIRECTION('',(0.0,0.0,-1.0));
#2727=VECTOR('',#2726,1000.0);
#2728=LINE('',#128,#2727);
#2729=EDGE_CURVE('',#129,#127,#2728,.T.);
#2730=ORIENTED_EDGE('',*,*,#2712,.F.);
#2731=ORIENTED_EDGE('',*,*,#2725,.T.);
#2732=ORIENTED_EDGE('',*,*,#2729,.T.);
#2733=DIRECTION('',(1.0,0.0,-0.0));
#2734=DIRECTION('',(0.0,0.09074028165317809,0.9958745911436349));
#2735=AXIS2_PLACEMENT_3D('',#126,#2733,#2734);
#2736=PLANE('',#2735);
#2737=EDGE_LOOP('',(#2730,#2731,#2732));
#2738=FACE_BOUND('',#2737,.T.);
#2739=ADVANCED_FACE('',(#2738),#2736,.T.);
#2740=LINE('',#340,#492);
#2741=EDGE_CURVE('',#341,#343,#2740,.T.);
#2742=DIRECTION('',(-0.9998263847258777,-0.018633314412126407,0.0));
#2743=VECTOR('',#2742,1000.0);
#2744=LINE('',#342,#2743);
#2745=EDGE_CURVE('',#343,#129,#2744,.T.);
#2746=ORIENTED_EDGE('',*,*,#2741,.T.);
#2747=ORIENTED_EDGE('',*,*,#2745,.T.);
#2748=ORIENTED_EDGE('',*,*,#2725,.F.);
#2749=AXIS2_PLACEMENT_3D('',#340,#502,#12);
#2750=PLANE('',#2749);
#2751=EDGE_LOOP('',(#2746,#2747,#2748));
#2752=FACE_BOUND('',#2751,.T.);
#2753=ADVANCED_FACE('',(#2752),#2750,.T.);
#2754=LINE('',#342,#476);
#2755=EDGE_CURVE('',#343,#33,#2754,.T.);
#2756=LINE('',#32,#511);
#2757=EDGE_CURVE('',#33,#129,#2756,.T.);
#2758=ORIENTED_EDGE('',*,*,#2745,.F.);
#2759=ORIENTED_EDGE('',*,*,#2755,.T.);
#2760=ORIENTED_EDGE('',*,*,#2757,.T.);
#2761=DIRECTION('',(0.0,0.0,-1.0));
#2762=DIRECTION('',(0.9998263847258777,0.018633314412126407,0.0));
#2763=AXIS2_PLACEMENT_3D('',#128,#2761,#2762);
#2764=PLANE('',#2763);
#2765=EDGE_LOOP('',(#2758,#2759,#2760));
#2766=FACE_BOUND('',#2765,.T.);
#2767=ADVANCED_FACE('',(#2766),#2764,.T.);
#2768=DIRECTION('',(0.0,0.0,-1.0));
#2769=VECTOR('',#2768,1000.0);
#2770=LINE('',#342,#2769);
#2771=EDGE_CURVE('',#343,#345,#2770,.T.);
#2772=LINE('',#344,#1179);
#2773=EDGE_CURVE('',#345,#33,#2772,.T.);
#2774=ORIENTED_EDGE('',*,*,#2771,.T.);
#2775=ORIENTED_EDGE('',*,*,#2773,.T.);
#2776=ORIENTED_EDGE('',*,*,#2755,.F.);
#2777=DIRECTION('',(0.0,0.0,-1.0));
#2778=AXIS2_PLACEMENT_3D('',#342,#1185,#2777);
#2779=PLANE('',#2778);
#2780=EDGE_LOOP('',(#2774,#2775,#2776));
#2781=FACE_BOUND('',#2780,.T.);
#2782=ADVANCED_FACE('',(#2781),#2779,.T.);
#2783=LINE('',#344,#476);
#2784=EDGE_CURVE('',#345,#31,#2783,.T.);
#2785=LINE('',#30,#1194);
#2786=EDGE_CURVE('',#31,#33,#2785,.T.);
#2787=ORIENTED_EDGE('',*,*,#2773,.F.);
#2788=ORIENTED_EDGE('',*,*,#2784,.T.);
#2789=ORIENTED_EDGE('',*,*,#2786,.T.);
#2790=AXIS2_PLACEMENT_3D('',#32,#1185,#1200);
#2791=PLANE('',#2790);
#2792=EDGE_LOOP('',(#2787,#2788,#2789));
#2793=FACE_BOUND('',#2792,.T.);
#2794=ADVANCED_FACE('',(#2793),#2791,.T.);
#2795=LINE('',#344,#511);
#2796=EDGE_CURVE('',#345,#347,#2795,.T.);
#2797=DIRECTION('',(0.9998094610904428,-0.01952028468127928,0.0));
#2798=VECTOR('',#2797,1000.0);
#2799=LINE('',#346,#2798);
#2800=EDGE_CURVE('',#347,#31,#2799,.T.);
#2801=ORIENTED_EDGE('',*,*,#2796,.T.);
#2802=ORIENTED_EDGE('',*,*,#2800,.T.);
#2803=ORIENTED_EDGE('',*,*,#2784,.F.);
#2804=AXIS2_PLACEMENT_3D('',#344,#11,#510);
#2805=PLANE('',#2804);
#2806=EDGE_LOOP('',(#2801,#2802,#2803));
#2807=FACE_BOUND('',#2806,.T.);
#2808=ADVANCED_FACE('',(#2807),#2805,.T.);
#2809=LINE('',#346,#476);
#2810=EDGE_CURVE('',#347,#27,#2809,.T.);
#2811=LINE('',#26,#492);
#2812=EDGE_CURVE('',#27,#31,#2811,.T.);
#2813=ORIENTED_EDGE('',*,*,#2800,.F.);
#2814=ORIENTED_EDGE('',*,*,#2810,.T.);
#2815=ORIENTED_EDGE('',*,*,#2812,.T.);
#2816=DIRECTION('',(-0.9998094610904428,0.01952028468127928,0.0));
#2817=AXIS2_PLACEMENT_3D('',#30,#11,#2816);
#2818=PLANE('',#2817);
#2819=EDGE_LOOP('',(#2813,#2814,#2815));
#2820=FACE_BOUND('',#2819,.T.);
#2821=ADVANCED_FACE('',(#2820),#2818,.T.);
#2822=LINE('',#346,#1194);
#2823=EDGE_CURVE('',#347,#349,#2822,.T.);
#2824=LINE('',#348,#2710);
#2825=EDGE_CURVE('',#349,#27,#2824,.T.);
#2826=ORIENTED_EDGE('',*,*,#2823,.T.);
#2827=ORIENTED_EDGE('',*,*,#2825,.T.);
#2828=ORIENTED_EDGE('',*,*,#2810,.F.);
#2829=DIRECTION('',(1.0,0.0,-0.0));
#2830=AXIS2_PLACEMENT_3D('',#346,#2829,#11);
#2831=PLANE('',#2830);
#2832=EDGE_LOOP('',(#2826,#2827,#2828));
#2833=FACE_BOUND('',#2832,.T.);
#2834=ADVANCED_FACE('',(#2833),#2831,.T.);
#2835=LINE('',#348,#476);
#2836=EDGE_CURVE('',#349,#29,#2835,.T.);
#2837=DIRECTION('',(0.0,0.0,-1.0));
#2838=VECTOR('',#2837,1000.0);
#2839=LINE('',#28,#2838);
#2840=EDGE_CURVE('',#29,#27,#2839,.T.);
#2841=ORIENTED_EDGE('',*,*,#2825,.F.);
#2842=ORIENTED_EDGE('',*,*,#2836,.T.);
#2843=ORIENTED_EDGE('',*,*,#2840,.T.);
#2844=DIRECTION('',(1.0,0.0,-0.0));
#2845=AXIS2_PLACEMENT_3D('',#26,#2844,#2734);
#2846=PLANE('',#2845);
#2847=EDGE_LOOP('',(#2841,#2842,#2843));
#2848=FACE_BOUND('',#2847,.T.);
#2849=ADVANCED_FACE('',(#2848),#2846,.T.);
#2850=LINE('',#348,#492);
#2851=EDGE_CURVE('',#349,#351,#2850,.T.);
#2852=DIRECTION('',(-0.9996503418212548,-0.026442278582760305,0.0));
#2853=VECTOR('',#2852,1000.0);
#2854=LINE('',#350,#2853);
#2855=EDGE_CURVE('',#351,#29,#2854,.T.);
#2856=ORIENTED_EDGE('',*,*,#2851,.T.);
#2857=ORIENTED_EDGE('',*,*,#2855,.T.);
#2858=ORIENTED_EDGE('',*,*,#2836,.F.);
#2859=AXIS2_PLACEMENT_3D('',#348,#502,#12);
#2860=PLANE('',#2859);
#2861=EDGE_LOOP('',(#2856,#2857,#2858));
#2862=FACE_BOUND('',#2861,.T.);
#2863=ADVANCED_FACE('',(#2862),#2860,.T.);
#2864=LINE('',#350,#476);
#2865=EDGE_CURVE('',#351,#55,#2864,.T.);
#2866=LINE('',#54,#511);
#2867=EDGE_CURVE('',#55,#29,#2866,.T.);
#2868=ORIENTED_EDGE('',*,*,#2855,.F.);
#2869=ORIENTED_EDGE('',*,*,#2865,.T.);
#2870=ORIENTED_EDGE('',*,*,#2867,.T.);
#2871=DIRECTION('',(0.0,0.0,-1.0));
#2872=DIRECTION('',(0.9996503418212548,0.026442278582760305,0.0));
#2873=AXIS2_PLACEMENT_3D('',#28,#2871,#2872);
#2874=PLANE('',#2873);
#2875=EDGE_LOOP('',(#2868,#2869,#2870));
#2876=FACE_BOUND('',#2875,.T.);
#2877=ADVANCED_FACE('',(#2876),#2874,.T.);
#2878=LINE('',#350,#1194);
#2879=EDGE_CURVE('',#351,#353,#2878,.T.);
#2880=DIRECTION('',(0.0,-0.030356216596191452,-0.999539143862793));
#2881=VECTOR('',#2880,1000.0);
#2882=LINE('',#352,#2881);
#2883=EDGE_CURVE('',#353,#55,#2882,.T.);
#2884=ORIENTED_EDGE('',*,*,#2879,.T.);
#2885=ORIENTED_EDGE('',*,*,#2883,.T.);
#2886=ORIENTED_EDGE('',*,*,#2865,.F.);
#2887=DIRECTION('',(1.0,0.0,-0.0));
#2888=AXIS2_PLACEMENT_3D('',#350,#2887,#11);
#2889=PLANE('',#2888);
#2890=EDGE_LOOP('',(#2884,#2885,#2886));
#2891=FACE_BOUND('',#2890,.T.);
#2892=ADVANCED_FACE('',(#2891),#2889,.T.);
#2893=LINE('',#352,#476);
#2894=EDGE_CURVE('',#353,#53,#2893,.T.);
#2895=DIRECTION('',(0.0,0.0,-1.0));
#2896=VECTOR('',#2895,1000.0);
#2897=LINE('',#52,#2896);
#2898=EDGE_CURVE('',#53,#55,#2897,.T.);
#2899=ORIENTED_EDGE('',*,*,#2883,.F.);
#2900=ORIENTED_EDGE('',*,*,#2894,.T.);
#2901=ORIENTED_EDGE('',*,*,#2898,.T.);
#2902=DIRECTION('',(1.0,0.0,-0.0));
#2903=DIRECTION('',(0.0,0.030356216596191452,0.999539143862793));
#2904=AXIS2_PLACEMENT_3D('',#54,#2902,#2903);
#2905=PLANE('',#2904);
#2906=EDGE_LOOP('',(#2899,#2900,#2901));
#2907=FACE_BOUND('',#2906,.T.);
#2908=ADVANCED_FACE('',(#2907),#2905,.T.);
#2909=LINE('',#352,#511);
#2910=EDGE_CURVE('',#353,#355,#2909,.T.);
#2911=DIRECTION('',(0.9996004806716282,-0.02826444835920457,0.0));
#2912=VECTOR('',#2911,1000.0);
#2913=LINE('',#354,#2912);
#2914=EDGE_CURVE('',#355,#53,#2913,.T.);
#2915=ORIENTED_EDGE('',*,*,#2910,.T.);
#2916=ORIENTED_EDGE('',*,*,#2914,.T.);
#2917=ORIENTED_EDGE('',*,*,#2894,.F.);
#2918=AXIS2_PLACEMENT_3D('',#352,#11,#510);
#2919=PLANE('',#2918);
#2920=EDGE_LOOP('',(#2915,#2916,#2917));
#2921=FACE_BOUND('',#2920,.T.);
#2922=ADVANCED_FACE('',(#2921),#2919,.T.);
#2923=LINE('',#354,#476);
#2924=EDGE_CURVE('',#355,#51,#2923,.T.);
#2925=LINE('',#50,#492);
#2926=EDGE_CURVE('',#51,#53,#2925,.T.);
#2927=ORIENTED_EDGE('',*,*,#2914,.F.);
#2928=ORIENTED_EDGE('',*,*,#2924,.T.);
#2929=ORIENTED_EDGE('',*,*,#2926,.T.);
#2930=DIRECTION('',(-0.9996004806716282,0.02826444835920457,0.0));
#2931=AXIS2_PLACEMENT_3D('',#52,#11,#2930);
#2932=PLANE('',#2931);
#2933=EDGE_LOOP('',(#2927,#2928,#2929));
#2934=FACE_BOUND('',#2933,.T.);
#2935=ADVANCED_FACE('',(#2934),#2932,.T.);
#2936=LINE('',#354,#1194);
#2937=EDGE_CURVE('',#355,#357,#2936,.T.);
#2938=LINE('',#356,#2710);
#2939=EDGE_CURVE('',#357,#51,#2938,.T.);
#2940=ORIENTED_EDGE('',*,*,#2937,.T.);
#2941=ORIENTED_EDGE('',*,*,#2939,.T.);
#2942=ORIENTED_EDGE('',*,*,#2924,.F.);
#2943=DIRECTION('',(1.0,0.0,-0.0));
#2944=AXIS2_PLACEMENT_3D('',#354,#2943,#11);
#2945=PLANE('',#2944);
#2946=EDGE_LOOP('',(#2940,#2941,#2942));
#2947=FACE_BOUND('',#2946,.T.);
#2948=ADVANCED_FACE('',(#2947),#2945,.T.);
#2949=LINE('',#356,#476);
#2950=EDGE_CURVE('',#357,#49,#2949,.T.);
#2951=DIRECTION('',(0.0,0.0,-1.0));
#2952=VECTOR('',#2951,1000.0);
#2953=LINE('',#48,#2952);
#2954=EDGE_CURVE('',#49,#51,#2953,.T.);
#2955=ORIENTED_EDGE('',*,*,#2939,.F.);
#2956=ORIENTED_EDGE('',*,*,#2950,.T.);
#2957=ORIENTED_EDGE('',*,*,#2954,.T.);
#2958=DIRECTION('',(1.0,0.0,-0.0));
#2959=AXIS2_PLACEMENT_3D('',#50,#2958,#2734);
#2960=PLANE('',#2959);
#2961=EDGE_LOOP('',(#2955,#2956,#2957));
#2962=FACE_BOUND('',#2961,.T.);
#2963=ADVANCED_FACE('',(#2962),#2960,.T.);
#2964=LINE('',#356,#492);
#2965=EDGE_CURVE('',#357,#359,#2964,.T.);
#2966=DIRECTION('',(-0.9996004806716282,-0.02826444835920457,0.0));
#2967=VECTOR('',#2966,1000.0);
#2968=LINE('',#358,#2967);
#2969=EDGE_CURVE('',#359,#49,#2968,.T.);
#2970=ORIENTED_EDGE('',*,*,#2965,.T.);
#2971=ORIENTED_EDGE('',*,*,#2969,.T.);
#2972=ORIENTED_EDGE('',*,*,#2950,.F.);
#2973=AXIS2_PLACEMENT_3D('',#356,#502,#12);
#2974=PLANE('',#2973);
#2975=EDGE_LOOP('',(#2970,#2971,#2972));
#2976=FACE_BOUND('',#2975,.T.);
#2977=ADVANCED_FACE('',(#2976),#2974,.T.);
#2978=LINE('',#358,#476);
#2979=EDGE_CURVE('',#359,#123,#2978,.T.);
#2980=LINE('',#122,#511);
#2981=EDGE_CURVE('',#123,#49,#2980,.T.);
#2982=ORIENTED_EDGE('',*,*,#2969,.F.);
#2983=ORIENTED_EDGE('',*,*,#2979,.T.);
#2984=ORIENTED_EDGE('',*,*,#2981,.T.);
#2985=DIRECTION('',(0.0,0.0,-1.0));
#2986=DIRECTION('',(0.9996004806716282,0.02826444835920457,0.0));
#2987=AXIS2_PLACEMENT_3D('',#48,#2985,#2986);
#2988=PLANE('',#2987);
#2989=EDGE_LOOP('',(#2982,#2983,#2984));
#2990=FACE_BOUND('',#2989,.T.);
#2991=ADVANCED_FACE('',(#2990),#2988,.T.);
#2992=LINE('',#358,#1194);
#2993=EDGE_CURVE('',#359,#361,#2992,.T.);
#2994=DIRECTION('',(0.0,-0.029272599807579066,-0.9995714656293994));
#2995=VECTOR('',#2994,1000.0);
#2996=LINE('',#360,#2995);
#2997=EDGE_CURVE('',#361,#123,#2996,.T.);
#2998=ORIENTED_EDGE('',*,*,#2993,.T.);
#2999=ORIENTED_EDGE('',*,*,#2997,.T.);
#3000=ORIENTED_EDGE('',*,*,#2979,.F.);
#3001=DIRECTION('',(1.0,0.0,-0.0));
#3002=AXIS2_PLACEMENT_3D('',#358,#3001,#11);
#3003=PLANE('',#3002);
#3004=EDGE_LOOP('',(#2998,#2999,#3000));
#3005=FACE_BOUND('',#3004,.T.);
#3006=ADVANCED_FACE('',(#3005),#3003,.T.);
#3007=LINE('',#360,#476);
#3008=EDGE_CURVE('',#361,#125,#3007,.T.);
#3009=DIRECTION('',(0.0,0.0,-1.0));
#3010=VECTOR('',#3009,1000.0);
#3011=LINE('',#124,#3010);
#3012=EDGE_CURVE('',#125,#123,#3011,.T.);
#3013=ORIENTED_EDGE('',*,*,#2997,.F.);
#3014=ORIENTED_EDGE('',*,*,#3008,.T.);
#3015=ORIENTED_EDGE('',*,*,#3012,.T.);
#3016=DIRECTION('',(1.0,0.0,-0.0));
#3017=DIRECTION('',(0.0,0.029272599807579066,0.9995714656293994));
#3018=AXIS2_PLACEMENT_3D('',#122,#3016,#3017);
#3019=PLANE('',#3018);
#3020=EDGE_LOOP('',(#3013,#3014,#3015));
#3021=FACE_BOUND('',#3020,.T.);
#3022=ADVANCED_FACE('',(#3021),#3019,.T.);
#3023=LINE('',#360,#511);
#3024=EDGE_CURVE('',#361,#339,#3023,.T.);
#3025=DIRECTION('',(0.9996914207876881,-0.024840756902586414,0.0));
#3026=VECTOR('',#3025,1000.0);
#3027=LINE('',#338,#3026);
#3028=EDGE_CURVE('',#339,#125,#3027,.T.);
#3029=ORIENTED_EDGE('',*,*,#3024,.T.);
#3030=ORIENTED_EDGE('',*,*,#3028,.T.);
#3031=ORIENTED_EDGE('',*,*,#3008,.F.);
#3032=AXIS2_PLACEMENT_3D('',#360,#11,#510);
#3033=PLANE('',#3032);
#3034=EDGE_LOOP('',(#3029,#3030,#3031));
#3035=FACE_BOUND('',#3034,.T.);
#3036=ADVANCED_FACE('',(#3035),#3033,.T.);
#3037=LINE('',#126,#492);
#3038=EDGE_CURVE('',#127,#125,#3037,.T.);
#3039=ORIENTED_EDGE('',*,*,#3028,.F.);
#3040=ORIENTED_EDGE('',*,*,#2714,.F.);
#3041=ORIENTED_EDGE('',*,*,#3038,.T.);
#3042=DIRECTION('',(-0.9996914207876881,0.024840756902586414,0.0));
#3043=AXIS2_PLACEMENT_3D('',#124,#11,#3042);
#3044=PLANE('',#3043);
#3045=EDGE_LOOP('',(#3039,#3040,#3041));
#3046=FACE_BOUND('',#3045,.T.);
#3047=ADVANCED_FACE('',(#3046),#3044,.T.);
#3048=DIRECTION('',(0.979716724603748,0.0,0.20038747348999597));
#3049=VECTOR('',#3048,1000.0);
#3050=LINE('',#338,#3049);
#3051=EDGE_CURVE('',#339,#343,#3050,.T.);
#3052=ORIENTED_EDGE('',*,*,#2741,.F.);
#3053=ORIENTED_EDGE('',*,*,#2708,.F.);
#3054=ORIENTED_EDGE('',*,*,#3051,.T.);
#3055=DIRECTION('',(-0.0,-1.0,-0.0));
#3056=AXIS2_PLACEMENT_3D('',#342,#3055,#510);
#3057=PLANE('',#3056);
#3058=EDGE_LOOP('',(#3052,#3053,#3054));
#3059=FACE_BOUND('',#3058,.T.);
#3060=ADVANCED_FACE('',(#3059),#3057,.T.);
#3061=DIRECTION('',(0.7739598698962494,0.0,0.6332346482862261));
#3062=VECTOR('',#3061,1000.0);
#3063=LINE('',#360,#3062);
#3064=EDGE_CURVE('',#361,#343,#3063,.T.);
#3065=ORIENTED_EDGE('',*,*,#3024,.F.);
#3066=ORIENTED_EDGE('',*,*,#3064,.T.);
#3067=ORIENTED_EDGE('',*,*,#3051,.F.);
#3068=AXIS2_PLACEMENT_3D('',#338,#475,#12);
#3069=PLANE('',#3068);
#3070=EDGE_LOOP('',(#3065,#3066,#3067));
#3071=FACE_BOUND('',#3070,.T.);
#3072=ADVANCED_FACE('',(#3071),#3069,.T.);
#3073=DIRECTION('',(0.28495760762241873,0.0,0.9585401201087556));
#3074=VECTOR('',#3073,1000.0);
#3075=LINE('',#358,#3074);
#3076=EDGE_CURVE('',#359,#343,#3075,.T.);
#3077=ORIENTED_EDGE('',*,*,#3064,.F.);
#3078=ORIENTED_EDGE('',*,*,#2993,.F.);
#3079=ORIENTED_EDGE('',*,*,#3076,.T.);
#3080=DIRECTION('',(0.0,-1.0,-0.0));
#3081=DIRECTION('',(-0.7739598698962494,0.0,-0.6332346482862261));
#3082=AXIS2_PLACEMENT_3D('',#342,#3080,#3081);
#3083=PLANE('',#3082);
#3084=EDGE_LOOP('',(#3077,#3078,#3079));
#3085=FACE_BOUND('',#3084,.T.);
#3086=ADVANCED_FACE('',(#3085),#3083,.T.);
#3087=DIRECTION('',(0.2374426974534523,0.0,-0.9714015469547227));
#3088=VECTOR('',#3087,1000.0);
#3089=LINE('',#358,#3088);
#3090=EDGE_CURVE('',#359,#345,#3089,.T.);
#3091=ORIENTED_EDGE('',*,*,#3076,.F.);
#3092=ORIENTED_EDGE('',*,*,#3090,.T.);
#3093=ORIENTED_EDGE('',*,*,#2771,.F.);
#3094=DIRECTION('',(0.0,-1.0,-0.0));
#3095=DIRECTION('',(-0.28495760762241873,0.0,-0.9585401201087556));
#3096=AXIS2_PLACEMENT_3D('',#342,#3094,#3095);
#3097=PLANE('',#3096);
#3098=EDGE_LOOP('',(#3091,#3092,#3093));
#3099=FACE_BOUND('',#3098,.T.);
#3100=ADVANCED_FACE('',(#3099),#3097,.T.);
#3101=DIRECTION('',(0.9603438132305747,0.0,0.27881850797563434));
#3102=VECTOR('',#3101,1000.0);
#3103=LINE('',#346,#3102);
#3104=EDGE_CURVE('',#347,#351,#3103,.T.);
#3105=ORIENTED_EDGE('',*,*,#2823,.F.);
#3106=ORIENTED_EDGE('',*,*,#3104,.T.);
#3107=ORIENTED_EDGE('',*,*,#2851,.F.);
#3108=DIRECTION('',(0.0,0.0,-1.0));
#3109=AXIS2_PLACEMENT_3D('',#348,#475,#3108);
#3110=PLANE('',#3109);
#3111=EDGE_LOOP('',(#3105,#3106,#3107));
#3112=FACE_BOUND('',#3111,.T.);
#3113=ADVANCED_FACE('',(#3112),#3110,.T.);
#3114=LINE('',#344,#1889);
#3115=EDGE_CURVE('',#345,#351,#3114,.T.);
#3116=ORIENTED_EDGE('',*,*,#3104,.F.);
#3117=ORIENTED_EDGE('',*,*,#2796,.F.);
#3118=ORIENTED_EDGE('',*,*,#3115,.T.);
#3119=DIRECTION('',(0.0,-1.0,-0.0));
#3120=DIRECTION('',(-0.9603438132305747,0.0,-0.27881850797563434));
#3121=AXIS2_PLACEMENT_3D('',#350,#3119,#3120);
#3122=PLANE('',#3121);
#3123=EDGE_LOOP('',(#3116,#3117,#3118));
#3124=FACE_BOUND('',#3123,.T.);
#3125=ADVANCED_FACE('',(#3124),#3122,.T.);
#3126=DIRECTION('',(-0.29220248625202533,0.0,0.9563564748712349));
#3127=VECTOR('',#3126,1000.0);
#3128=LINE('',#344,#3127);
#3129=EDGE_CURVE('',#345,#353,#3128,.T.);
#3130=ORIENTED_EDGE('',*,*,#3115,.F.);
#3131=ORIENTED_EDGE('',*,*,#3129,.T.);
#3132=ORIENTED_EDGE('',*,*,#2879,.F.);
#3133=AXIS2_PLACEMENT_3D('',#350,#475,#1913);
#3134=PLANE('',#3133);
#3135=EDGE_LOOP('',(#3130,#3131,#3132));
#3136=FACE_BOUND('',#3135,.T.);
#3137=ADVANCED_FACE('',(#3136),#3134,.T.);
#3138=DIRECTION('',(0.0,0.0,-1.0));
#3139=VECTOR('',#3138,1000.0);
#3140=LINE('',#358,#3139);
#3141=EDGE_CURVE('',#359,#353,#3140,.T.);
#3142=ORIENTED_EDGE('',*,*,#3129,.F.);
#3143=ORIENTED_EDGE('',*,*,#3090,.F.);
#3144=ORIENTED_EDGE('',*,*,#3141,.T.);
#3145=DIRECTION('',(0.29220248625202533,0.0,-0.9563564748712349));
#3146=AXIS2_PLACEMENT_3D('',#352,#475,#3145);
#3147=PLANE('',#3146);
#3148=EDGE_LOOP('',(#3142,#3143,#3144));
#3149=FACE_BOUND('',#3148,.T.);
#3150=ADVANCED_FACE('',(#3149),#3147,.T.);
#3151=DIRECTION('',(-0.9550691452484981,0.0,-0.29638307609292336));
#3152=VECTOR('',#3151,1000.0);
#3153=LINE('',#358,#3152);
#3154=EDGE_CURVE('',#359,#355,#3153,.T.);
#3155=ORIENTED_EDGE('',*,*,#3141,.F.);
#3156=ORIENTED_EDGE('',*,*,#3154,.T.);
#3157=ORIENTED_EDGE('',*,*,#2910,.F.);
#3158=AXIS2_PLACEMENT_3D('',#352,#727,#11);
#3159=PLANE('',#3158);
#3160=EDGE_LOOP('',(#3155,#3156,#3157));
#3161=FACE_BOUND('',#3160,.T.);
#3162=ADVANCED_FACE('',(#3161),#3159,.T.);
#3163=ORIENTED_EDGE('',*,*,#3154,.F.);
#3164=ORIENTED_EDGE('',*,*,#2965,.F.);
#3165=ORIENTED_EDGE('',*,*,#2937,.F.);
#3166=DIRECTION('',(0.9550691452484981,0.0,0.29638307609292336));
#3167=AXIS2_PLACEMENT_3D('',#354,#475,#3166);
#3168=PLANE('',#3167);
#3169=EDGE_LOOP('',(#3163,#3164,#3165));
#3170=FACE_BOUND('',#3169,.T.);
#3171=ADVANCED_FACE('',(#3170),#3168,.T.);
#3172=LINE('',#362,#1194);
#3173=EDGE_CURVE('',#363,#365,#3172,.T.);
#3174=LINE('',#364,#2710);
#3175=EDGE_CURVE('',#365,#47,#3174,.T.);
#3176=LINE('',#46,#463);
#3177=EDGE_CURVE('',#47,#363,#3176,.T.);
#3178=ORIENTED_EDGE('',*,*,#3173,.T.);
#3179=ORIENTED_EDGE('',*,*,#3175,.T.);
#3180=ORIENTED_EDGE('',*,*,#3177,.T.);
#3181=DIRECTION('',(1.0,0.0,-0.0));
#3182=AXIS2_PLACEMENT_3D('',#362,#3181,#11);
#3183=PLANE('',#3182);
#3184=EDGE_LOOP('',(#3178,#3179,#3180));
#3185=FACE_BOUND('',#3184,.T.);
#3186=ADVANCED_FACE('',(#3185),#3183,.T.);
#3187=LINE('',#364,#476);
#3188=EDGE_CURVE('',#365,#131,#3187,.T.);
#3189=DIRECTION('',(0.0,0.0,-1.0));
#3190=VECTOR('',#3189,1000.0);
#3191=LINE('',#130,#3190);
#3192=EDGE_CURVE('',#131,#47,#3191,.T.);
#3193=ORIENTED_EDGE('',*,*,#3175,.F.);
#3194=ORIENTED_EDGE('',*,*,#3188,.T.);
#3195=ORIENTED_EDGE('',*,*,#3192,.T.);
#3196=DIRECTION('',(1.0,0.0,-0.0));
#3197=AXIS2_PLACEMENT_3D('',#46,#3196,#2734);
#3198=PLANE('',#3197);
#3199=EDGE_LOOP('',(#3193,#3194,#3195));
#3200=FACE_BOUND('',#3199,.T.);
#3201=ADVANCED_FACE('',(#3200),#3198,.T.);
#3202=DIRECTION('',(0.925056845712911,0.0,0.37982868796298097));
#3203=VECTOR('',#3202,1000.0);
#3204=LINE('',#364,#3203);
#3205=EDGE_CURVE('',#365,#367,#3204,.T.);
#3206=DIRECTION('',(-0.9215933356677116,-0.08645340859922253,-0.3784065694387936));
#3207=VECTOR('',#3206,1000.0);
#3208=LINE('',#366,#3207);
#3209=EDGE_CURVE('',#367,#131,#3208,.T.);
#3210=ORIENTED_EDGE('',*,*,#3188,.F.);
#3211=ORIENTED_EDGE('',*,*,#3205,.T.);
#3212=ORIENTED_EDGE('',*,*,#3209,.T.);
#3213=DIRECTION('',(0.379828687962981,0.0,-0.925056845712911));
#3214=AXIS2_PLACEMENT_3D('',#130,#3213,#462);
#3215=PLANE('',#3214);
#3216=EDGE_LOOP('',(#3210,#3211,#3212));
#3217=FACE_BOUND('',#3216,.T.);
#3218=ADVANCED_FACE('',(#3217),#3215,.T.);
#3219=LINE('',#368,#476);
#3220=EDGE_CURVE('',#369,#19,#3219,.T.);
#3221=DIRECTION('',(-0.9998523767091055,0.0,-0.01718210665643381));
#3222=VECTOR('',#3221,1000.0);
#3223=LINE('',#18,#3222);
#3224=EDGE_CURVE('',#19,#17,#3223,.T.);
#3225=DIRECTION('',(0.9390680961079537,0.3433521375166142,0.01613755046328746));
#3226=VECTOR('',#3225,1000.0);
#3227=LINE('',#16,#3226);
#3228=EDGE_CURVE('',#17,#369,#3227,.T.);
#3229=ORIENTED_EDGE('',*,*,#3220,.T.);
#3230=ORIENTED_EDGE('',*,*,#3224,.T.);
#3231=ORIENTED_EDGE('',*,*,#3228,.T.);
#3232=DIRECTION('',(0.017182106656433806,0.0,-0.9998523767091054));
#3233=AXIS2_PLACEMENT_3D('',#368,#3232,#475);
#3234=PLANE('',#3233);
#3235=EDGE_LOOP('',(#3229,#3230,#3231));
#3236=FACE_BOUND('',#3235,.T.);
#3237=ADVANCED_FACE('',(#3236),#3234,.T.);
#3238=LINE('',#16,#463);
#3239=EDGE_CURVE('',#17,#371,#3238,.T.);
#3240=DIRECTION('',(0.9998523767091055,0.0,0.01718210665643381));
#3241=VECTOR('',#3240,1000.0);
#3242=LINE('',#370,#3241);
#3243=EDGE_CURVE('',#371,#369,#3242,.T.);
#3244=ORIENTED_EDGE('',*,*,#3228,.F.);
#3245=ORIENTED_EDGE('',*,*,#3239,.T.);
#3246=ORIENTED_EDGE('',*,*,#3243,.T.);
#3247=DIRECTION('',(-0.9390680961079537,-0.3433521375166142,-0.01613755046328746));
#3248=AXIS2_PLACEMENT_3D('',#368,#3232,#3247);
#3249=PLANE('',#3248);
#3250=EDGE_LOOP('',(#3244,#3245,#3246));
#3251=FACE_BOUND('',#3250,.T.);
#3252=ADVANCED_FACE('',(#3251),#3249,.T.);
#3253=DIRECTION('',(-0.9903159965297624,0.0,-0.13883164991191083));
#3254=VECTOR('',#3253,1000.0);
#3255=LINE('',#16,#3254);
#3256=EDGE_CURVE('',#17,#111,#3255,.T.);
#3257=DIRECTION('',(0.9615135670777671,0.239420708933706,0.13479385912967162));
#3258=VECTOR('',#3257,1000.0);
#3259=LINE('',#110,#3258);
#3260=EDGE_CURVE('',#111,#371,#3259,.T.);
#3261=ORIENTED_EDGE('',*,*,#3239,.F.);
#3262=ORIENTED_EDGE('',*,*,#3256,.T.);
#3263=ORIENTED_EDGE('',*,*,#3260,.T.);
#3264=DIRECTION('',(0.13883164991191085,0.0,-0.9903159965297625));
#3265=AXIS2_PLACEMENT_3D('',#370,#3264,#475);
#3266=PLANE('',#3265);
#3267=EDGE_LOOP('',(#3261,#3262,#3263));
#3268=FACE_BOUND('',#3267,.T.);
#3269=ADVANCED_FACE('',(#3268),#3266,.T.);
#3270=DIRECTION('',(-0.9856023660726514,0.09753610747873818,-0.13811112818990132));
#3271=VECTOR('',#3270,1000.0);
#3272=LINE('',#110,#3271);
#3273=EDGE_CURVE('',#111,#367,#3272,.T.);
#3274=DIRECTION('',(0.9903218995212699,0.0,0.1387895360918242));
#3275=VECTOR('',#3274,1000.0);
#3276=LINE('',#366,#3275);
#3277=EDGE_CURVE('',#367,#371,#3276,.T.);
#3278=ORIENTED_EDGE('',*,*,#3260,.F.);
#3279=ORIENTED_EDGE('',*,*,#3273,.T.);
#3280=ORIENTED_EDGE('',*,*,#3277,.T.);
#3281=DIRECTION('',(0.1387895340280336,0.00017245248312220763,-0.9903218847952531));
#3282=DIRECTION('',(-0.9615135670777671,-0.239420708933706,-0.13479385912967162));
#3283=AXIS2_PLACEMENT_3D('',#370,#3281,#3282);
#3284=PLANE('',#3283);
#3285=EDGE_LOOP('',(#3278,#3279,#3280));
#3286=FACE_BOUND('',#3285,.T.);
#3287=ADVANCED_FACE('',(#3286),#3284,.T.);
#3288=LINE('',#110,#3254);
#3289=EDGE_CURVE('',#111,#109,#3288,.T.);
#3290=LINE('',#108,#463);
#3291=EDGE_CURVE('',#109,#367,#3290,.T.);
#3292=ORIENTED_EDGE('',*,*,#3273,.F.);
#3293=ORIENTED_EDGE('',*,*,#3289,.T.);
#3294=ORIENTED_EDGE('',*,*,#3291,.T.);
#3295=DIRECTION('',(0.9856023660726514,-0.09753610747873818,0.13811112818990132));
#3296=AXIS2_PLACEMENT_3D('',#366,#3264,#3295);
#3297=PLANE('',#3296);
#3298=EDGE_LOOP('',(#3292,#3293,#3294));
#3299=FACE_BOUND('',#3298,.T.);
#3300=ADVANCED_FACE('',(#3299),#3297,.T.);
#3301=DIRECTION('',(-0.925056845712911,0.0,-0.37982868796298097));
#3302=VECTOR('',#3301,1000.0);
#3303=LINE('',#108,#3302);
#3304=EDGE_CURVE('',#109,#131,#3303,.T.);
#3305=ORIENTED_EDGE('',*,*,#3291,.F.);
#3306=ORIENTED_EDGE('',*,*,#3304,.T.);
#3307=ORIENTED_EDGE('',*,*,#3209,.F.);
#3308=AXIS2_PLACEMENT_3D('',#366,#3213,#475);
#3309=PLANE('',#3308);
#3310=EDGE_LOOP('',(#3305,#3306,#3307));
#3311=FACE_BOUND('',#3310,.T.);
#3312=ADVANCED_FACE('',(#3311),#3309,.T.);
#3313=DIRECTION('',(0.9807290070842922,-0.16679064746331526,-0.10174229495262212));
#3314=VECTOR('',#3313,1000.0);
#3315=LINE('',#368,#3314);
#3316=EDGE_CURVE('',#369,#15,#3315,.T.);
#3317=DIRECTION('',(-0.9946619001710708,0.0,0.10318771413339337));
#3318=VECTOR('',#3317,1000.0);
#3319=LINE('',#14,#3318);
#3320=EDGE_CURVE('',#15,#19,#3319,.T.);
#3321=ORIENTED_EDGE('',*,*,#3220,.F.);
#3322=ORIENTED_EDGE('',*,*,#3316,.T.);
#3323=ORIENTED_EDGE('',*,*,#3320,.T.);
#3324=DIRECTION('',(-0.10318771413339337,0.0,-0.9946619001710707));
#3325=AXIS2_PLACEMENT_3D('',#18,#3324,#462);
#3326=PLANE('',#3325);
#3327=EDGE_LOOP('',(#3321,#3322,#3323));
#3328=FACE_BOUND('',#3327,.T.);
#3329=ADVANCED_FACE('',(#3328),#3326,.T.);
#3330=DIRECTION('',(0.9946652669627315,0.0,-0.10315525530945183));
#3331=VECTOR('',#3330,1000.0);
#3332=LINE('',#368,#3331);
#3333=EDGE_CURVE('',#369,#373,#3332,.T.);
#3334=DIRECTION('',(-0.9830230777228874,-0.15257226101550395,0.10191827035835684));
#3335=VECTOR('',#3334,1000.0);
#3336=LINE('',#372,#3335);
#3337=EDGE_CURVE('',#373,#15,#3336,.T.);
#3338=ORIENTED_EDGE('',*,*,#3316,.F.);
#3339=ORIENTED_EDGE('',*,*,#3333,.T.);
#3340=ORIENTED_EDGE('',*,*,#3337,.T.);
#3341=DIRECTION('',(-0.10315525338999583,0.0001929116240995618,-0.9946652484545497));
#3342=DIRECTION('',(-0.9807290070842922,0.16679064746331526,0.10174229495262212));
#3343=AXIS2_PLACEMENT_3D('',#14,#3341,#3342);
#3344=PLANE('',#3343);
#3345=EDGE_LOOP('',(#3338,#3339,#3340));
#3346=FACE_BOUND('',#3345,.T.);
#3347=ADVANCED_FACE('',(#3346),#3344,.T.);
#3348=LINE('',#372,#476);
#3349=EDGE_CURVE('',#373,#133,#3348,.T.);
#3350=LINE('',#132,#3318);
#3351=EDGE_CURVE('',#133,#15,#3350,.T.);
#3352=ORIENTED_EDGE('',*,*,#3337,.F.);
#3353=ORIENTED_EDGE('',*,*,#3349,.T.);
#3354=ORIENTED_EDGE('',*,*,#3351,.T.);
#3355=DIRECTION('',(-0.10312563250362913,-0.0,-0.9946683386540092));
#3356=DIRECTION('',(0.9830230777228874,0.15257226101550395,-0.10191827035835684));
#3357=AXIS2_PLACEMENT_3D('',#14,#3355,#3356);
#3358=PLANE('',#3357);
#3359=EDGE_LOOP('',(#3352,#3353,#3354));
#3360=FACE_BOUND('',#3359,.T.);
#3361=ADVANCED_FACE('',(#3360),#3358,.T.);
#3362=DIRECTION('',(0.9455656383404704,0.0,-0.3254314422267441));
#3363=VECTOR('',#3362,1000.0);
#3364=LINE('',#372,#3363);
#3365=EDGE_CURVE('',#373,#375,#3364,.T.);
#3366=DIRECTION('',(-0.9410983661679458,-0.09709051544082858,0.3238939595106044));
#3367=VECTOR('',#3366,1000.0);
#3368=LINE('',#374,#3367);
#3369=EDGE_CURVE('',#375,#133,#3368,.T.);
#3370=ORIENTED_EDGE('',*,*,#3349,.F.);
#3371=ORIENTED_EDGE('',*,*,#3365,.T.);
#3372=ORIENTED_EDGE('',*,*,#3369,.T.);
#3373=DIRECTION('',(-0.32543144222674414,0.0,-0.9455656383404704));
#3374=AXIS2_PLACEMENT_3D('',#132,#3373,#462);
#3375=PLANE('',#3374);
#3376=EDGE_LOOP('',(#3370,#3371,#3372));
#3377=FACE_BOUND('',#3376,.T.);
#3378=ADVANCED_FACE('',(#3377),#3375,.T.);
#3379=LINE('',#374,#476);
#3380=EDGE_CURVE('',#375,#61,#3379,.T.);
#3381=DIRECTION('',(-0.9455656383404704,0.0,0.3254314422267441));
#3382=VECTOR('',#3381,1000.0);
#3383=LINE('',#60,#3382);
#3384=EDGE_CURVE('',#61,#133,#3383,.T.);
#3385=ORIENTED_EDGE('',*,*,#3369,.F.);
#3386=ORIENTED_EDGE('',*,*,#3380,.T.);
#3387=ORIENTED_EDGE('',*,*,#3384,.T.);
#3388=DIRECTION('',(-0.32543144222674414,-0.0,-0.9455656383404704));
#3389=DIRECTION('',(0.9410983661679458,0.09709051544082858,-0.3238939595106044));
#3390=AXIS2_PLACEMENT_3D('',#132,#3388,#3389);
#3391=PLANE('',#3390);
#3392=EDGE_LOOP('',(#3385,#3386,#3387));
#3393=FACE_BOUND('',#3392,.T.);
#3394=ADVANCED_FACE('',(#3393),#3391,.T.);
#3395=DIRECTION('',(0.8428018787255539,0.0,-0.5382239247903023));
#3396=VECTOR('',#3395,1000.0);
#3397=LINE('',#374,#3396);
#3398=EDGE_CURVE('',#375,#377,#3397,.T.);
#3399=DIRECTION('',(-0.838213654829812,-0.10420358712454096,0.5352938270587725));
#3400=VECTOR('',#3399,1000.0);
#3401=LINE('',#376,#3400);
#3402=EDGE_CURVE('',#377,#61,#3401,.T.);
#3403=ORIENTED_EDGE('',*,*,#3380,.F.);
#3404=ORIENTED_EDGE('',*,*,#3398,.T.);
#3405=ORIENTED_EDGE('',*,*,#3402,.T.);
#3406=DIRECTION('',(-0.5382239247903022,0.0,-0.8428018787255538));
#3407=AXIS2_PLACEMENT_3D('',#60,#3406,#462);
#3408=PLANE('',#3407);
#3409=EDGE_LOOP('',(#3403,#3404,#3405));
#3410=FACE_BOUND('',#3409,.T.);
#3411=ADVANCED_FACE('',(#3410),#3408,.T.);
#3412=LINE('',#376,#476);
#3413=EDGE_CURVE('',#377,#63,#3412,.T.);
#3414=DIRECTION('',(-0.8428018787255539,0.0,0.5382239247903023));
#3415=VECTOR('',#3414,1000.0);
#3416=LINE('',#62,#3415);
#3417=EDGE_CURVE('',#63,#61,#3416,.T.);
#3418=ORIENTED_EDGE('',*,*,#3402,.F.);
#3419=ORIENTED_EDGE('',*,*,#3413,.T.);
#3420=ORIENTED_EDGE('',*,*,#3417,.T.);
#3421=DIRECTION('',(-0.5382239247903022,-0.0,-0.8428018787255538));
#3422=DIRECTION('',(0.838213654829812,0.10420358712454096,-0.5352938270587725));
#3423=AXIS2_PLACEMENT_3D('',#60,#3421,#3422);
#3424=PLANE('',#3423);
#3425=EDGE_LOOP('',(#3418,#3419,#3420));
#3426=FACE_BOUND('',#3425,.T.);
#3427=ADVANCED_FACE('',(#3426),#3424,.T.);
#3428=DIRECTION('',(0.6886723481082997,0.0,-0.7250726839090001));
#3429=VECTOR('',#3428,1000.0);
#3430=LINE('',#376,#3429);
#3431=EDGE_CURVE('',#377,#379,#3430,.T.);
#3432=DIRECTION('',(-0.6857957138583325,-0.09130551376092919,0.7220440028214297));
#3433=VECTOR('',#3432,1000.0);
#3434=LINE('',#378,#3433);
#3435=EDGE_CURVE('',#379,#63,#3434,.T.);
#3436=ORIENTED_EDGE('',*,*,#3413,.F.);
#3437=ORIENTED_EDGE('',*,*,#3431,.T.);
#3438=ORIENTED_EDGE('',*,*,#3435,.T.);
#3439=DIRECTION('',(-0.7250726839090001,0.0,-0.6886723481082998));
#3440=AXIS2_PLACEMENT_3D('',#62,#3439,#462);
#3441=PLANE('',#3440);
#3442=EDGE_LOOP('',(#3436,#3437,#3438));
#3443=FACE_BOUND('',#3442,.T.);
#3444=ADVANCED_FACE('',(#3443),#3441,.T.);
#3445=LINE('',#378,#476);
#3446=EDGE_CURVE('',#379,#67,#3445,.T.);
#3447=DIRECTION('',(-0.6886723481082997,0.0,0.7250726839090001));
#3448=VECTOR('',#3447,1000.0);
#3449=LINE('',#66,#3448);
#3450=EDGE_CURVE('',#67,#63,#3449,.T.);
#3451=ORIENTED_EDGE('',*,*,#3435,.F.);
#3452=ORIENTED_EDGE('',*,*,#3446,.T.);
#3453=ORIENTED_EDGE('',*,*,#3450,.T.);
#3454=DIRECTION('',(-0.7250726839090001,-0.0,-0.6886723481082998));
#3455=DIRECTION('',(0.6857957138583325,0.09130551376092919,-0.7220440028214297));
#3456=AXIS2_PLACEMENT_3D('',#62,#3454,#3455);
#3457=PLANE('',#3456);
#3458=EDGE_LOOP('',(#3451,#3452,#3453));
#3459=FACE_BOUND('',#3458,.T.);
#3460=ADVANCED_FACE('',(#3459),#3457,.T.);
#3461=DIRECTION('',(0.48877938124412884,0.0,-0.8724074257310093));
#3462=VECTOR('',#3461,1000.0);
#3463=LINE('',#378,#3462);
#3464=EDGE_CURVE('',#379,#381,#3463,.T.);
#3465=DIRECTION('',(-0.4867347663282531,-0.09137127207213179,0.8687580548618248));
#3466=VECTOR('',#3465,1000.0);
#3467=LINE('',#380,#3466);
#3468=EDGE_CURVE('',#381,#67,#3467,.T.);
#3469=ORIENTED_EDGE('',*,*,#3446,.F.);
#3470=ORIENTED_EDGE('',*,*,#3464,.T.);
#3471=ORIENTED_EDGE('',*,*,#3468,.T.);
#3472=DIRECTION('',(-0.8724074257310094,0.0,-0.4887793812441289));
#3473=AXIS2_PLACEMENT_3D('',#66,#3472,#462);
#3474=PLANE('',#3473);
#3475=EDGE_LOOP('',(#3469,#3470,#3471));
#3476=FACE_BOUND('',#3475,.T.);
#3477=ADVANCED_FACE('',(#3476),#3474,.T.);
#3478=LINE('',#380,#476);
#3479=EDGE_CURVE('',#381,#71,#3478,.T.);
#3480=DIRECTION('',(-0.48877938124412884,0.0,0.8724074257310093));
#3481=VECTOR('',#3480,1000.0);
#3482=LINE('',#70,#3481);
#3483=EDGE_CURVE('',#71,#67,#3482,.T.);
#3484=ORIENTED_EDGE('',*,*,#3468,.F.);
#3485=ORIENTED_EDGE('',*,*,#3479,.T.);
#3486=ORIENTED_EDGE('',*,*,#3483,.T.);
#3487=DIRECTION('',(-0.8724074257310094,-0.0,-0.4887793812441289));
#3488=DIRECTION('',(0.4867347663282531,0.09137127207213179,-0.8687580548618248));
#3489=AXIS2_PLACEMENT_3D('',#66,#3487,#3488);
#3490=PLANE('',#3489);
#3491=EDGE_LOOP('',(#3484,#3485,#3486));
#3492=FACE_BOUND('',#3491,.T.);
#3493=ADVANCED_FACE('',(#3492),#3490,.T.);
#3494=DIRECTION('',(0.27352073514614883,0.0,-0.9618661068179449));
#3495=VECTOR('',#3494,1000.0);
#3496=LINE('',#380,#3495);
#3497=EDGE_CURVE('',#381,#383,#3496,.T.);
#3498=DIRECTION('',(-0.2723983852490075,-0.09049780240830951,0.9579192384919513));
#3499=VECTOR('',#3498,1000.0);
#3500=LINE('',#382,#3499);
#3501=EDGE_CURVE('',#383,#71,#3500,.T.);
#3502=ORIENTED_EDGE('',*,*,#3479,.F.);
#3503=ORIENTED_EDGE('',*,*,#3497,.T.);
#3504=ORIENTED_EDGE('',*,*,#3501,.T.);
#3505=DIRECTION('',(-0.961866106817945,0.0,-0.27352073514614883));
#3506=AXIS2_PLACEMENT_3D('',#70,#3505,#462);
#3507=PLANE('',#3506);
#3508=EDGE_LOOP('',(#3502,#3503,#3504));
#3509=FACE_BOUND('',#3508,.T.);
#3510=ADVANCED_FACE('',(#3509),#3507,.T.);
#3511=LINE('',#382,#476);
#3512=EDGE_CURVE('',#383,#113,#3511,.T.);
#3513=DIRECTION('',(-0.27352073514614883,0.0,0.9618661068179449));
#3514=VECTOR('',#3513,1000.0);
#3515=LINE('',#112,#3514);
#3516=EDGE_CURVE('',#113,#71,#3515,.T.);
#3517=ORIENTED_EDGE('',*,*,#3501,.F.);
#3518=ORIENTED_EDGE('',*,*,#3512,.T.);
#3519=ORIENTED_EDGE('',*,*,#3516,.T.);
#3520=DIRECTION('',(-0.961866106817945,-0.0,-0.27352073514614883));
#3521=DIRECTION('',(0.2723983852490075,0.09049780240830951,-0.9579192384919513));
#3522=AXIS2_PLACEMENT_3D('',#70,#3520,#3521);
#3523=PLANE('',#3522);
#3524=EDGE_LOOP('',(#3517,#3518,#3519));
#3525=FACE_BOUND('',#3524,.T.);
#3526=ADVANCED_FACE('',(#3525),#3523,.T.);
#3527=DIRECTION('',(0.08320926832704315,0.0,-0.9965320956519554));
#3528=VECTOR('',#3527,1000.0);
#3529=LINE('',#382,#3528);
#3530=EDGE_CURVE('',#383,#385,#3529,.T.);
#3531=DIRECTION('',(-0.08290291080971328,-0.08573206908966802,0.9928630921274498));
#3532=VECTOR('',#3531,1000.0);
#3533=LINE('',#384,#3532);
#3534=EDGE_CURVE('',#385,#113,#3533,.T.);
#3535=ORIENTED_EDGE('',*,*,#3512,.F.);
#3536=ORIENTED_EDGE('',*,*,#3530,.T.);
#3537=ORIENTED_EDGE('',*,*,#3534,.T.);
#3538=DIRECTION('',(-0.9965320956519556,0.0,-0.08320926832704316));
#3539=AXIS2_PLACEMENT_3D('',#112,#3538,#462);
#3540=PLANE('',#3539);
#3541=EDGE_LOOP('',(#3535,#3536,#3537));
#3542=FACE_BOUND('',#3541,.T.);
#3543=ADVANCED_FACE('',(#3542),#3540,.T.);
#3544=LINE('',#384,#476);
#3545=EDGE_CURVE('',#385,#115,#3544,.T.);
#3546=DIRECTION('',(-0.08320926832704315,0.0,0.9965320956519554));
#3547=VECTOR('',#3546,1000.0);
#3548=LINE('',#114,#3547);
#3549=EDGE_CURVE('',#115,#113,#3548,.T.);
#3550=ORIENTED_EDGE('',*,*,#3534,.F.);
#3551=ORIENTED_EDGE('',*,*,#3545,.T.);
#3552=ORIENTED_EDGE('',*,*,#3549,.T.);
#3553=DIRECTION('',(-0.9965320956519556,-0.0,-0.08320926832704316));
#3554=DIRECTION('',(0.08290291080971328,0.08573206908966802,-0.9928630921274498));
#3555=AXIS2_PLACEMENT_3D('',#112,#3553,#3554);
#3556=PLANE('',#3555);
#3557=EDGE_LOOP('',(#3550,#3551,#3552));
#3558=FACE_BOUND('',#3557,.T.);
#3559=ADVANCED_FACE('',(#3558),#3556,.T.);
#3560=LINE('',#386,#476);
#3561=EDGE_CURVE('',#387,#59,#3560,.T.);
#3562=DIRECTION('',(0.9966839588979359,0.0,0.08137005638155576));
#3563=VECTOR('',#3562,1000.0);
#3564=LINE('',#58,#3563);
#3565=EDGE_CURVE('',#59,#79,#3564,.T.);
#3566=DIRECTION('',(-0.9918127581046275,0.09874678993474942,-0.08097236774649869));
#3567=VECTOR('',#3566,1000.0);
#3568=LINE('',#78,#3567);
#3569=EDGE_CURVE('',#79,#387,#3568,.T.);
#3570=ORIENTED_EDGE('',*,*,#3561,.T.);
#3571=ORIENTED_EDGE('',*,*,#3565,.T.);
#3572=ORIENTED_EDGE('',*,*,#3569,.T.);
#3573=DIRECTION('',(-0.08137005638155574,0.0,0.9966839588979359));
#3574=AXIS2_PLACEMENT_3D('',#386,#3573,#475);
#3575=PLANE('',#3574);
#3576=EDGE_LOOP('',(#3570,#3571,#3572));
#3577=FACE_BOUND('',#3576,.T.);
#3578=ADVANCED_FACE('',(#3577),#3575,.T.);
#3579=LINE('',#78,#463);
#3580=EDGE_CURVE('',#79,#389,#3579,.T.);
#3581=DIRECTION('',(-0.9966839588979359,0.0,-0.08137005638155576));
#3582=VECTOR('',#3581,1000.0);
#3583=LINE('',#388,#3582);
#3584=EDGE_CURVE('',#389,#387,#3583,.T.);
#3585=ORIENTED_EDGE('',*,*,#3569,.F.);
#3586=ORIENTED_EDGE('',*,*,#3580,.T.);
#3587=ORIENTED_EDGE('',*,*,#3584,.T.);
#3588=DIRECTION('',(0.9918127581046275,-0.09874678993474942,0.08097236774649869));
#3589=AXIS2_PLACEMENT_3D('',#386,#3573,#3588);
#3590=PLANE('',#3589);
#3591=EDGE_LOOP('',(#3585,#3586,#3587));
#3592=FACE_BOUND('',#3591,.T.);
#3593=ADVANCED_FACE('',(#3592),#3590,.T.);
#3594=LINE('',#78,#3102);
#3595=EDGE_CURVE('',#79,#77,#3594,.T.);
#3596=DIRECTION('',(-0.9567687235067691,0.08582424861022385,-0.27789891699990144));
#3597=VECTOR('',#3596,1000.0);
#3598=LINE('',#76,#3597);
#3599=EDGE_CURVE('',#77,#389,#3598,.T.);
#3600=ORIENTED_EDGE('',*,*,#3580,.F.);
#3601=ORIENTED_EDGE('',*,*,#3595,.T.);
#3602=ORIENTED_EDGE('',*,*,#3599,.T.);
#3603=DIRECTION('',(-0.2789280801117712,0.0,0.9603119941587533));
#3604=AXIS2_PLACEMENT_3D('',#388,#3603,#475);
#3605=PLANE('',#3604);
#3606=EDGE_LOOP('',(#3600,#3601,#3602));
#3607=FACE_BOUND('',#3606,.T.);
#3608=ADVANCED_FACE('',(#3607),#3605,.T.);
#3609=LINE('',#76,#463);
#3610=EDGE_CURVE('',#77,#391,#3609,.T.);
#3611=VECTOR('',#3120,1000.0);
#3612=LINE('',#390,#3611);
#3613=EDGE_CURVE('',#391,#389,#3612,.T.);
#3614=ORIENTED_EDGE('',*,*,#3599,.F.);
#3615=ORIENTED_EDGE('',*,*,#3610,.T.);
#3616=ORIENTED_EDGE('',*,*,#3613,.T.);
#3617=DIRECTION('',(0.9567687235067691,-0.08582424861022385,0.27789891699990144));
#3618=AXIS2_PLACEMENT_3D('',#388,#3603,#3617);
#3619=PLANE('',#3618);
#3620=EDGE_LOOP('',(#3614,#3615,#3616));
#3621=FACE_BOUND('',#3620,.T.);
#3622=ADVANCED_FACE('',(#3621),#3619,.T.);
#3623=DIRECTION('',(0.8666666880110598,0.0,0.4988876144904182));
#3624=VECTOR('',#3623,1000.0);
#3625=LINE('',#76,#3624);
#3626=EDGE_CURVE('',#77,#75,#3625,.T.);
#3627=DIRECTION('',(-0.8630818508854496,0.09086028538640353,-0.49682404049285667));
#3628=VECTOR('',#3627,1000.0);
#3629=LINE('',#74,#3628);
#3630=EDGE_CURVE('',#75,#391,#3629,.T.);
#3631=ORIENTED_EDGE('',*,*,#3610,.F.);
#3632=ORIENTED_EDGE('',*,*,#3626,.T.);
#3633=ORIENTED_EDGE('',*,*,#3630,.T.);
#3634=DIRECTION('',(-0.49888761449041824,0.0,0.86666668801106));
#3635=AXIS2_PLACEMENT_3D('',#390,#3634,#475);
#3636=PLANE('',#3635);
#3637=EDGE_LOOP('',(#3631,#3632,#3633));
#3638=FACE_BOUND('',#3637,.T.);
#3639=ADVANCED_FACE('',(#3638),#3636,.T.);
#3640=LINE('',#74,#463);
#3641=EDGE_CURVE('',#75,#393,#3640,.T.);
#3642=DIRECTION('',(-0.8666666880110598,0.0,-0.4988876144904182));
#3643=VECTOR('',#3642,1000.0);
#3644=LINE('',#392,#3643);
#3645=EDGE_CURVE('',#393,#391,#3644,.T.);
#3646=ORIENTED_EDGE('',*,*,#3630,.F.);
#3647=ORIENTED_EDGE('',*,*,#3641,.T.);
#3648=ORIENTED_EDGE('',*,*,#3645,.T.);
#3649=DIRECTION('',(0.8630818508854496,-0.09086028538640353,0.49682404049285667));
#3650=AXIS2_PLACEMENT_3D('',#390,#3634,#3649);
#3651=PLANE('',#3650);
#3652=EDGE_LOOP('',(#3646,#3647,#3648));
#3653=FACE_BOUND('',#3652,.T.);
#3654=ADVANCED_FACE('',(#3653),#3651,.T.);
#3655=DIRECTION('',(0.7207839693376998,0.0,0.693159772019258));
#3656=VECTOR('',#3655,1000.0);
#3657=LINE('',#74,#3656);
#3658=EDGE_CURVE('',#75,#41,#3657,.T.);
#3659=DIRECTION('',(-0.7184976752923887,0.0795854757745222,-0.6909611006743985));
#3660=VECTOR('',#3659,1000.0);
#3661=LINE('',#40,#3660);
#3662=EDGE_CURVE('',#41,#393,#3661,.T.);
#3663=ORIENTED_EDGE('',*,*,#3641,.F.);
#3664=ORIENTED_EDGE('',*,*,#3658,.T.);
#3665=ORIENTED_EDGE('',*,*,#3662,.T.);
#3666=DIRECTION('',(-0.693159772019258,0.0,0.7207839693377));
#3667=AXIS2_PLACEMENT_3D('',#392,#3666,#475);
#3668=PLANE('',#3667);
#3669=EDGE_LOOP('',(#3663,#3664,#3665));
#3670=FACE_BOUND('',#3669,.T.);
#3671=ADVANCED_FACE('',(#3670),#3668,.T.);
#3672=LINE('',#40,#463);
#3673=EDGE_CURVE('',#41,#395,#3672,.T.);
#3674=DIRECTION('',(-0.7207839693376998,0.0,-0.693159772019258));
#3675=VECTOR('',#3674,1000.0);
#3676=LINE('',#394,#3675);
#3677=EDGE_CURVE('',#395,#393,#3676,.T.);
#3678=ORIENTED_EDGE('',*,*,#3662,.F.);
#3679=ORIENTED_EDGE('',*,*,#3673,.T.);
#3680=ORIENTED_EDGE('',*,*,#3677,.T.);
#3681=DIRECTION('',(0.7184976752923887,-0.0795854757745222,0.6909611006743985));
#3682=AXIS2_PLACEMENT_3D('',#392,#3666,#3681);
#3683=PLANE('',#3682);
#3684=EDGE_LOOP('',(#3678,#3679,#3680));
#3685=FACE_BOUND('',#3684,.T.);
#3686=ADVANCED_FACE('',(#3685),#3683,.T.);
#3687=DIRECTION('',(0.5311225669823266,0.0,0.8472950010722972));
#3688=VECTOR('',#3687,1000.0);
#3689=LINE('',#40,#3688);
#3690=EDGE_CURVE('',#41,#39,#3689,.T.);
#3691=DIRECTION('',(-0.528955132199376,0.09024997990093431,-0.8438373120737322));
#3692=VECTOR('',#3691,1000.0);
#3693=LINE('',#38,#3692);
#3694=EDGE_CURVE('',#39,#395,#3693,.T.);
#3695=ORIENTED_EDGE('',*,*,#3673,.F.);
#3696=ORIENTED_EDGE('',*,*,#3690,.T.);
#3697=ORIENTED_EDGE('',*,*,#3694,.T.);
#3698=DIRECTION('',(-0.8472950010722972,0.0,0.5311225669823266));
#3699=AXIS2_PLACEMENT_3D('',#394,#3698,#475);
#3700=PLANE('',#3699);
#3701=EDGE_LOOP('',(#3695,#3696,#3697));
#3702=FACE_BOUND('',#3701,.T.);
#3703=ADVANCED_FACE('',(#3702),#3700,.T.);
#3704=LINE('',#38,#463);
#3705=EDGE_CURVE('',#39,#397,#3704,.T.);
#3706=DIRECTION('',(-0.5311225669823266,0.0,-0.8472950010722972));
#3707=VECTOR('',#3706,1000.0);
#3708=LINE('',#396,#3707);
#3709=EDGE_CURVE('',#397,#395,#3708,.T.);
#3710=ORIENTED_EDGE('',*,*,#3694,.F.);
#3711=ORIENTED_EDGE('',*,*,#3705,.T.);
#3712=ORIENTED_EDGE('',*,*,#3709,.T.);
#3713=DIRECTION('',(0.528955132199376,-0.09024997990093431,0.8438373120737322));
#3714=AXIS2_PLACEMENT_3D('',#394,#3698,#3713);
#3715=PLANE('',#3714);
#3716=EDGE_LOOP('',(#3710,#3711,#3712));
#3717=FACE_BOUND('',#3716,.T.);
#3718=ADVANCED_FACE('',(#3717),#3715,.T.);
#3719=DIRECTION('',(0.32088806349096954,0.0,0.9471171261829318));
#3720=VECTOR('',#3719,1000.0);
#3721=LINE('',#38,#3720);
#3722=EDGE_CURVE('',#39,#117,#3721,.T.);
#3723=DIRECTION('',(-0.3197729321688156,0.08329589272436104,-0.9438257604597418));
#3724=VECTOR('',#3723,1000.0);
#3725=LINE('',#116,#3724);
#3726=EDGE_CURVE('',#117,#397,#3725,.T.);
#3727=ORIENTED_EDGE('',*,*,#3705,.F.);
#3728=ORIENTED_EDGE('',*,*,#3722,.T.);
#3729=ORIENTED_EDGE('',*,*,#3726,.T.);
#3730=DIRECTION('',(-0.9471171261829319,0.0,0.32088806349096954));
#3731=AXIS2_PLACEMENT_3D('',#396,#3730,#475);
#3732=PLANE('',#3731);
#3733=EDGE_LOOP('',(#3727,#3728,#3729));
#3734=FACE_BOUND('',#3733,.T.);
#3735=ADVANCED_FACE('',(#3734),#3732,.T.);
#3736=LINE('',#116,#463);
#3737=EDGE_CURVE('',#117,#399,#3736,.T.);
#3738=DIRECTION('',(-0.32088806349096954,0.0,-0.9471171261829318));
#3739=VECTOR('',#3738,1000.0);
#3740=LINE('',#398,#3739);
#3741=EDGE_CURVE('',#399,#397,#3740,.T.);
#3742=ORIENTED_EDGE('',*,*,#3726,.F.);
#3743=ORIENTED_EDGE('',*,*,#3737,.T.);
#3744=ORIENTED_EDGE('',*,*,#3741,.T.);
#3745=DIRECTION('',(0.3197729321688156,-0.08329589272436104,0.9438257604597418));
#3746=AXIS2_PLACEMENT_3D('',#396,#3730,#3745);
#3747=PLANE('',#3746);
#3748=EDGE_LOOP('',(#3742,#3743,#3744));
#3749=FACE_BOUND('',#3748,.T.);
#3750=ADVANCED_FACE('',(#3749),#3747,.T.);
#3751=DIRECTION('',(0.1007023273284059,0.0,0.9949166001583462));
#3752=VECTOR('',#3751,1000.0);
#3753=LINE('',#116,#3752);
#3754=EDGE_CURVE('',#117,#115,#3753,.T.);
#3755=DIRECTION('',(-0.10045664418881874,0.06981003765727123,-0.9924893053734188));
#3756=VECTOR('',#3755,1000.0);
#3757=LINE('',#114,#3756);
#3758=EDGE_CURVE('',#115,#399,#3757,.T.);
#3759=ORIENTED_EDGE('',*,*,#3737,.F.);
#3760=ORIENTED_EDGE('',*,*,#3754,.T.);
#3761=ORIENTED_EDGE('',*,*,#3758,.T.);
#3762=DIRECTION('',(-0.9949166001583463,0.0,0.1007023273284059));
#3763=AXIS2_PLACEMENT_3D('',#398,#3762,#475);
#3764=PLANE('',#3763);
#3765=EDGE_LOOP('',(#3759,#3760,#3761));
#3766=FACE_BOUND('',#3765,.T.);
#3767=ADVANCED_FACE('',(#3766),#3764,.T.);
#3768=DIRECTION('',(-0.1007023273284059,0.0,-0.9949166001583462));
#3769=VECTOR('',#3768,1000.0);
#3770=LINE('',#384,#3769);
#3771=EDGE_CURVE('',#385,#399,#3770,.T.);
#3772=ORIENTED_EDGE('',*,*,#3758,.F.);
#3773=ORIENTED_EDGE('',*,*,#3545,.F.);
#3774=ORIENTED_EDGE('',*,*,#3771,.T.);
#3775=DIRECTION('',(-0.9949166001583463,0.0,0.1007023273284059));
#3776=DIRECTION('',(0.10045664418881874,-0.06981003765727123,0.9924893053734188));
#3777=AXIS2_PLACEMENT_3D('',#398,#3775,#3776);
#3778=PLANE('',#3777);
#3779=EDGE_LOOP('',(#3772,#3773,#3774));
#3780=FACE_BOUND('',#3779,.T.);
#3781=ADVANCED_FACE('',(#3780),#3778,.T.);
#3782=LINE('',#400,#476);
#3783=EDGE_CURVE('',#401,#37,#3782,.T.);
#3784=DIRECTION('',(0.9651077980277197,0.0,-0.26185289417168245));
#3785=VECTOR('',#3784,1000.0);
#3786=LINE('',#36,#3785);
#3787=EDGE_CURVE('',#37,#57,#3786,.T.);
#3788=DIRECTION('',(-0.9617630049301569,0.08318310023613144,0.2609453854407488));
#3789=VECTOR('',#3788,1000.0);
#3790=LINE('',#56,#3789);
#3791=EDGE_CURVE('',#57,#401,#3790,.T.);
#3792=ORIENTED_EDGE('',*,*,#3783,.T.);
#3793=ORIENTED_EDGE('',*,*,#3787,.T.);
#3794=ORIENTED_EDGE('',*,*,#3791,.T.);
#3795=DIRECTION('',(0.26185289417168245,0.0,0.9651077980277197));
#3796=AXIS2_PLACEMENT_3D('',#400,#3795,#475);
#3797=PLANE('',#3796);
#3798=EDGE_LOOP('',(#3792,#3793,#3794));
#3799=FACE_BOUND('',#3798,.T.);
#3800=ADVANCED_FACE('',(#3799),#3797,.T.);
#3801=LINE('',#56,#463);
#3802=EDGE_CURVE('',#57,#403,#3801,.T.);
#3803=DIRECTION('',(-0.9651077980277197,0.0,0.26185289417168245));
#3804=VECTOR('',#3803,1000.0);
#3805=LINE('',#402,#3804);
#3806=EDGE_CURVE('',#403,#401,#3805,.T.);
#3807=ORIENTED_EDGE('',*,*,#3791,.F.);
#3808=ORIENTED_EDGE('',*,*,#3802,.T.);
#3809=ORIENTED_EDGE('',*,*,#3806,.T.);
#3810=DIRECTION('',(0.26185289417168245,-0.0,0.9651077980277197));
#3811=DIRECTION('',(0.9617630049301569,-0.08318310023613144,-0.2609453854407488));
#3812=AXIS2_PLACEMENT_3D('',#400,#3810,#3811);
#3813=PLANE('',#3812);
#3814=EDGE_LOOP('',(#3807,#3808,#3809));
#3815=FACE_BOUND('',#3814,.T.);
#3816=ADVANCED_FACE('',(#3815),#3813,.T.);
#3817=DIRECTION('',(0.9976279608628281,0.0,-0.06883641263659616));
#3818=VECTOR('',#3817,1000.0);
#3819=LINE('',#56,#3818);
#3820=EDGE_CURVE('',#57,#59,#3819,.T.);
#3821=DIRECTION('',(-0.9941816059709676,0.08304916932344603,0.06859861386116581));
#3822=VECTOR('',#3821,1000.0);
#3823=LINE('',#58,#3822);
#3824=EDGE_CURVE('',#59,#403,#3823,.T.);
#3825=ORIENTED_EDGE('',*,*,#3802,.F.);
#3826=ORIENTED_EDGE('',*,*,#3820,.T.);
#3827=ORIENTED_EDGE('',*,*,#3824,.T.);
#3828=DIRECTION('',(0.06883641263659616,0.0,0.997627960862828));
#3829=AXIS2_PLACEMENT_3D('',#402,#3828,#475);
#3830=PLANE('',#3829);
#3831=EDGE_LOOP('',(#3825,#3826,#3827));
#3832=FACE_BOUND('',#3831,.T.);
#3833=ADVANCED_FACE('',(#3832),#3830,.T.);
#3834=DIRECTION('',(-0.9976279608628281,0.0,0.06883641263659616));
#3835=VECTOR('',#3834,1000.0);
#3836=LINE('',#386,#3835);
#3837=EDGE_CURVE('',#387,#403,#3836,.T.);
#3838=ORIENTED_EDGE('',*,*,#3824,.F.);
#3839=ORIENTED_EDGE('',*,*,#3561,.F.);
#3840=ORIENTED_EDGE('',*,*,#3837,.T.);
#3841=DIRECTION('',(0.06883641263659616,-0.0,0.997627960862828));
#3842=DIRECTION('',(0.9941816059709676,-0.08304916932344603,-0.06859861386116581));
#3843=AXIS2_PLACEMENT_3D('',#402,#3841,#3842);
#3844=PLANE('',#3843);
#3845=EDGE_LOOP('',(#3838,#3839,#3840));
#3846=FACE_BOUND('',#3845,.T.);
#3847=ADVANCED_FACE('',(#3846),#3844,.T.);
#3848=LINE('',#400,#1194);
#3849=EDGE_CURVE('',#401,#405,#3848,.T.);
#3850=DIRECTION('',(0.0,-0.07433717217501332,-0.9972331647277994));
#3851=VECTOR('',#3850,1000.0);
#3852=LINE('',#404,#3851);
#3853=EDGE_CURVE('',#405,#37,#3852,.T.);
#3854=ORIENTED_EDGE('',*,*,#3849,.T.);
#3855=ORIENTED_EDGE('',*,*,#3853,.T.);
#3856=ORIENTED_EDGE('',*,*,#3783,.F.);
#3857=DIRECTION('',(1.0,0.0,-0.0));
#3858=AXIS2_PLACEMENT_3D('',#400,#3857,#11);
#3859=PLANE('',#3858);
#3860=EDGE_LOOP('',(#3854,#3855,#3856));
#3861=FACE_BOUND('',#3860,.T.);
#3862=ADVANCED_FACE('',(#3861),#3859,.T.);
#3863=LINE('',#404,#476);
#3864=EDGE_CURVE('',#405,#35,#3863,.T.);
#3865=DIRECTION('',(0.0,0.0,-1.0));
#3866=VECTOR('',#3865,1000.0);
#3867=LINE('',#34,#3866);
#3868=EDGE_CURVE('',#35,#37,#3867,.T.);
#3869=ORIENTED_EDGE('',*,*,#3853,.F.);
#3870=ORIENTED_EDGE('',*,*,#3864,.T.);
#3871=ORIENTED_EDGE('',*,*,#3868,.T.);
#3872=DIRECTION('',(1.0,0.0,-0.0));
#3873=DIRECTION('',(0.0,0.07433717217501332,0.9972331647277994));
#3874=AXIS2_PLACEMENT_3D('',#36,#3872,#3873);
#3875=PLANE('',#3874);
#3876=EDGE_LOOP('',(#3869,#3870,#3871));
#3877=FACE_BOUND('',#3876,.T.);
#3878=ADVANCED_FACE('',(#3877),#3875,.T.);
#3879=LINE('',#406,#476);
#3880=EDGE_CURVE('',#407,#21,#3879,.T.);
#3881=DIRECTION('',(-0.9916676073290988,0.0,0.1288229660199622));
#3882=VECTOR('',#3881,1000.0);
#3883=LINE('',#20,#3882);
#3884=EDGE_CURVE('',#21,#45,#3883,.T.);
#3885=DIRECTION('',(0.9883836537982775,0.08131498591511939,-0.12839636275997318));
#3886=VECTOR('',#3885,1000.0);
#3887=LINE('',#44,#3886);
#3888=EDGE_CURVE('',#45,#407,#3887,.T.);
#3889=ORIENTED_EDGE('',*,*,#3880,.T.);
#3890=ORIENTED_EDGE('',*,*,#3884,.T.);
#3891=ORIENTED_EDGE('',*,*,#3888,.T.);
#3892=DIRECTION('',(-0.12882296601996224,-0.0,-0.9916676073290989));
#3893=AXIS2_PLACEMENT_3D('',#406,#3892,#475);
#3894=PLANE('',#3893);
#3895=EDGE_LOOP('',(#3889,#3890,#3891));
#3896=FACE_BOUND('',#3895,.T.);
#3897=ADVANCED_FACE('',(#3896),#3894,.T.);
#3898=LINE('',#44,#463);
#3899=EDGE_CURVE('',#45,#409,#3898,.T.);
#3900=DIRECTION('',(0.9916676073290988,0.0,-0.1288229660199622));
#3901=VECTOR('',#3900,1000.0);
#3902=LINE('',#408,#3901);
#3903=EDGE_CURVE('',#409,#407,#3902,.T.);
#3904=ORIENTED_EDGE('',*,*,#3888,.F.);
#3905=ORIENTED_EDGE('',*,*,#3899,.T.);
#3906=ORIENTED_EDGE('',*,*,#3903,.T.);
#3907=DIRECTION('',(-0.12882296601996224,0.0,-0.9916676073290989));
#3908=DIRECTION('',(-0.9883836537982775,-0.08131498591511939,0.12839636275997318));
#3909=AXIS2_PLACEMENT_3D('',#406,#3907,#3908);
#3910=PLANE('',#3909);
#3911=EDGE_LOOP('',(#3904,#3905,#3906));
#3912=FACE_BOUND('',#3911,.T.);
#3913=ADVANCED_FACE('',(#3912),#3910,.T.);
#3914=DIRECTION('',(-0.9192463076244599,0.0,0.3936829002113209));
#3915=VECTOR('',#3914,1000.0);
#3916=LINE('',#44,#3915);
#3917=EDGE_CURVE('',#45,#35,#3916,.T.);
#3918=DIRECTION('',(0.9162003933603373,0.08133881333099555,-0.39237843550871726));
#3919=VECTOR('',#3918,1000.0);
#3920=LINE('',#34,#3919);
#3921=EDGE_CURVE('',#35,#409,#3920,.T.);
#3922=ORIENTED_EDGE('',*,*,#3899,.F.);
#3923=ORIENTED_EDGE('',*,*,#3917,.T.);
#3924=ORIENTED_EDGE('',*,*,#3921,.T.);
#3925=DIRECTION('',(-0.3936829002113209,-0.0,-0.9192463076244599));
#3926=AXIS2_PLACEMENT_3D('',#408,#3925,#475);
#3927=PLANE('',#3926);
#3928=EDGE_LOOP('',(#3922,#3923,#3924));
#3929=FACE_BOUND('',#3928,.T.);
#3930=ADVANCED_FACE('',(#3929),#3927,.T.);
#3931=DIRECTION('',(0.9192463076244599,0.0,-0.3936829002113209));
#3932=VECTOR('',#3931,1000.0);
#3933=LINE('',#404,#3932);
#3934=EDGE_CURVE('',#405,#409,#3933,.T.);
#3935=ORIENTED_EDGE('',*,*,#3921,.F.);
#3936=ORIENTED_EDGE('',*,*,#3864,.F.);
#3937=ORIENTED_EDGE('',*,*,#3934,.T.);
#3938=DIRECTION('',(-0.3936829002113209,0.0,-0.9192463076244599));
#3939=DIRECTION('',(-0.9162003933603373,-0.08133881333099555,0.39237843550871726));
#3940=AXIS2_PLACEMENT_3D('',#408,#3938,#3939);
#3941=PLANE('',#3940);
#3942=EDGE_LOOP('',(#3935,#3936,#3937));
#3943=FACE_BOUND('',#3942,.T.);
#3944=ADVANCED_FACE('',(#3943),#3941,.T.);
#3945=LINE('',#410,#476);
#3946=EDGE_CURVE('',#411,#91,#3945,.T.);
#3947=DIRECTION('',(-0.06119614233594123,0.0,-0.9981257596932359));
#3948=VECTOR('',#3947,1000.0);
#3949=LINE('',#90,#3948);
#3950=EDGE_CURVE('',#91,#121,#3949,.T.);
#3951=DIRECTION('',(0.060698652431024076,0.12725084367092354,0.9900115637597854));
#3952=VECTOR('',#3951,1000.0);
#3953=LINE('',#120,#3952);
#3954=EDGE_CURVE('',#121,#411,#3953,.T.);
#3955=ORIENTED_EDGE('',*,*,#3946,.T.);
#3956=ORIENTED_EDGE('',*,*,#3950,.T.);
#3957=ORIENTED_EDGE('',*,*,#3954,.T.);
#3958=DIRECTION('',(0.9981257596932359,0.0,-0.061196142335941235));
#3959=AXIS2_PLACEMENT_3D('',#410,#3958,#475);
#3960=PLANE('',#3959);
#3961=EDGE_LOOP('',(#3955,#3956,#3957));
#3962=FACE_BOUND('',#3961,.T.);
#3963=ADVANCED_FACE('',(#3962),#3960,.T.);
#3964=LINE('',#120,#463);
#3965=EDGE_CURVE('',#121,#413,#3964,.T.);
#3966=DIRECTION('',(0.06119614233594123,0.0,0.9981257596932359));
#3967=VECTOR('',#3966,1000.0);
#3968=LINE('',#412,#3967);
#3969=EDGE_CURVE('',#413,#411,#3968,.T.);
#3970=ORIENTED_EDGE('',*,*,#3954,.F.);
#3971=ORIENTED_EDGE('',*,*,#3965,.T.);
#3972=ORIENTED_EDGE('',*,*,#3969,.T.);
#3973=DIRECTION('',(0.9981257596932359,0.0,-0.061196142335941235));
#3974=DIRECTION('',(-0.060698652431024076,-0.12725084367092354,-0.9900115637597854));
#3975=AXIS2_PLACEMENT_3D('',#410,#3973,#3974);
#3976=PLANE('',#3975);
#3977=EDGE_LOOP('',(#3970,#3971,#3972));
#3978=FACE_BOUND('',#3977,.T.);
#3979=ADVANCED_FACE('',(#3978),#3976,.T.);
#3980=VECTOR('',#1852,1000.0);
#3981=LINE('',#120,#3980);
#3982=EDGE_CURVE('',#121,#119,#3981,.T.);
#3983=DIRECTION('',(0.24065332664285494,0.0902675643821643,0.9664045442754494));
#3984=VECTOR('',#3983,1000.0);
#3985=LINE('',#118,#3984);
#3986=EDGE_CURVE('',#119,#413,#3985,.T.);
#3987=ORIENTED_EDGE('',*,*,#3965,.F.);
#3988=ORIENTED_EDGE('',*,*,#3982,.T.);
#3989=ORIENTED_EDGE('',*,*,#3986,.T.);
#3990=DIRECTION('',(0.9703660148067628,0.0,-0.24163980902997265));
#3991=AXIS2_PLACEMENT_3D('',#412,#3990,#475);
#3992=PLANE('',#3991);
#3993=EDGE_LOOP('',(#3987,#3988,#3989));
#3994=FACE_BOUND('',#3993,.T.);
#3995=ADVANCED_FACE('',(#3994),#3992,.T.);
#3996=LINE('',#118,#463);
#3997=EDGE_CURVE('',#119,#415,#3996,.T.);
#3998=LINE('',#414,#1829);
#3999=EDGE_CURVE('',#415,#413,#3998,.T.);
#4000=ORIENTED_EDGE('',*,*,#3986,.F.);
#4001=ORIENTED_EDGE('',*,*,#3997,.T.);
#4002=ORIENTED_EDGE('',*,*,#3999,.T.);
#4003=DIRECTION('',(-0.24065332664285494,-0.0902675643821643,-0.9664045442754494));
#4004=AXIS2_PLACEMENT_3D('',#412,#3990,#4003);
#4005=PLANE('',#4004);
#4006=EDGE_LOOP('',(#4000,#4001,#4002));
#4007=FACE_BOUND('',#4006,.T.);
#4008=ADVANCED_FACE('',(#4007),#4005,.T.);
#4009=DIRECTION('',(-0.4709558637044662,0.0,-0.8821567742994327));
#4010=VECTOR('',#4009,1000.0);
#4011=LINE('',#118,#4010);
#4012=EDGE_CURVE('',#119,#89,#4011,.T.);
#4013=DIRECTION('',(0.4679117006047494,0.11351569641066339,0.8764546919867413));
#4014=VECTOR('',#4013,1000.0);
#4015=LINE('',#88,#4014);
#4016=EDGE_CURVE('',#89,#415,#4015,.T.);
#4017=ORIENTED_EDGE('',*,*,#3997,.F.);
#4018=ORIENTED_EDGE('',*,*,#4012,.T.);
#4019=ORIENTED_EDGE('',*,*,#4016,.T.);
#4020=DIRECTION('',(0.8821567742994327,0.0,-0.4709558637044662));
#4021=AXIS2_PLACEMENT_3D('',#414,#4020,#475);
#4022=PLANE('',#4021);
#4023=EDGE_LOOP('',(#4017,#4018,#4019));
#4024=FACE_BOUND('',#4023,.T.);
#4025=ADVANCED_FACE('',(#4024),#4022,.T.);
#4026=LINE('',#88,#463);
#4027=EDGE_CURVE('',#89,#417,#4026,.T.);
#4028=DIRECTION('',(0.4709558637044662,0.0,0.8821567742994327));
#4029=VECTOR('',#4028,1000.0);
#4030=LINE('',#416,#4029);
#4031=EDGE_CURVE('',#417,#415,#4030,.T.);
#4032=ORIENTED_EDGE('',*,*,#4016,.F.);
#4033=ORIENTED_EDGE('',*,*,#4027,.T.);
#4034=ORIENTED_EDGE('',*,*,#4031,.T.);
#4035=DIRECTION('',(-0.4679117006047494,-0.11351569641066339,-0.8764546919867413));
#4036=AXIS2_PLACEMENT_3D('',#414,#4020,#4035);
#4037=PLANE('',#4036);
#4038=EDGE_LOOP('',(#4032,#4033,#4034));
#4039=FACE_BOUND('',#4038,.T.);
#4040=ADVANCED_FACE('',(#4039),#4037,.T.);
#4041=DIRECTION('',(-0.6713935146225827,0.0,-0.7411010379986902));
#4042=VECTOR('',#4041,1000.0);
#4043=LINE('',#88,#4042);
#4044=EDGE_CURVE('',#89,#87,#4043,.T.);
#4045=DIRECTION('',(0.6672823199962648,0.11049549925422479,0.7365629980286562));
#4046=VECTOR('',#4045,1000.0);
#4047=LINE('',#86,#4046);
#4048=EDGE_CURVE('',#87,#417,#4047,.T.);
#4049=ORIENTED_EDGE('',*,*,#4027,.F.);
#4050=ORIENTED_EDGE('',*,*,#4044,.T.);
#4051=ORIENTED_EDGE('',*,*,#4048,.T.);
#4052=DIRECTION('',(0.7411010379986901,0.0,-0.6713935146225827));
#4053=AXIS2_PLACEMENT_3D('',#416,#4052,#475);
#4054=PLANE('',#4053);
#4055=EDGE_LOOP('',(#4049,#4050,#4051));
#4056=FACE_BOUND('',#4055,.T.);
#4057=ADVANCED_FACE('',(#4056),#4054,.T.);
#4058=LINE('',#86,#463);
#4059=EDGE_CURVE('',#87,#419,#4058,.T.);
#4060=DIRECTION('',(0.6713935146225827,0.0,0.7411010379986902));
#4061=VECTOR('',#4060,1000.0);
#4062=LINE('',#418,#4061);
#4063=EDGE_CURVE('',#419,#417,#4062,.T.);
#4064=ORIENTED_EDGE('',*,*,#4048,.F.);
#4065=ORIENTED_EDGE('',*,*,#4059,.T.);
#4066=ORIENTED_EDGE('',*,*,#4063,.T.);
#4067=DIRECTION('',(-0.6672823199962648,-0.11049549925422479,-0.7365629980286562));
#4068=AXIS2_PLACEMENT_3D('',#416,#4052,#4067);
#4069=PLANE('',#4068);
#4070=EDGE_LOOP('',(#4064,#4065,#4066));
#4071=FACE_BOUND('',#4070,.T.);
#4072=ADVANCED_FACE('',(#4071),#4069,.T.);
#4073=DIRECTION('',(-0.8311068902257167,0.0,-0.5561127017245141));
#4074=VECTOR('',#4073,1000.0);
#4075=LINE('',#86,#4074);
#4076=EDGE_CURVE('',#87,#85,#4075,.T.);
#4077=DIRECTION('',(0.8251785010620957,0.11922821861900039,0.5521458804245966));
#4078=VECTOR('',#4077,1000.0);
#4079=LINE('',#84,#4078);
#4080=EDGE_CURVE('',#85,#419,#4079,.T.);
#4081=ORIENTED_EDGE('',*,*,#4059,.F.);
#4082=ORIENTED_EDGE('',*,*,#4076,.T.);
#4083=ORIENTED_EDGE('',*,*,#4080,.T.);
#4084=DIRECTION('',(0.5561127017245141,0.0,-0.8311068902257167));
#4085=AXIS2_PLACEMENT_3D('',#418,#4084,#475);
#4086=PLANE('',#4085);
#4087=EDGE_LOOP('',(#4081,#4082,#4083));
#4088=FACE_BOUND('',#4087,.T.);
#4089=ADVANCED_FACE('',(#4088),#4086,.T.);
#4090=LINE('',#84,#463);
#4091=EDGE_CURVE('',#85,#421,#4090,.T.);
#4092=DIRECTION('',(0.8311068902257167,0.0,0.5561127017245141));
#4093=VECTOR('',#4092,1000.0);
#4094=LINE('',#420,#4093);
#4095=EDGE_CURVE('',#421,#419,#4094,.T.);
#4096=ORIENTED_EDGE('',*,*,#4080,.F.);
#4097=ORIENTED_EDGE('',*,*,#4091,.T.);
#4098=ORIENTED_EDGE('',*,*,#4095,.T.);
#4099=DIRECTION('',(-0.8251785010620957,-0.11922821861900039,-0.5521458804245966));
#4100=AXIS2_PLACEMENT_3D('',#418,#4084,#4099);
#4101=PLANE('',#4100);
#4102=EDGE_LOOP('',(#4096,#4097,#4098));
#4103=FACE_BOUND('',#4102,.T.);
#4104=ADVANCED_FACE('',(#4103),#4101,.T.);
#4105=VECTOR('',#535,1000.0);
#4106=LINE('',#84,#4105);
#4107=EDGE_CURVE('',#85,#23,#4106,.T.);
#4108=DIRECTION('',(0.9332901309430295,0.12468806024622858,0.3367824507250573));
#4109=VECTOR('',#4108,1000.0);
#4110=LINE('',#22,#4109);
#4111=EDGE_CURVE('',#23,#421,#4110,.T.);
#4112=ORIENTED_EDGE('',*,*,#4091,.F.);
#4113=ORIENTED_EDGE('',*,*,#4107,.T.);
#4114=ORIENTED_EDGE('',*,*,#4111,.T.);
#4115=AXIS2_PLACEMENT_3D('',#420,#524,#475);
#4116=PLANE('',#4115);
#4117=EDGE_LOOP('',(#4112,#4113,#4114));
#4118=FACE_BOUND('',#4117,.T.);
#4119=ADVANCED_FACE('',(#4118),#4116,.T.);
#4120=LINE('',#22,#463);
#4121=EDGE_CURVE('',#23,#423,#4120,.T.);
#4122=DIRECTION('',(0.94063082087697,0.0,0.3394313757099034));
#4123=VECTOR('',#4122,1000.0);
#4124=LINE('',#422,#4123);
#4125=EDGE_CURVE('',#423,#421,#4124,.T.);
#4126=ORIENTED_EDGE('',*,*,#4111,.F.);
#4127=ORIENTED_EDGE('',*,*,#4121,.T.);
#4128=ORIENTED_EDGE('',*,*,#4125,.T.);
#4129=DIRECTION('',(-0.9332901309430295,-0.12468806024622858,-0.3367824507250573));
#4130=AXIS2_PLACEMENT_3D('',#420,#524,#4129);
#4131=PLANE('',#4130);
#4132=EDGE_LOOP('',(#4126,#4127,#4128));
#4133=FACE_BOUND('',#4132,.T.);
#4134=ADVANCED_FACE('',(#4133),#4131,.T.);
#4135=DIRECTION('',(-0.9937513407733749,0.0,-0.11161663277092518));
#4136=VECTOR('',#4135,1000.0);
#4137=LINE('',#22,#4136);
#4138=EDGE_CURVE('',#23,#21,#4137,.T.);
#4139=DIRECTION('',(0.9887291485305474,0.10040917523413774,0.11105254780895026));
#4140=VECTOR('',#4139,1000.0);
#4141=LINE('',#20,#4140);
#4142=EDGE_CURVE('',#21,#423,#4141,.T.);
#4143=ORIENTED_EDGE('',*,*,#4121,.F.);
#4144=ORIENTED_EDGE('',*,*,#4138,.T.);
#4145=ORIENTED_EDGE('',*,*,#4142,.T.);
#4146=DIRECTION('',(0.11161663277092519,0.0,-0.993751340773375));
#4147=AXIS2_PLACEMENT_3D('',#422,#4146,#475);
#4148=PLANE('',#4147);
#4149=EDGE_LOOP('',(#4143,#4144,#4145));
#4150=FACE_BOUND('',#4149,.T.);
#4151=ADVANCED_FACE('',(#4150),#4148,.T.);
#4152=DIRECTION('',(0.9937513407733749,0.0,0.11161663277092518));
#4153=VECTOR('',#4152,1000.0);
#4154=LINE('',#406,#4153);
#4155=EDGE_CURVE('',#407,#423,#4154,.T.);
#4156=ORIENTED_EDGE('',*,*,#4142,.F.);
#4157=ORIENTED_EDGE('',*,*,#3880,.F.);
#4158=ORIENTED_EDGE('',*,*,#4155,.T.);
#4159=DIRECTION('',(-0.9887291485305474,-0.10040917523413774,-0.11105254780895026));
#4160=AXIS2_PLACEMENT_3D('',#422,#4146,#4159);
#4161=PLANE('',#4160);
#4162=EDGE_LOOP('',(#4156,#4157,#4158));
#4163=FACE_BOUND('',#4162,.T.);
#4164=ADVANCED_FACE('',(#4163),#4161,.T.);
#4165=LINE('',#424,#476);
#4166=EDGE_CURVE('',#425,#99,#4165,.T.);
#4167=DIRECTION('',(0.9937714926543438,0.0,-0.11143706918057966));
#4168=VECTOR('',#4167,1000.0);
#4169=LINE('',#98,#4168);
#4170=EDGE_CURVE('',#99,#97,#4169,.T.);
#4171=DIRECTION('',(-0.9881793956828667,0.10593689919413368,0.11080999655706282));
#4172=VECTOR('',#4171,1000.0);
#4173=LINE('',#96,#4172);
#4174=EDGE_CURVE('',#97,#425,#4173,.T.);
#4175=ORIENTED_EDGE('',*,*,#4166,.T.);
#4176=ORIENTED_EDGE('',*,*,#4170,.T.);
#4177=ORIENTED_EDGE('',*,*,#4174,.T.);
#4178=DIRECTION('',(0.1114370691805797,0.0,0.993771492654344));
#4179=AXIS2_PLACEMENT_3D('',#424,#4178,#475);
#4180=PLANE('',#4179);
#4181=EDGE_LOOP('',(#4175,#4176,#4177));
#4182=FACE_BOUND('',#4181,.T.);
#4183=ADVANCED_FACE('',(#4182),#4180,.T.);
#4184=LINE('',#96,#463);
#4185=EDGE_CURVE('',#97,#427,#4184,.T.);
#4186=DIRECTION('',(-0.9937714926543438,0.0,0.11143706918057966));
#4187=VECTOR('',#4186,1000.0);
#4188=LINE('',#426,#4187);
#4189=EDGE_CURVE('',#427,#425,#4188,.T.);
#4190=ORIENTED_EDGE('',*,*,#4174,.F.);
#4191=ORIENTED_EDGE('',*,*,#4185,.T.);
#4192=ORIENTED_EDGE('',*,*,#4189,.T.);
#4193=DIRECTION('',(0.1114370691805797,-0.0,0.993771492654344));
#4194=DIRECTION('',(0.9881793956828667,-0.10593689919413368,-0.11080999655706282));
#4195=AXIS2_PLACEMENT_3D('',#424,#4193,#4194);
#4196=PLANE('',#4195);
#4197=EDGE_LOOP('',(#4190,#4191,#4192));
#4198=FACE_BOUND('',#4197,.T.);
#4199=ADVANCED_FACE('',(#4198),#4196,.T.);
#4200=DIRECTION('',(0.93839807829467,0.0,-0.3455561411013706));
#4201=VECTOR('',#4200,1000.0);
#4202=LINE('',#96,#4201);
#4203=EDGE_CURVE('',#97,#101,#4202,.T.);
#4204=DIRECTION('',(-0.9307104819892542,0.12773956656454202,0.34272525709266477));
#4205=VECTOR('',#4204,1000.0);
#4206=LINE('',#100,#4205);
#4207=EDGE_CURVE('',#101,#427,#4206,.T.);
#4208=ORIENTED_EDGE('',*,*,#4185,.F.);
#4209=ORIENTED_EDGE('',*,*,#4203,.T.);
#4210=ORIENTED_EDGE('',*,*,#4207,.T.);
#4211=DIRECTION('',(0.34555614110137056,0.0,0.93839807829467));
#4212=AXIS2_PLACEMENT_3D('',#426,#4211,#475);
#4213=PLANE('',#4212);
#4214=EDGE_LOOP('',(#4208,#4209,#4210));
#4215=FACE_BOUND('',#4214,.T.);
#4216=ADVANCED_FACE('',(#4215),#4213,.T.);
#4217=LINE('',#100,#463);
#4218=EDGE_CURVE('',#101,#429,#4217,.T.);
#4219=DIRECTION('',(-0.93839807829467,0.0,0.3455561411013706));
#4220=VECTOR('',#4219,1000.0);
#4221=LINE('',#428,#4220);
#4222=EDGE_CURVE('',#429,#427,#4221,.T.);
#4223=ORIENTED_EDGE('',*,*,#4207,.F.);
#4224=ORIENTED_EDGE('',*,*,#4218,.T.);
#4225=ORIENTED_EDGE('',*,*,#4222,.T.);
#4226=DIRECTION('',(0.34555614110137056,-0.0,0.93839807829467));
#4227=DIRECTION('',(0.9307104819892542,-0.12773956656454202,-0.34272525709266477));
#4228=AXIS2_PLACEMENT_3D('',#426,#4226,#4227);
#4229=PLANE('',#4228);
#4230=EDGE_LOOP('',(#4223,#4224,#4225));
#4231=FACE_BOUND('',#4230,.T.);
#4232=ADVANCED_FACE('',(#4231),#4229,.T.);
#4233=DIRECTION('',(0.8292541753562592,0.0,-0.558871642377935));
#4234=VECTOR('',#4233,1000.0);
#4235=LINE('',#100,#4234);
#4236=EDGE_CURVE('',#101,#103,#4235,.T.);
#4237=DIRECTION('',(-0.8217858572286721,0.13390677158687714,0.5538384072833122));
#4238=VECTOR('',#4237,1000.0);
#4239=LINE('',#102,#4238);
#4240=EDGE_CURVE('',#103,#429,#4239,.T.);
#4241=ORIENTED_EDGE('',*,*,#4218,.F.);
#4242=ORIENTED_EDGE('',*,*,#4236,.T.);
#4243=ORIENTED_EDGE('',*,*,#4240,.T.);
#4244=DIRECTION('',(0.5588716423779351,0.0,0.8292541753562593));
#4245=AXIS2_PLACEMENT_3D('',#428,#4244,#475);
#4246=PLANE('',#4245);
#4247=EDGE_LOOP('',(#4241,#4242,#4243));
#4248=FACE_BOUND('',#4247,.T.);
#4249=ADVANCED_FACE('',(#4248),#4246,.T.);
#4250=LINE('',#102,#463);
#4251=EDGE_CURVE('',#103,#431,#4250,.T.);
#4252=DIRECTION('',(-0.8292541753562592,0.0,0.558871642377935));
#4253=VECTOR('',#4252,1000.0);
#4254=LINE('',#430,#4253);
#4255=EDGE_CURVE('',#431,#429,#4254,.T.);
#4256=ORIENTED_EDGE('',*,*,#4240,.F.);
#4257=ORIENTED_EDGE('',*,*,#4251,.T.);
#4258=ORIENTED_EDGE('',*,*,#4255,.T.);
#4259=DIRECTION('',(0.5588716423779351,-0.0,0.8292541753562593));
#4260=DIRECTION('',(0.8217858572286721,-0.13390677158687714,-0.5538384072833122));
#4261=AXIS2_PLACEMENT_3D('',#428,#4259,#4260);
#4262=PLANE('',#4261);
#4263=EDGE_LOOP('',(#4256,#4257,#4258));
#4264=FACE_BOUND('',#4263,.T.);
#4265=ADVANCED_FACE('',(#4264),#4262,.T.);
#4266=DIRECTION('',(0.687943855137417,0.0,-0.7257639093938667));
#4267=VECTOR('',#4266,1000.0);
#4268=LINE('',#102,#4267);
#4269=EDGE_CURVE('',#103,#105,#4268,.T.);
#4270=DIRECTION('',(-0.6806694638727131,0.14503930617360353,0.7180896048655161));
#4271=VECTOR('',#4270,1000.0);
#4272=LINE('',#104,#4271);
#4273=EDGE_CURVE('',#105,#431,#4272,.T.);
#4274=ORIENTED_EDGE('',*,*,#4251,.F.);
#4275=ORIENTED_EDGE('',*,*,#4269,.T.);
#4276=ORIENTED_EDGE('',*,*,#4273,.T.);
#4277=DIRECTION('',(0.7257639093938667,0.0,0.6879438551374171));
#4278=AXIS2_PLACEMENT_3D('',#430,#4277,#475);
#4279=PLANE('',#4278);
#4280=EDGE_LOOP('',(#4274,#4275,#4276));
#4281=FACE_BOUND('',#4280,.T.);
#4282=ADVANCED_FACE('',(#4281),#4279,.T.);
#4283=LINE('',#104,#463);
#4284=EDGE_CURVE('',#105,#433,#4283,.T.);
#4285=DIRECTION('',(-0.687943855137417,0.0,0.7257639093938667));
#4286=VECTOR('',#4285,1000.0);
#4287=LINE('',#432,#4286);
#4288=EDGE_CURVE('',#433,#431,#4287,.T.);
#4289=ORIENTED_EDGE('',*,*,#4273,.F.);
#4290=ORIENTED_EDGE('',*,*,#4284,.T.);
#4291=ORIENTED_EDGE('',*,*,#4288,.T.);
#4292=DIRECTION('',(0.7257639093938667,-0.0,0.6879438551374171));
#4293=DIRECTION('',(0.6806694638727131,-0.14503930617360353,-0.7180896048655161));
#4294=AXIS2_PLACEMENT_3D('',#430,#4292,#4293);
#4295=PLANE('',#4294);
#4296=EDGE_LOOP('',(#4289,#4290,#4291));
#4297=FACE_BOUND('',#4296,.T.);
#4298=ADVANCED_FACE('',(#4297),#4295,.T.);
#4299=DIRECTION('',(0.5122718904426217,0.0,-0.8588233288996885));
#4300=VECTOR('',#4299,1000.0);
#4301=LINE('',#104,#4300);
#4302=EDGE_CURVE('',#105,#95,#4301,.T.);
#4303=DIRECTION('',(-0.5083872700268686,0.1229176184784491,0.8523107665295648));
#4304=VECTOR('',#4303,1000.0);
#4305=LINE('',#94,#4304);
#4306=EDGE_CURVE('',#95,#433,#4305,.T.);
#4307=ORIENTED_EDGE('',*,*,#4284,.F.);
#4308=ORIENTED_EDGE('',*,*,#4302,.T.);
#4309=ORIENTED_EDGE('',*,*,#4306,.T.);
#4310=DIRECTION('',(0.8588233288996886,0.0,0.5122718904426217));
#4311=AXIS2_PLACEMENT_3D('',#432,#4310,#475);
#4312=PLANE('',#4311);
#4313=EDGE_LOOP('',(#4307,#4308,#4309));
#4314=FACE_BOUND('',#4313,.T.);
#4315=ADVANCED_FACE('',(#4314),#4312,.T.);
#4316=LINE('',#94,#463);
#4317=EDGE_CURVE('',#95,#435,#4316,.T.);
#4318=DIRECTION('',(-0.5122718904426217,0.0,0.8588233288996885));
#4319=VECTOR('',#4318,1000.0);
#4320=LINE('',#434,#4319);
#4321=EDGE_CURVE('',#435,#433,#4320,.T.);
#4322=ORIENTED_EDGE('',*,*,#4306,.F.);
#4323=ORIENTED_EDGE('',*,*,#4317,.T.);
#4324=ORIENTED_EDGE('',*,*,#4321,.T.);
#4325=DIRECTION('',(0.8588233288996886,-0.0,0.5122718904426217));
#4326=DIRECTION('',(0.5083872700268686,-0.1229176184784491,-0.8523107665295648));
#4327=AXIS2_PLACEMENT_3D('',#432,#4325,#4326);
#4328=PLANE('',#4327);
#4329=EDGE_LOOP('',(#4322,#4323,#4324));
#4330=FACE_BOUND('',#4329,.T.);
#4331=ADVANCED_FACE('',(#4330),#4328,.T.);
#4332=DIRECTION('',(0.3011207557529154,0.0,-0.9535860162852604));
#4333=VECTOR('',#4332,1000.0);
#4334=LINE('',#94,#4333);
#4335=EDGE_CURVE('',#95,#93,#4334,.T.);
#4336=DIRECTION('',(-0.29928695910075725,0.11019402028746385,0.9477787684924723));
#4337=VECTOR('',#4336,1000.0);
#4338=LINE('',#92,#4337);
#4339=EDGE_CURVE('',#93,#435,#4338,.T.);
#4340=ORIENTED_EDGE('',*,*,#4317,.F.);
#4341=ORIENTED_EDGE('',*,*,#4335,.T.);
#4342=ORIENTED_EDGE('',*,*,#4339,.T.);
#4343=DIRECTION('',(0.9535860162852605,0.0,0.30112075575291547));
#4344=AXIS2_PLACEMENT_3D('',#434,#4343,#475);
#4345=PLANE('',#4344);
#4346=EDGE_LOOP('',(#4340,#4341,#4342));
#4347=FACE_BOUND('',#4346,.T.);
#4348=ADVANCED_FACE('',(#4347),#4345,.T.);
#4349=LINE('',#92,#463);
#4350=EDGE_CURVE('',#93,#437,#4349,.T.);
#4351=DIRECTION('',(-0.3011207557529154,0.0,0.9535860162852604));
#4352=VECTOR('',#4351,1000.0);
#4353=LINE('',#436,#4352);
#4354=EDGE_CURVE('',#437,#435,#4353,.T.);
#4355=ORIENTED_EDGE('',*,*,#4339,.F.);
#4356=ORIENTED_EDGE('',*,*,#4350,.T.);
#4357=ORIENTED_EDGE('',*,*,#4354,.T.);
#4358=DIRECTION('',(0.9535860162852605,-0.0,0.30112075575291547));
#4359=DIRECTION('',(0.29928695910075725,-0.11019402028746385,-0.9477787684924723));
#4360=AXIS2_PLACEMENT_3D('',#434,#4358,#4359);
#4361=PLANE('',#4360);
#4362=EDGE_LOOP('',(#4355,#4356,#4357));
#4363=FACE_BOUND('',#4362,.T.);
#4364=ADVANCED_FACE('',(#4363),#4361,.T.);
#4365=DIRECTION('',(0.09316407076202493,0.0,-0.9956507700589844));
#4366=VECTOR('',#4365,1000.0);
#4367=LINE('',#92,#4366);
#4368=EDGE_CURVE('',#93,#91,#4367,.T.);
#4369=DIRECTION('',(-0.09277255243715848,0.09158198661121908,0.991466587053057));
#4370=VECTOR('',#4369,1000.0);
#4371=LINE('',#90,#4370);
#4372=EDGE_CURVE('',#91,#437,#4371,.T.);
#4373=ORIENTED_EDGE('',*,*,#4350,.F.);
#4374=ORIENTED_EDGE('',*,*,#4368,.T.);
#4375=ORIENTED_EDGE('',*,*,#4372,.T.);
#4376=DIRECTION('',(0.9956507700589843,0.0,0.09316407076202493));
#4377=AXIS2_PLACEMENT_3D('',#436,#4376,#475);
#4378=PLANE('',#4377);
#4379=EDGE_LOOP('',(#4373,#4374,#4375));
#4380=FACE_BOUND('',#4379,.T.);
#4381=ADVANCED_FACE('',(#4380),#4378,.T.);
#4382=DIRECTION('',(-0.09316407076202493,0.0,0.9956507700589844));
#4383=VECTOR('',#4382,1000.0);
#4384=LINE('',#410,#4383);
#4385=EDGE_CURVE('',#411,#437,#4384,.T.);
#4386=ORIENTED_EDGE('',*,*,#4372,.F.);
#4387=ORIENTED_EDGE('',*,*,#3946,.F.);
#4388=ORIENTED_EDGE('',*,*,#4385,.T.);
#4389=DIRECTION('',(0.9956507700589843,-0.0,0.09316407076202493));
#4390=DIRECTION('',(0.09277255243715848,-0.09158198661121908,-0.991466587053057));
#4391=AXIS2_PLACEMENT_3D('',#436,#4389,#4390);
#4392=PLANE('',#4391);
#4393=EDGE_LOOP('',(#4386,#4387,#4388));
#4394=FACE_BOUND('',#4393,.T.);
#4395=ADVANCED_FACE('',(#4394),#4392,.T.);
#4396=DIRECTION('',(0.8750076528825617,0.0,0.484109086257375));
#4397=VECTOR('',#4396,1000.0);
#4398=LINE('',#46,#4397);
#4399=EDGE_CURVE('',#47,#25,#4398,.T.);
#4400=DIRECTION('',(-0.7863647088389111,0.43857485155543346,-0.4350662527429865));
#4401=VECTOR('',#4400,1000.0);
#4402=LINE('',#24,#4401);
#4403=EDGE_CURVE('',#25,#363,#4402,.T.);
#4404=ORIENTED_EDGE('',*,*,#3177,.F.);
#4405=ORIENTED_EDGE('',*,*,#4399,.T.);
#4406=ORIENTED_EDGE('',*,*,#4403,.T.);
#4407=DIRECTION('',(-0.48410908625737503,0.0,0.8750076528825617));
#4408=AXIS2_PLACEMENT_3D('',#362,#4407,#475);
#4409=PLANE('',#4408);
#4410=EDGE_LOOP('',(#4404,#4405,#4406));
#4411=FACE_BOUND('',#4410,.T.);
#4412=ADVANCED_FACE('',(#4411),#4409,.T.);
#4413=LINE('',#24,#463);
#4414=EDGE_CURVE('',#25,#439,#4413,.T.);
#4415=DIRECTION('',(-0.8750076528825617,0.0,-0.484109086257375));
#4416=VECTOR('',#4415,1000.0);
#4417=LINE('',#438,#4416);
#4418=EDGE_CURVE('',#439,#363,#4417,.T.);
#4419=ORIENTED_EDGE('',*,*,#4403,.F.);
#4420=ORIENTED_EDGE('',*,*,#4414,.T.);
#4421=ORIENTED_EDGE('',*,*,#4418,.T.);
#4422=DIRECTION('',(0.7863647088389111,-0.43857485155543346,0.4350662527429865));
#4423=AXIS2_PLACEMENT_3D('',#362,#4407,#4422);
#4424=PLANE('',#4423);
#4425=EDGE_LOOP('',(#4419,#4420,#4421));
#4426=FACE_BOUND('',#4425,.T.);
#4427=ADVANCED_FACE('',(#4426),#4424,.T.);
#4428=DIRECTION('',(0.9374293956081582,0.0,0.34817542740653495));
#4429=VECTOR('',#4428,1000.0);
#4430=LINE('',#24,#4429);
#4431=EDGE_CURVE('',#25,#107,#4430,.T.);
#4432=DIRECTION('',(-0.9337849155107278,0.08809291655761546,-0.34682181248732896));
#4433=VECTOR('',#4432,1000.0);
#4434=LINE('',#106,#4433);
#4435=EDGE_CURVE('',#107,#439,#4434,.T.);
#4436=ORIENTED_EDGE('',*,*,#4414,.F.);
#4437=ORIENTED_EDGE('',*,*,#4431,.T.);
#4438=ORIENTED_EDGE('',*,*,#4435,.T.);
#4439=DIRECTION('',(-0.34817542740653495,0.0,0.9374293956081582));
#4440=AXIS2_PLACEMENT_3D('',#438,#4439,#475);
#4441=PLANE('',#4440);
#4442=EDGE_LOOP('',(#4436,#4437,#4438));
#4443=FACE_BOUND('',#4442,.T.);
#4444=ADVANCED_FACE('',(#4443),#4441,.T.);
#4445=LINE('',#106,#463);
#4446=EDGE_CURVE('',#107,#441,#4445,.T.);
#4447=DIRECTION('',(-0.9374293956081582,0.0,-0.34817542740653495));
#4448=VECTOR('',#4447,1000.0);
#4449=LINE('',#440,#4448);
#4450=EDGE_CURVE('',#441,#439,#4449,.T.);
#4451=ORIENTED_EDGE('',*,*,#4435,.F.);
#4452=ORIENTED_EDGE('',*,*,#4446,.T.);
#4453=ORIENTED_EDGE('',*,*,#4450,.T.);
#4454=DIRECTION('',(0.9337849155107278,-0.08809291655761546,0.34682181248732896));
#4455=AXIS2_PLACEMENT_3D('',#438,#4439,#4454);
#4456=PLANE('',#4455);
#4457=EDGE_LOOP('',(#4451,#4452,#4453));
#4458=FACE_BOUND('',#4457,.T.);
#4459=ADVANCED_FACE('',(#4458),#4456,.T.);
#4460=DIRECTION('',(0.9938992478531176,0.0,0.11029181799665422));
#4461=VECTOR('',#4460,1000.0);
#4462=LINE('',#106,#4461);
#4463=EDGE_CURVE('',#107,#99,#4462,.T.);
#4464=DIRECTION('',(-0.991124828978669,0.07466662867098608,-0.10998394403235842));
#4465=VECTOR('',#4464,1000.0);
#4466=LINE('',#98,#4465);
#4467=EDGE_CURVE('',#99,#441,#4466,.T.);
#4468=ORIENTED_EDGE('',*,*,#4446,.F.);
#4469=ORIENTED_EDGE('',*,*,#4463,.T.);
#4470=ORIENTED_EDGE('',*,*,#4467,.T.);
#4471=DIRECTION('',(-0.11029181799665422,0.0,0.9938992478531177));
#4472=AXIS2_PLACEMENT_3D('',#440,#4471,#475);
#4473=PLANE('',#4472);
#4474=EDGE_LOOP('',(#4468,#4469,#4470));
#4475=FACE_BOUND('',#4474,.T.);
#4476=ADVANCED_FACE('',(#4475),#4473,.T.);
#4477=DIRECTION('',(-0.9938992478531176,0.0,-0.11029181799665422));
#4478=VECTOR('',#4477,1000.0);
#4479=LINE('',#424,#4478);
#4480=EDGE_CURVE('',#425,#441,#4479,.T.);
#4481=ORIENTED_EDGE('',*,*,#4467,.F.);
#4482=ORIENTED_EDGE('',*,*,#4166,.F.);
#4483=ORIENTED_EDGE('',*,*,#4480,.T.);
#4484=DIRECTION('',(0.991124828978669,-0.07466662867098608,0.10998394403235842));
#4485=AXIS2_PLACEMENT_3D('',#440,#4471,#4484);
#4486=PLANE('',#4485);
#4487=EDGE_LOOP('',(#4481,#4482,#4483));
#4488=FACE_BOUND('',#4487,.T.);
#4489=ADVANCED_FACE('',(#4488),#4486,.T.);
#4490=DIRECTION('',(-0.5282328654378939,0.0,0.8490995465028065));
#4491=VECTOR('',#4490,1000.0);
#4492=LINE('',#426,#4491);
#4493=EDGE_CURVE('',#427,#369,#4492,.T.);
#4494=DIRECTION('',(-0.16611787662493108,0.0,-0.9861059025609897));
#4495=VECTOR('',#4494,1000.0);
#4496=LINE('',#368,#4495);
#4497=EDGE_CURVE('',#369,#425,#4496,.T.);
#4498=ORIENTED_EDGE('',*,*,#4493,.T.);
#4499=ORIENTED_EDGE('',*,*,#4497,.T.);
#4500=ORIENTED_EDGE('',*,*,#4189,.F.);
#4501=AXIS2_PLACEMENT_3D('',#426,#727,#4490);
#4502=PLANE('',#4501);
#4503=EDGE_LOOP('',(#4498,#4499,#4500));
#4504=FACE_BOUND('',#4503,.T.);
#4505=ADVANCED_FACE('',(#4504),#4502,.T.);
#4506=DIRECTION('',(0.08080362486394334,0.0,-0.9967300407877988));
#4507=VECTOR('',#4506,1000.0);
#4508=LINE('',#370,#4507);
#4509=EDGE_CURVE('',#371,#425,#4508,.T.);
#4510=ORIENTED_EDGE('',*,*,#4497,.F.);
#4511=ORIENTED_EDGE('',*,*,#3243,.F.);
#4512=ORIENTED_EDGE('',*,*,#4509,.T.);
#4513=AXIS2_PLACEMENT_3D('',#424,#727,#707);
#4514=PLANE('',#4513);
#4515=EDGE_LOOP('',(#4510,#4511,#4512));
#4516=FACE_BOUND('',#4515,.T.);
#4517=ADVANCED_FACE('',(#4516),#4514,.T.);
#4518=DIRECTION('',(-0.7067073342847011,0.0,-0.7075060025669125));
#4519=VECTOR('',#4518,1000.0);
#4520=LINE('',#370,#4519);
#4521=EDGE_CURVE('',#371,#441,#4520,.T.);
#4522=ORIENTED_EDGE('',*,*,#4509,.F.);
#4523=ORIENTED_EDGE('',*,*,#4521,.T.);
#4524=ORIENTED_EDGE('',*,*,#4480,.F.);
#4525=DIRECTION('',(-0.08080362486394334,0.0,0.9967300407877988));
#4526=AXIS2_PLACEMENT_3D('',#424,#727,#4525);
#4527=PLANE('',#4526);
#4528=EDGE_LOOP('',(#4522,#4523,#4524));
#4529=FACE_BOUND('',#4528,.T.);
#4530=ADVANCED_FACE('',(#4529),#4527,.T.);
#4531=DIRECTION('',(0.1640152894389129,0.0,-0.9864577967811241));
#4532=VECTOR('',#4531,1000.0);
#4533=LINE('',#366,#4532);
#4534=EDGE_CURVE('',#367,#441,#4533,.T.);
#4535=ORIENTED_EDGE('',*,*,#4521,.F.);
#4536=ORIENTED_EDGE('',*,*,#3277,.F.);
#4537=ORIENTED_EDGE('',*,*,#4534,.T.);
#4538=DIRECTION('',(0.7067073342847011,0.0,0.7075060025669125));
#4539=AXIS2_PLACEMENT_3D('',#440,#727,#4538);
#4540=PLANE('',#4539);
#4541=EDGE_LOOP('',(#4535,#4536,#4537));
#4542=FACE_BOUND('',#4541,.T.);
#4543=ADVANCED_FACE('',(#4542),#4540,.T.);
#4544=DIRECTION('',(-0.5253894358926593,0.0,-0.8508618810667177));
#4545=VECTOR('',#4544,1000.0);
#4546=LINE('',#366,#4545);
#4547=EDGE_CURVE('',#367,#439,#4546,.T.);
#4548=ORIENTED_EDGE('',*,*,#4534,.F.);
#4549=ORIENTED_EDGE('',*,*,#4547,.T.);
#4550=ORIENTED_EDGE('',*,*,#4450,.F.);
#4551=DIRECTION('',(-0.1640152894389129,0.0,0.9864577967811241));
#4552=AXIS2_PLACEMENT_3D('',#440,#727,#4551);
#4553=PLANE('',#4552);
#4554=EDGE_LOOP('',(#4548,#4549,#4550));
#4555=FACE_BOUND('',#4554,.T.);
#4556=ADVANCED_FACE('',(#4555),#4553,.T.);
#4557=DIRECTION('',(0.1767767210720651,0.0,-0.9842509796220724));
#4558=VECTOR('',#4557,1000.0);
#4559=LINE('',#364,#4558);
#4560=EDGE_CURVE('',#365,#439,#4559,.T.);
#4561=ORIENTED_EDGE('',*,*,#4547,.F.);
#4562=ORIENTED_EDGE('',*,*,#3205,.F.);
#4563=ORIENTED_EDGE('',*,*,#4560,.T.);
#4564=DIRECTION('',(0.5253894358926593,0.0,0.8508618810667177));
#4565=AXIS2_PLACEMENT_3D('',#438,#727,#4564);
#4566=PLANE('',#4565);
#4567=EDGE_LOOP('',(#4561,#4562,#4563));
#4568=FACE_BOUND('',#4567,.T.);
#4569=ADVANCED_FACE('',(#4568),#4566,.T.);
#4570=ORIENTED_EDGE('',*,*,#4560,.F.);
#4571=ORIENTED_EDGE('',*,*,#3173,.F.);
#4572=ORIENTED_EDGE('',*,*,#4418,.F.);
#4573=DIRECTION('',(-0.0,-1.0,-0.0));
#4574=DIRECTION('',(-0.1767767210720651,0.0,0.9842509796220724));
#4575=AXIS2_PLACEMENT_3D('',#438,#4573,#4574);
#4576=PLANE('',#4575);
#4577=EDGE_LOOP('',(#4570,#4571,#4572));
#4578=FACE_BOUND('',#4577,.T.);
#4579=ADVANCED_FACE('',(#4578),#4576,.T.);
#4580=DIRECTION('',(0.7951285990337994,0.0,0.6064408553177691));
#4581=VECTOR('',#4580,1000.0);
#4582=LINE('',#400,#4581);
#4583=EDGE_CURVE('',#401,#409,#4582,.T.);
#4584=ORIENTED_EDGE('',*,*,#3849,.F.);
#4585=ORIENTED_EDGE('',*,*,#4583,.T.);
#4586=ORIENTED_EDGE('',*,*,#3934,.F.);
#4587=DIRECTION('',(0.0,0.0,-1.0));
#4588=AXIS2_PLACEMENT_3D('',#404,#475,#4587);
#4589=PLANE('',#4588);
#4590=EDGE_LOOP('',(#4584,#4585,#4586));
#4591=FACE_BOUND('',#4590,.T.);
#4592=ADVANCED_FACE('',(#4591),#4589,.T.);
#4593=DIRECTION('',(-0.02540107840083178,0.0,0.9996773405534782));
#4594=VECTOR('',#4593,1000.0);
#4595=LINE('',#402,#4594);
#4596=EDGE_CURVE('',#403,#409,#4595,.T.);
#4597=ORIENTED_EDGE('',*,*,#4583,.F.);
#4598=ORIENTED_EDGE('',*,*,#3806,.F.);
#4599=ORIENTED_EDGE('',*,*,#4596,.T.);
#4600=DIRECTION('',(0.0,-1.0,-0.0));
#4601=DIRECTION('',(-0.7951285990337994,0.0,-0.6064408553177691));
#4602=AXIS2_PLACEMENT_3D('',#408,#4600,#4601);
#4603=PLANE('',#4602);
#4604=EDGE_LOOP('',(#4597,#4598,#4599));
#4605=FACE_BOUND('',#4604,.T.);
#4606=ADVANCED_FACE('',(#4605),#4603,.T.);
#4607=DIRECTION('',(0.7597041743324333,0.0,0.6502688424812278));
#4608=VECTOR('',#4607,1000.0);
#4609=LINE('',#402,#4608);
#4610=EDGE_CURVE('',#403,#407,#4609,.T.);
#4611=ORIENTED_EDGE('',*,*,#4596,.F.);
#4612=ORIENTED_EDGE('',*,*,#4610,.T.);
#4613=ORIENTED_EDGE('',*,*,#3903,.F.);
#4614=DIRECTION('',(0.02540107840083178,0.0,-0.9996773405534782));
#4615=AXIS2_PLACEMENT_3D('',#408,#475,#4614);
#4616=PLANE('',#4615);
#4617=EDGE_LOOP('',(#4611,#4612,#4613));
#4618=FACE_BOUND('',#4617,.T.);
#4619=ADVANCED_FACE('',(#4618),#4616,.T.);
#4620=DIRECTION('',(-0.010386683416138416,0.0,0.9999460569488802));
#4621=VECTOR('',#4620,1000.0);
#4622=LINE('',#386,#4621);
#4623=EDGE_CURVE('',#387,#407,#4622,.T.);
#4624=ORIENTED_EDGE('',*,*,#4610,.F.);
#4625=ORIENTED_EDGE('',*,*,#3837,.F.);
#4626=ORIENTED_EDGE('',*,*,#4623,.T.);
#4627=DIRECTION('',(0.0,-1.0,-0.0));
#4628=DIRECTION('',(-0.7597041743324333,0.0,-0.6502688424812278));
#4629=AXIS2_PLACEMENT_3D('',#406,#4627,#4628);
#4630=PLANE('',#4629);
#4631=EDGE_LOOP('',(#4624,#4625,#4626));
#4632=FACE_BOUND('',#4631,.T.);
#4633=ADVANCED_FACE('',(#4632),#4630,.T.);
#4634=DIRECTION('',(0.6273718857262032,0.0,0.7787197936359059));
#4635=VECTOR('',#4634,1000.0);
#4636=LINE('',#386,#4635);
#4637=EDGE_CURVE('',#387,#423,#4636,.T.);
#4638=ORIENTED_EDGE('',*,*,#4623,.F.);
#4639=ORIENTED_EDGE('',*,*,#4637,.T.);
#4640=ORIENTED_EDGE('',*,*,#4155,.F.);
#4641=DIRECTION('',(0.010386683416138416,0.0,-0.9999460569488802));
#4642=AXIS2_PLACEMENT_3D('',#406,#475,#4641);
#4643=PLANE('',#4642);
#4644=EDGE_LOOP('',(#4638,#4639,#4640));
#4645=FACE_BOUND('',#4644,.T.);
#4646=ADVANCED_FACE('',(#4645),#4643,.T.);
#4647=DIRECTION('',(-0.027606914516618473,0.0,0.9996188565002523));
#4648=VECTOR('',#4647,1000.0);
#4649=LINE('',#388,#4648);
#4650=EDGE_CURVE('',#389,#423,#4649,.T.);
#4651=ORIENTED_EDGE('',*,*,#4637,.F.);
#4652=ORIENTED_EDGE('',*,*,#3584,.F.);
#4653=ORIENTED_EDGE('',*,*,#4650,.T.);
#4654=DIRECTION('',(0.0,-1.0,-0.0));
#4655=DIRECTION('',(-0.6273718857262032,0.0,-0.7787197936359059));
#4656=AXIS2_PLACEMENT_3D('',#422,#4654,#4655);
#4657=PLANE('',#4656);
#4658=EDGE_LOOP('',(#4651,#4652,#4653));
#4659=FACE_BOUND('',#4658,.T.);
#4660=ADVANCED_FACE('',(#4659),#4657,.T.);
#4661=DIRECTION('',(0.4570226690070996,0.0,0.8894550466513904));
#4662=VECTOR('',#4661,1000.0);
#4663=LINE('',#388,#4662);
#4664=EDGE_CURVE('',#389,#421,#4663,.T.);
#4665=ORIENTED_EDGE('',*,*,#4650,.F.);
#4666=ORIENTED_EDGE('',*,*,#4664,.T.);
#4667=ORIENTED_EDGE('',*,*,#4125,.F.);
#4668=DIRECTION('',(0.027606914516618473,0.0,-0.9996188565002523));
#4669=AXIS2_PLACEMENT_3D('',#422,#475,#4668);
#4670=PLANE('',#4669);
#4671=EDGE_LOOP('',(#4665,#4666,#4667));
#4672=FACE_BOUND('',#4671,.T.);
#4673=ADVANCED_FACE('',(#4672),#4670,.T.);
#4674=DIRECTION('',(-0.34747952325513803,0.0,0.9376875710589225));
#4675=VECTOR('',#4674,1000.0);
#4676=LINE('',#390,#4675);
#4677=EDGE_CURVE('',#391,#421,#4676,.T.);
#4678=ORIENTED_EDGE('',*,*,#4664,.F.);
#4679=ORIENTED_EDGE('',*,*,#3613,.F.);
#4680=ORIENTED_EDGE('',*,*,#4677,.T.);
#4681=DIRECTION('',(0.0,-1.0,-0.0));
#4682=DIRECTION('',(-0.4570226690070996,0.0,-0.8894550466513904));
#4683=AXIS2_PLACEMENT_3D('',#420,#4681,#4682);
#4684=PLANE('',#4683);
#4685=EDGE_LOOP('',(#4678,#4679,#4680));
#4686=FACE_BOUND('',#4685,.T.);
#4687=ADVANCED_FACE('',(#4686),#4684,.T.);
#4688=DIRECTION('',(0.18848443466658638,0.0,0.9820761772329158));
#4689=VECTOR('',#4688,1000.0);
#4690=LINE('',#390,#4689);
#4691=EDGE_CURVE('',#391,#419,#4690,.T.);
#4692=ORIENTED_EDGE('',*,*,#4677,.F.);
#4693=ORIENTED_EDGE('',*,*,#4691,.T.);
#4694=ORIENTED_EDGE('',*,*,#4095,.F.);
#4695=DIRECTION('',(0.34747952325513803,0.0,-0.9376875710589225));
#4696=AXIS2_PLACEMENT_3D('',#420,#475,#4695);
#4697=PLANE('',#4696);
#4698=EDGE_LOOP('',(#4692,#4693,#4694));
#4699=FACE_BOUND('',#4698,.T.);
#4700=ADVANCED_FACE('',(#4699),#4697,.T.);
#4701=DIRECTION('',(-0.5524022454755042,0.0,0.8335776863577987));
#4702=VECTOR('',#4701,1000.0);
#4703=LINE('',#392,#4702);
#4704=EDGE_CURVE('',#393,#419,#4703,.T.);
#4705=ORIENTED_EDGE('',*,*,#4691,.F.);
#4706=ORIENTED_EDGE('',*,*,#3645,.F.);
#4707=ORIENTED_EDGE('',*,*,#4704,.T.);
#4708=DIRECTION('',(0.0,-1.0,-0.0));
#4709=DIRECTION('',(-0.18848443466658638,0.0,-0.9820761772329158));
#4710=AXIS2_PLACEMENT_3D('',#418,#4708,#4709);
#4711=PLANE('',#4710);
#4712=EDGE_LOOP('',(#4705,#4706,#4707));
#4713=FACE_BOUND('',#4712,.T.);
#4714=ADVANCED_FACE('',(#4713),#4711,.T.);
#4715=DIRECTION('',(-0.03097648874451899,0.0,0.9995201134269688));
#4716=VECTOR('',#4715,1000.0);
#4717=LINE('',#392,#4716);
#4718=EDGE_CURVE('',#393,#417,#4717,.T.);
#4719=ORIENTED_EDGE('',*,*,#4704,.F.);
#4720=ORIENTED_EDGE('',*,*,#4718,.T.);
#4721=ORIENTED_EDGE('',*,*,#4063,.F.);
#4722=DIRECTION('',(0.5524022454755042,0.0,-0.8335776863577987));
#4723=AXIS2_PLACEMENT_3D('',#418,#475,#4722);
#4724=PLANE('',#4723);
#4725=EDGE_LOOP('',(#4719,#4720,#4721));
#4726=FACE_BOUND('',#4725,.T.);
#4727=ADVANCED_FACE('',(#4726),#4724,.T.);
#4728=DIRECTION('',(-0.7713861770372097,0.0,0.6363673199308074));
#4729=VECTOR('',#4728,1000.0);
#4730=LINE('',#394,#4729);
#4731=EDGE_CURVE('',#395,#417,#4730,.T.);
#4732=ORIENTED_EDGE('',*,*,#4718,.F.);
#4733=ORIENTED_EDGE('',*,*,#3677,.F.);
#4734=ORIENTED_EDGE('',*,*,#4731,.T.);
#4735=DIRECTION('',(0.03097648874451899,0.0,-0.9995201134269688));
#4736=AXIS2_PLACEMENT_3D('',#416,#475,#4735);
#4737=PLANE('',#4736);
#4738=EDGE_LOOP('',(#4732,#4733,#4734));
#4739=FACE_BOUND('',#4738,.T.);
#4740=ADVANCED_FACE('',(#4739),#4737,.T.);
#4741=DIRECTION('',(-0.32828799651035256,0.0,0.9445776788317723));
#4742=VECTOR('',#4741,1000.0);
#4743=LINE('',#394,#4742);
#4744=EDGE_CURVE('',#395,#415,#4743,.T.);
#4745=ORIENTED_EDGE('',*,*,#4731,.F.);
#4746=ORIENTED_EDGE('',*,*,#4744,.T.);
#4747=ORIENTED_EDGE('',*,*,#4031,.F.);
#4748=DIRECTION('',(0.7713861770372097,0.0,-0.6363673199308074));
#4749=AXIS2_PLACEMENT_3D('',#416,#475,#4748);
#4750=PLANE('',#4749);
#4751=EDGE_LOOP('',(#4745,#4746,#4747));
#4752=FACE_BOUND('',#4751,.T.);
#4753=ADVANCED_FACE('',(#4752),#4750,.T.);
#4754=DIRECTION('',(-0.8749683232737483,0.0,0.4841801661236502));
#4755=VECTOR('',#4754,1000.0);
#4756=LINE('',#396,#4755);
#4757=EDGE_CURVE('',#397,#415,#4756,.T.);
#4758=ORIENTED_EDGE('',*,*,#4744,.F.);
#4759=ORIENTED_EDGE('',*,*,#3709,.F.);
#4760=ORIENTED_EDGE('',*,*,#4757,.T.);
#4761=DIRECTION('',(0.32828799651035256,0.0,-0.9445776788317723));
#4762=AXIS2_PLACEMENT_3D('',#414,#475,#4761);
#4763=PLANE('',#4762);
#4764=EDGE_LOOP('',(#4758,#4759,#4760));
#4765=FACE_BOUND('',#4764,.T.);
#4766=ADVANCED_FACE('',(#4765),#4763,.T.);
#4767=DIRECTION('',(-0.4530950775687311,0.0,0.8914621981233896));
#4768=VECTOR('',#4767,1000.0);
#4769=LINE('',#396,#4768);
#4770=EDGE_CURVE('',#397,#413,#4769,.T.);
#4771=ORIENTED_EDGE('',*,*,#4757,.F.);
#4772=ORIENTED_EDGE('',*,*,#4770,.T.);
#4773=ORIENTED_EDGE('',*,*,#3999,.F.);
#4774=DIRECTION('',(0.8749683232737483,0.0,-0.4841801661236502));
#4775=AXIS2_PLACEMENT_3D('',#414,#475,#4774);
#4776=PLANE('',#4775);
#4777=EDGE_LOOP('',(#4771,#4772,#4773));
#4778=FACE_BOUND('',#4777,.T.);
#4779=ADVANCED_FACE('',(#4778),#4776,.T.);
#4780=DIRECTION('',(-0.9115609362674899,0.0,0.4111650027314303));
#4781=VECTOR('',#4780,1000.0);
#4782=LINE('',#398,#4781);
#4783=EDGE_CURVE('',#399,#413,#4782,.T.);
#4784=ORIENTED_EDGE('',*,*,#4770,.F.);
#4785=ORIENTED_EDGE('',*,*,#3741,.F.);
#4786=ORIENTED_EDGE('',*,*,#4783,.T.);
#4787=DIRECTION('',(0.4530950775687311,0.0,-0.8914621981233896));
#4788=AXIS2_PLACEMENT_3D('',#412,#475,#4787);
#4789=PLANE('',#4788);
#4790=EDGE_LOOP('',(#4784,#4785,#4786));
#4791=FACE_BOUND('',#4790,.T.);
#4792=ADVANCED_FACE('',(#4791),#4789,.T.);
#4793=DIRECTION('',(-0.6664613223318188,0.0,0.7455396071542569));
#4794=VECTOR('',#4793,1000.0);
#4795=LINE('',#398,#4794);
#4796=EDGE_CURVE('',#399,#411,#4795,.T.);
#4797=ORIENTED_EDGE('',*,*,#4783,.F.);
#4798=ORIENTED_EDGE('',*,*,#4796,.T.);
#4799=ORIENTED_EDGE('',*,*,#3969,.F.);
#4800=DIRECTION('',(0.9115609362674899,0.0,-0.4111650027314303));
#4801=AXIS2_PLACEMENT_3D('',#412,#475,#4800);
#4802=PLANE('',#4801);
#4803=EDGE_LOOP('',(#4797,#4798,#4799));
#4804=FACE_BOUND('',#4803,.T.);
#4805=ADVANCED_FACE('',(#4804),#4802,.T.);
#4806=DIRECTION('',(-0.9981370490068744,0.0,-0.06101173165751509));
#4807=VECTOR('',#4806,1000.0);
#4808=LINE('',#384,#4807);
#4809=EDGE_CURVE('',#385,#411,#4808,.T.);
#4810=ORIENTED_EDGE('',*,*,#4796,.F.);
#4811=ORIENTED_EDGE('',*,*,#3771,.F.);
#4812=ORIENTED_EDGE('',*,*,#4809,.T.);
#4813=DIRECTION('',(0.6664613223318188,0.0,-0.7455396071542569));
#4814=AXIS2_PLACEMENT_3D('',#410,#475,#4813);
#4815=PLANE('',#4814);
#4816=EDGE_LOOP('',(#4810,#4811,#4812));
#4817=FACE_BOUND('',#4816,.T.);
#4818=ADVANCED_FACE('',(#4817),#4815,.T.);
#4819=DIRECTION('',(-0.8217285435886232,0.0,0.5698791105591783));
#4820=VECTOR('',#4819,1000.0);
#4821=LINE('',#384,#4820);
#4822=EDGE_CURVE('',#385,#437,#4821,.T.);
#4823=ORIENTED_EDGE('',*,*,#4809,.F.);
#4824=ORIENTED_EDGE('',*,*,#4822,.T.);
#4825=ORIENTED_EDGE('',*,*,#4385,.F.);
#4826=DIRECTION('',(0.9981370490068744,0.0,0.06101173165751509));
#4827=AXIS2_PLACEMENT_3D('',#410,#475,#4826);
#4828=PLANE('',#4827);
#4829=EDGE_LOOP('',(#4823,#4824,#4825));
#4830=FACE_BOUND('',#4829,.T.);
#4831=ADVANCED_FACE('',(#4830),#4828,.T.);
#4832=DIRECTION('',(-0.9932244421035693,0.0,-0.11621190820244566));
#4833=VECTOR('',#4832,1000.0);
#4834=LINE('',#382,#4833);
#4835=EDGE_CURVE('',#383,#437,#4834,.T.);
#4836=ORIENTED_EDGE('',*,*,#4822,.F.);
#4837=ORIENTED_EDGE('',*,*,#3530,.F.);
#4838=ORIENTED_EDGE('',*,*,#4835,.T.);
#4839=DIRECTION('',(0.8217285435886232,0.0,-0.5698791105591783));
#4840=AXIS2_PLACEMENT_3D('',#436,#475,#4839);
#4841=PLANE('',#4840);
#4842=EDGE_LOOP('',(#4836,#4837,#4838));
#4843=FACE_BOUND('',#4842,.T.);
#4844=ADVANCED_FACE('',(#4843),#4841,.T.);
#4845=DIRECTION('',(-0.9172250311888005,0.0,0.3983694794543174));
#4846=VECTOR('',#4845,1000.0);
#4847=LINE('',#382,#4846);
#4848=EDGE_CURVE('',#383,#435,#4847,.T.);
#4849=ORIENTED_EDGE('',*,*,#4835,.F.);
#4850=ORIENTED_EDGE('',*,*,#4848,.T.);
#4851=ORIENTED_EDGE('',*,*,#4354,.F.);
#4852=DIRECTION('',(0.9932244421035693,0.0,0.11621190820244566));
#4853=AXIS2_PLACEMENT_3D('',#436,#475,#4852);
#4854=PLANE('',#4853);
#4855=EDGE_LOOP('',(#4849,#4850,#4851));
#4856=FACE_BOUND('',#4855,.T.);
#4857=ADVANCED_FACE('',(#4856),#4854,.T.);
#4858=DIRECTION('',(-0.9653569045536893,0.0,-0.2609330313136287));
#4859=VECTOR('',#4858,1000.0);
#4860=LINE('',#380,#4859);
#4861=EDGE_CURVE('',#381,#435,#4860,.T.);
#4862=ORIENTED_EDGE('',*,*,#4848,.F.);
#4863=ORIENTED_EDGE('',*,*,#3497,.F.);
#4864=ORIENTED_EDGE('',*,*,#4861,.T.);
#4865=DIRECTION('',(0.9172250311888005,0.0,-0.3983694794543174));
#4866=AXIS2_PLACEMENT_3D('',#434,#475,#4865);
#4867=PLANE('',#4866);
#4868=EDGE_LOOP('',(#4862,#4863,#4864));
#4869=FACE_BOUND('',#4868,.T.);
#4870=ADVANCED_FACE('',(#4869),#4867,.T.);
#4871=DIRECTION('',(-0.9815033325397612,0.0,0.19144505272621495));
#4872=VECTOR('',#4871,1000.0);
#4873=LINE('',#380,#4872);
#4874=EDGE_CURVE('',#381,#433,#4873,.T.);
#4875=ORIENTED_EDGE('',*,*,#4861,.F.);
#4876=ORIENTED_EDGE('',*,*,#4874,.T.);
#4877=ORIENTED_EDGE('',*,*,#4321,.F.);
#4878=DIRECTION('',(0.9653569045536893,0.0,0.2609330313136287));
#4879=AXIS2_PLACEMENT_3D('',#434,#475,#4878);
#4880=PLANE('',#4879);
#4881=EDGE_LOOP('',(#4875,#4876,#4877));
#4882=FACE_BOUND('',#4881,.T.);
#4883=ADVANCED_FACE('',(#4882),#4880,.T.);
#4884=DIRECTION('',(-0.8900749896572352,0.0,-0.4558141208723931));
#4885=VECTOR('',#4884,1000.0);
#4886=LINE('',#378,#4885);
#4887=EDGE_CURVE('',#379,#433,#4886,.T.);
#4888=ORIENTED_EDGE('',*,*,#4874,.F.);
#4889=ORIENTED_EDGE('',*,*,#3464,.F.);
#4890=ORIENTED_EDGE('',*,*,#4887,.T.);
#4891=DIRECTION('',(0.9815033325397612,0.0,-0.19144505272621495));
#4892=AXIS2_PLACEMENT_3D('',#432,#475,#4891);
#4893=PLANE('',#4892);
#4894=EDGE_LOOP('',(#4888,#4889,#4890));
#4895=FACE_BOUND('',#4894,.T.);
#4896=ADVANCED_FACE('',(#4895),#4893,.T.);
#4897=DIRECTION('',(-0.9974953224415825,0.0,-0.07073246572235051));
#4898=VECTOR('',#4897,1000.0);
#4899=LINE('',#378,#4898);
#4900=EDGE_CURVE('',#379,#431,#4899,.T.);
#4901=ORIENTED_EDGE('',*,*,#4887,.F.);
#4902=ORIENTED_EDGE('',*,*,#4900,.T.);
#4903=ORIENTED_EDGE('',*,*,#4288,.F.);
#4904=DIRECTION('',(0.8900749896572352,0.0,0.4558141208723931));
#4905=AXIS2_PLACEMENT_3D('',#432,#727,#4904);
#4906=PLANE('',#4905);
#4907=EDGE_LOOP('',(#4901,#4902,#4903));
#4908=FACE_BOUND('',#4907,.T.);
#4909=ADVANCED_FACE('',(#4908),#4906,.T.);
#4910=DIRECTION('',(-0.7097368413912389,0.0,-0.7044669019705518));
#4911=VECTOR('',#4910,1000.0);
#4912=LINE('',#376,#4911);
#4913=EDGE_CURVE('',#377,#431,#4912,.T.);
#4914=ORIENTED_EDGE('',*,*,#4900,.F.);
#4915=ORIENTED_EDGE('',*,*,#3431,.F.);
#4916=ORIENTED_EDGE('',*,*,#4913,.T.);
#4917=DIRECTION('',(0.9974953224415825,0.0,0.07073246572235051));
#4918=AXIS2_PLACEMENT_3D('',#430,#475,#4917);
#4919=PLANE('',#4918);
#4920=EDGE_LOOP('',(#4914,#4915,#4916));
#4921=FACE_BOUND('',#4920,.T.);
#4922=ADVANCED_FACE('',(#4921),#4919,.T.);
#4923=DIRECTION('',(-0.9513421313981375,0.0,-0.3081365752825347));
#4924=VECTOR('',#4923,1000.0);
#4925=LINE('',#376,#4924);
#4926=EDGE_CURVE('',#377,#429,#4925,.T.);
#4927=ORIENTED_EDGE('',*,*,#4913,.F.);
#4928=ORIENTED_EDGE('',*,*,#4926,.T.);
#4929=ORIENTED_EDGE('',*,*,#4255,.F.);
#4930=DIRECTION('',(0.7097368413912389,0.0,0.7044669019705518));
#4931=AXIS2_PLACEMENT_3D('',#430,#727,#4930);
#4932=PLANE('',#4931);
#4933=EDGE_LOOP('',(#4927,#4928,#4929));
#4934=FACE_BOUND('',#4933,.T.);
#4935=ADVANCED_FACE('',(#4934),#4932,.T.);
#4936=DIRECTION('',(-0.5835348909704591,0.0,-0.8120880685123346));
#4937=VECTOR('',#4936,1000.0);
#4938=LINE('',#374,#4937);
#4939=EDGE_CURVE('',#375,#429,#4938,.T.);
#4940=ORIENTED_EDGE('',*,*,#4926,.F.);
#4941=ORIENTED_EDGE('',*,*,#3398,.F.);
#4942=ORIENTED_EDGE('',*,*,#4939,.T.);
#4943=DIRECTION('',(0.9513421313981375,0.0,0.3081365752825347));
#4944=AXIS2_PLACEMENT_3D('',#428,#475,#4943);
#4945=PLANE('',#4944);
#4946=EDGE_LOOP('',(#4940,#4941,#4942));
#4947=FACE_BOUND('',#4946,.T.);
#4948=ADVANCED_FACE('',(#4947),#4945,.T.);
#4949=DIRECTION('',(-0.8909810226293766,0.0,-0.45404054589244575));
#4950=VECTOR('',#4949,1000.0);
#4951=LINE('',#374,#4950);
#4952=EDGE_CURVE('',#375,#427,#4951,.T.);
#4953=ORIENTED_EDGE('',*,*,#4939,.F.);
#4954=ORIENTED_EDGE('',*,*,#4952,.T.);
#4955=ORIENTED_EDGE('',*,*,#4222,.F.);
#4956=DIRECTION('',(0.5835348909704591,0.0,0.8120880685123346));
#4957=AXIS2_PLACEMENT_3D('',#428,#727,#4956);
#4958=PLANE('',#4957);
#4959=EDGE_LOOP('',(#4953,#4954,#4955));
#4960=FACE_BOUND('',#4959,.T.);
#4961=ADVANCED_FACE('',(#4960),#4958,.T.);
#4962=DIRECTION('',(-0.41101373812755554,0.0,-0.9116291499674708));
#4963=VECTOR('',#4962,1000.0);
#4964=LINE('',#372,#4963);
#4965=EDGE_CURVE('',#373,#427,#4964,.T.);
#4966=ORIENTED_EDGE('',*,*,#4952,.F.);
#4967=ORIENTED_EDGE('',*,*,#3365,.F.);
#4968=ORIENTED_EDGE('',*,*,#4965,.T.);
#4969=DIRECTION('',(0.8909810226293766,0.0,0.45404054589244575));
#4970=AXIS2_PLACEMENT_3D('',#426,#475,#4969);
#4971=PLANE('',#4970);
#4972=EDGE_LOOP('',(#4966,#4967,#4968));
#4973=FACE_BOUND('',#4972,.T.);
#4974=ADVANCED_FACE('',(#4973),#4971,.T.);
#4975=ORIENTED_EDGE('',*,*,#4965,.F.);
#4976=ORIENTED_EDGE('',*,*,#3333,.F.);
#4977=ORIENTED_EDGE('',*,*,#4493,.F.);
#4978=DIRECTION('',(0.41101373812755554,0.0,0.9116291499674708));
#4979=AXIS2_PLACEMENT_3D('',#426,#475,#4978);
#4980=PLANE('',#4979);
#4981=EDGE_LOOP('',(#4975,#4976,#4977));
#4982=FACE_BOUND('',#4981,.T.);
#4983=ADVANCED_FACE('',(#4982),#4980,.T.);
#4984=LINE('',#442,#1194);
#4985=EDGE_CURVE('',#443,#445,#4984,.T.);
#4986=LINE('',#444,#2710);
#4987=EDGE_CURVE('',#445,#69,#4986,.T.);
#4988=LINE('',#68,#463);
#4989=EDGE_CURVE('',#69,#443,#4988,.T.);
#4990=ORIENTED_EDGE('',*,*,#4985,.T.);
#4991=ORIENTED_EDGE('',*,*,#4987,.T.);
#4992=ORIENTED_EDGE('',*,*,#4989,.T.);
#4993=DIRECTION('',(1.0,0.0,-0.0));
#4994=AXIS2_PLACEMENT_3D('',#442,#4993,#11);
#4995=PLANE('',#4994);
#4996=EDGE_LOOP('',(#4990,#4991,#4992));
#4997=FACE_BOUND('',#4996,.T.);
#4998=ADVANCED_FACE('',(#4997),#4995,.T.);
#4999=LINE('',#444,#476);
#5000=EDGE_CURVE('',#445,#65,#4999,.T.);
#5001=DIRECTION('',(0.0,0.0,-1.0));
#5002=VECTOR('',#5001,1000.0);
#5003=LINE('',#64,#5002);
#5004=EDGE_CURVE('',#65,#69,#5003,.T.);
#5005=ORIENTED_EDGE('',*,*,#4987,.F.);
#5006=ORIENTED_EDGE('',*,*,#5000,.T.);
#5007=ORIENTED_EDGE('',*,*,#5004,.T.);
#5008=DIRECTION('',(1.0,0.0,-0.0));
#5009=AXIS2_PLACEMENT_3D('',#68,#5008,#2734);
#5010=PLANE('',#5009);
#5011=EDGE_LOOP('',(#5005,#5006,#5007));
#5012=FACE_BOUND('',#5011,.T.);
#5013=ADVANCED_FACE('',(#5012),#5010,.T.);
#5014=LINE('',#444,#492);
#5015=EDGE_CURVE('',#445,#447,#5014,.T.);
#5016=DIRECTION('',(-0.999809468528264,-0.01951990371980211,0.0));
#5017=VECTOR('',#5016,1000.0);
#5018=LINE('',#446,#5017);
#5019=EDGE_CURVE('',#447,#65,#5018,.T.);
#5020=ORIENTED_EDGE('',*,*,#5015,.T.);
#5021=ORIENTED_EDGE('',*,*,#5019,.T.);
#5022=ORIENTED_EDGE('',*,*,#5000,.F.);
#5023=AXIS2_PLACEMENT_3D('',#444,#502,#12);
#5024=PLANE('',#5023);
#5025=EDGE_LOOP('',(#5020,#5021,#5022));
#5026=FACE_BOUND('',#5025,.T.);
#5027=ADVANCED_FACE('',(#5026),#5024,.T.);
#5028=LINE('',#446,#476);
#5029=EDGE_CURVE('',#447,#81,#5028,.T.);
#5030=LINE('',#80,#511);
#5031=EDGE_CURVE('',#81,#65,#5030,.T.);
#5032=ORIENTED_EDGE('',*,*,#5019,.F.);
#5033=ORIENTED_EDGE('',*,*,#5029,.T.);
#5034=ORIENTED_EDGE('',*,*,#5031,.T.);
#5035=DIRECTION('',(0.0,0.0,-1.0));
#5036=DIRECTION('',(0.999809468528264,0.01951990371980211,0.0));
#5037=AXIS2_PLACEMENT_3D('',#64,#5035,#5036);
#5038=PLANE('',#5037);
#5039=EDGE_LOOP('',(#5032,#5033,#5034));
#5040=FACE_BOUND('',#5039,.T.);
#5041=ADVANCED_FACE('',(#5040),#5038,.T.);
#5042=DIRECTION('',(0.0,0.0,-1.0));
#5043=VECTOR('',#5042,1000.0);
#5044=LINE('',#446,#5043);
#5045=EDGE_CURVE('',#447,#449,#5044,.T.);
#5046=LINE('',#448,#1179);
#5047=EDGE_CURVE('',#449,#81,#5046,.T.);
#5048=ORIENTED_EDGE('',*,*,#5045,.T.);
#5049=ORIENTED_EDGE('',*,*,#5047,.T.);
#5050=ORIENTED_EDGE('',*,*,#5029,.F.);
#5051=DIRECTION('',(0.0,0.0,-1.0));
#5052=AXIS2_PLACEMENT_3D('',#446,#1185,#5051);
#5053=PLANE('',#5052);
#5054=EDGE_LOOP('',(#5048,#5049,#5050));
#5055=FACE_BOUND('',#5054,.T.);
#5056=ADVANCED_FACE('',(#5055),#5053,.T.);
#5057=LINE('',#448,#476);
#5058=EDGE_CURVE('',#449,#83,#5057,.T.);
#5059=LINE('',#82,#1194);
#5060=EDGE_CURVE('',#83,#81,#5059,.T.);
#5061=ORIENTED_EDGE('',*,*,#5047,.F.);
#5062=ORIENTED_EDGE('',*,*,#5058,.T.);
#5063=ORIENTED_EDGE('',*,*,#5060,.T.);
#5064=AXIS2_PLACEMENT_3D('',#80,#1185,#1200);
#5065=PLANE('',#5064);
#5066=EDGE_LOOP('',(#5061,#5062,#5063));
#5067=FACE_BOUND('',#5066,.T.);
#5068=ADVANCED_FACE('',(#5067),#5065,.T.);
#5069=LINE('',#448,#511);
#5070=EDGE_CURVE('',#449,#451,#5069,.T.);
#5071=LINE('',#450,#677);
#5072=EDGE_CURVE('',#451,#83,#5071,.T.);
#5073=ORIENTED_EDGE('',*,*,#5070,.T.);
#5074=ORIENTED_EDGE('',*,*,#5072,.T.);
#5075=ORIENTED_EDGE('',*,*,#5058,.F.);
#5076=AXIS2_PLACEMENT_3D('',#448,#11,#510);
#5077=PLANE('',#5076);
#5078=EDGE_LOOP('',(#5073,#5074,#5075));
#5079=FACE_BOUND('',#5078,.T.);
#5080=ADVANCED_FACE('',(#5079),#5077,.T.);
#5081=LINE('',#450,#476);
#5082=EDGE_CURVE('',#451,#43,#5081,.T.);
#5083=LINE('',#42,#492);
#5084=EDGE_CURVE('',#43,#83,#5083,.T.);
#5085=ORIENTED_EDGE('',*,*,#5072,.F.);
#5086=ORIENTED_EDGE('',*,*,#5082,.T.);
#5087=ORIENTED_EDGE('',*,*,#5084,.T.);
#5088=AXIS2_PLACEMENT_3D('',#82,#11,#693);
#5089=PLANE('',#5088);
#5090=EDGE_LOOP('',(#5085,#5086,#5087));
#5091=FACE_BOUND('',#5090,.T.);
#5092=ADVANCED_FACE('',(#5091),#5089,.T.);
#5093=LINE('',#450,#1194);
#5094=EDGE_CURVE('',#451,#453,#5093,.T.);
#5095=DIRECTION('',(0.0,-0.011232091188700931,-0.9999369180740998));
#5096=VECTOR('',#5095,1000.0);
#5097=LINE('',#452,#5096);
#5098=EDGE_CURVE('',#453,#43,#5097,.T.);
#5099=ORIENTED_EDGE('',*,*,#5094,.T.);
#5100=ORIENTED_EDGE('',*,*,#5098,.T.);
#5101=ORIENTED_EDGE('',*,*,#5082,.F.);
#5102=DIRECTION('',(1.0,0.0,-0.0));
#5103=AXIS2_PLACEMENT_3D('',#450,#5102,#11);
#5104=PLANE('',#5103);
#5105=EDGE_LOOP('',(#5099,#5100,#5101));
#5106=FACE_BOUND('',#5105,.T.);
#5107=ADVANCED_FACE('',(#5106),#5104,.T.);
#5108=LINE('',#452,#476);
#5109=EDGE_CURVE('',#453,#73,#5108,.T.);
#5110=DIRECTION('',(0.0,0.0,-1.0));
#5111=VECTOR('',#5110,1000.0);
#5112=LINE('',#72,#5111);
#5113=EDGE_CURVE('',#73,#43,#5112,.T.);
#5114=ORIENTED_EDGE('',*,*,#5098,.F.);
#5115=ORIENTED_EDGE('',*,*,#5109,.T.);
#5116=ORIENTED_EDGE('',*,*,#5113,.T.);
#5117=DIRECTION('',(1.0,0.0,-0.0));
#5118=DIRECTION('',(0.0,0.011232091188700931,0.9999369180740998));
#5119=AXIS2_PLACEMENT_3D('',#42,#5117,#5118);
#5120=PLANE('',#5119);
#5121=EDGE_LOOP('',(#5114,#5115,#5116));
#5122=FACE_BOUND('',#5121,.T.);
#5123=ADVANCED_FACE('',(#5122),#5120,.T.);
#5124=LINE('',#452,#511);
#5125=EDGE_CURVE('',#453,#443,#5124,.T.);
#5126=DIRECTION('',(0.999650341821255,-0.026442278582760465,0.0));
#5127=VECTOR('',#5126,1000.0);
#5128=LINE('',#442,#5127);
#5129=EDGE_CURVE('',#443,#73,#5128,.T.);
#5130=ORIENTED_EDGE('',*,*,#5125,.T.);
#5131=ORIENTED_EDGE('',*,*,#5129,.T.);
#5132=ORIENTED_EDGE('',*,*,#5109,.F.);
#5133=AXIS2_PLACEMENT_3D('',#452,#11,#510);
#5134=PLANE('',#5133);
#5135=EDGE_LOOP('',(#5130,#5131,#5132));
#5136=FACE_BOUND('',#5135,.T.);
#5137=ADVANCED_FACE('',(#5136),#5134,.T.);
#5138=LINE('',#68,#492);
#5139=EDGE_CURVE('',#69,#73,#5138,.T.);
#5140=ORIENTED_EDGE('',*,*,#5129,.F.);
#5141=ORIENTED_EDGE('',*,*,#4989,.F.);
#5142=ORIENTED_EDGE('',*,*,#5139,.T.);
#5143=DIRECTION('',(-0.999650341821255,0.026442278582760465,0.0));
#5144=AXIS2_PLACEMENT_3D('',#72,#11,#5143);
#5145=PLANE('',#5144);
#5146=EDGE_LOOP('',(#5140,#5141,#5142));
#5147=FACE_BOUND('',#5146,.T.);
#5148=ADVANCED_FACE('',(#5147),#5145,.T.);
#5149=LINE('',#448,#1903);
#5150=EDGE_CURVE('',#449,#453,#5149,.T.);
#5151=ORIENTED_EDGE('',*,*,#5070,.F.);
#5152=ORIENTED_EDGE('',*,*,#5150,.T.);
#5153=ORIENTED_EDGE('',*,*,#5094,.F.);
#5154=AXIS2_PLACEMENT_3D('',#450,#475,#12);
#5155=PLANE('',#5154);
#5156=EDGE_LOOP('',(#5151,#5152,#5153));
#5157=FACE_BOUND('',#5156,.T.);
#5158=ADVANCED_FACE('',(#5157),#5155,.T.);
#5159=DIRECTION('',(-0.7739830044107847,0.0,-0.6332063714803058));
#5160=VECTOR('',#5159,1000.0);
#5161=LINE('',#446,#5160);
#5162=EDGE_CURVE('',#447,#453,#5161,.T.);
#5163=ORIENTED_EDGE('',*,*,#5150,.F.);
#5164=ORIENTED_EDGE('',*,*,#5045,.F.);
#5165=ORIENTED_EDGE('',*,*,#5162,.T.);
#5166=AXIS2_PLACEMENT_3D('',#452,#475,#1926);
#5167=PLANE('',#5166);
#5168=EDGE_LOOP('',(#5163,#5164,#5165));
#5169=FACE_BOUND('',#5168,.T.);
#5170=ADVANCED_FACE('',(#5169),#5167,.T.);
#5171=DIRECTION('',(-0.9778052076930528,0.0,-0.2095160514336453));
#5172=VECTOR('',#5171,1000.0);
#5173=LINE('',#446,#5172);
#5174=EDGE_CURVE('',#447,#443,#5173,.T.);
#5175=ORIENTED_EDGE('',*,*,#5162,.F.);
#5176=ORIENTED_EDGE('',*,*,#5174,.T.);
#5177=ORIENTED_EDGE('',*,*,#5125,.F.);
#5178=DIRECTION('',(0.7739830044107847,0.0,0.6332063714803058));
#5179=AXIS2_PLACEMENT_3D('',#452,#727,#5178);
#5180=PLANE('',#5179);
#5181=EDGE_LOOP('',(#5175,#5176,#5177));
#5182=FACE_BOUND('',#5181,.T.);
#5183=ADVANCED_FACE('',(#5182),#5180,.T.);
#5184=ORIENTED_EDGE('',*,*,#5174,.F.);
#5185=ORIENTED_EDGE('',*,*,#5015,.F.);
#5186=ORIENTED_EDGE('',*,*,#4985,.F.);
#5187=DIRECTION('',(0.9778052076930528,0.0,0.2095160514336453));
#5188=AXIS2_PLACEMENT_3D('',#442,#475,#5187);
#5189=PLANE('',#5188);
#5190=EDGE_LOOP('',(#5184,#5185,#5186));
#5191=FACE_BOUND('',#5190,.T.);
#5192=ADVANCED_FACE('',(#5191),#5189,.T.);
#5193=CLOSED_SHELL('',(#474,#491,#507,#523,#540,#556,#570,#584,#601,#616,#628,#641,#658,#673,#687,#698,#719,#732,#749,#766,#779,#794,#811,#827,#842,#855,#868,#882,#895,#911,#925,#934,#948,#961,#977,#988,#1003,#1014,#1029,#1040,#1054,#1066,#1081,#1093,#1108,#1120,#1132,#1143,#1159,#1173,#1191,#1205,#1219,#1232,#1251,#1267,#1284,#1300,#1317,#1333,#1350,#1366,#1383,#1399,#1416,#1432,#1449,#1465,#1482,#1496,#1513,#1528,#1544,#1557,#1574,#1589,#1606,#1621,#1638,#1653,#1670,#1685,#1702,#1715,#1731,#1745,#1763,#1777,#1795,#1809,#1827,#1841,#1857,#1871,#1887,#1901,#1918,#1931,#1946,#1959,#1976,#1989,#2006,#2019,#2036,#2049,#2067,#2080,#2098,#2111,#2129,#2142,#2160,#2173,#2191,#2205,#2223,#2235,#2248,#2262,#2276,#2291,#2303,#2320,#2332,#2347,#2359,#2374,#2386,#2401,#2413,#2428,#2440,#2455,#2467,#2482,#2494,#2509,#2520,#2535,#2546,#2563,#2574,#2589,#2600,#2615,#2626,#2643,#2654,#2668,#2679,#2692,#2706,#2723,#2739,#2753,#2767,#2782,#2794,#2808,#2821,#2834,#2849,#2863,#2877,#2892,#2908,#2922,#2935,#2948,#2963,#2977,#2991,#3006,#3022,#3036,#3047,#3060,#3072,#3086,#3100,#3113,#3125,#3137,#3150,#3162,#3171,#3186,#3201,#3218,#3237,#3252,#3269,#3287,#3300,#3312,#3329,#3347,#3361,#3378,#3394,#3411,#3427,#3444,#3460,#3477,#3493,#3510,#3526,#3543,#3559,#3578,#3593,#3608,#3622,#3639,#3654,#3671,#3686,#3703,#3718,#3735,#3750,#3767,#3781,#3800,#3816,#3833,#3847,#3862,#3878,#3897,#3913,#3930,#3944,#3963,#3979,#3995,#4008,#4025,#4040,#4057,#4072,#4089,#4104,#4119,#4134,#4151,#4164,#4183,#4199,#4216,#4232,#4249,#4265,#4282,#4298,#4315,#4331,#4348,#4364,#4381,#4395,#4412,#4427,#4444,#4459,#4476,#4489,#4505,#4517,#4530,#4543,#4556,#4569,#4579,#4592,#4606,#4619,#4633,#4646,#4660,#4673,#4687,#4700,#4714,#4727,#4740,#4753,#4766,#4779,#4792,#4805,#4818,#4831,#4844,#4857,#4870,#4883,#4896,#4909,#4922,#4935,#4948,#4961,#4974,#4983,#4998,#5013,#5027,#5041,#5056,#5068,#5080,#5092,#5107,#5123,#5137,#5148,#5158,#5170,#5183,#5192));
#5194=MANIFOLD_SOLID_BREP('',#5193);
#5195=COLOUR_RGB('',0.0,0.0,0.0);
#5196=FILL_AREA_STYLE_COLOUR('',#5195);
#5197=FILL_AREA_STYLE('',(#5196));
#5198=SURFACE_STYLE_FILL_AREA(#5197);
#5199=SURFACE_SIDE_STYLE('',(#5198));
#5200=SURFACE_STYLE_USAGE(.BOTH.,#5199);
#5201=PRESENTATION_STYLE_ASSIGNMENT((#5200));
#5202=STYLED_ITEM('',(#5201),#5194);
#5203=ADVANCED_BREP_SHAPE_REPRESENTATION('',(#5194),*);
#5204=PRODUCT_DEFINITION('','',*,*);
#5205=PRODUCT_DEFINITION_SHAPE('','',#5204);
#5206=SHAPE_REPRESENTATION('',(#13),*);
#5207=SHAPE_DEFINITION_REPRESENTATION(#5205,#5206);
#5208=SHAPE_REPRESENTATION_RELATIONSHIP('','',#5206,#5203);
#5209=CARTESIAN_POINT('',(-0.657969,-0.75,1.25));
#5210=VERTEX_POINT('',#5209);
#5211=CARTESIAN_POINT('',(-0.657969,-0.75,0.812293));
#5212=VERTEX_POINT('',#5211);
#5213=CARTESIAN_POINT('',(-0.657969,-0.75,0.25));
#5214=VERTEX_POINT('',#5213);
#5215=CARTESIAN_POINT('',(-0.861722,-0.75,0.25));
#5216=VERTEX_POINT('',#5215);
#5217=CARTESIAN_POINT('',(-0.861722,-0.75,1.25));
#5218=VERTEX_POINT('',#5217);
#5219=CARTESIAN_POINT('',(-0.657969,-0.76,0.25));
#5220=VERTEX_POINT('',#5219);
#5221=CARTESIAN_POINT('',(-0.861722,-0.76,0.25));
#5222=VERTEX_POINT('',#5221);
#5223=CARTESIAN_POINT('',(-0.861722,-0.76,1.25));
#5224=VERTEX_POINT('',#5223);
#5225=CARTESIAN_POINT('',(-0.657969,-0.76,1.25));
#5226=VERTEX_POINT('',#5225);
#5227=LINE('',#5221,#1194);
#5228=EDGE_CURVE('',#5222,#5224,#5227,.T.);
#5229=VECTOR('',#1200,1000.0);
#5230=LINE('',#5223,#5229);
#5231=EDGE_CURVE('',#5224,#5216,#5230,.T.);
#5232=LINE('',#5215,#476);
#5233=EDGE_CURVE('',#5216,#5222,#5232,.T.);
#5234=ORIENTED_EDGE('',*,*,#5228,.T.);
#5235=ORIENTED_EDGE('',*,*,#5231,.T.);
#5236=ORIENTED_EDGE('',*,*,#5233,.T.);
#5237=AXIS2_PLACEMENT_3D('',#5221,#510,#11);
#5238=PLANE('',#5237);
#5239=EDGE_LOOP('',(#5234,#5235,#5236));
#5240=FACE_BOUND('',#5239,.T.);
#5241=ADVANCED_FACE('',(#5240),#5238,.T.);
#5242=LINE('',#5223,#463);
#5243=EDGE_CURVE('',#5224,#5218,#5242,.T.);
#5244=DIRECTION('',(0.0,0.0,-1.0));
#5245=VECTOR('',#5244,1000.0);
#5246=LINE('',#5217,#5245);
#5247=EDGE_CURVE('',#5218,#5216,#5246,.T.);
#5248=ORIENTED_EDGE('',*,*,#5231,.F.);
#5249=ORIENTED_EDGE('',*,*,#5243,.T.);
#5250=ORIENTED_EDGE('',*,*,#5247,.T.);
#5251=AXIS2_PLACEMENT_3D('',#5215,#510,#1178);
#5252=PLANE('',#5251);
#5253=EDGE_LOOP('',(#5248,#5249,#5250));
#5254=FACE_BOUND('',#5253,.T.);
#5255=ADVANCED_FACE('',(#5254),#5252,.T.);
#5256=LINE('',#5209,#476);
#5257=EDGE_CURVE('',#5210,#5226,#5256,.T.);
#5258=DIRECTION('',(0.0,0.022840373232489462,-0.9997391246473255));
#5259=VECTOR('',#5258,1000.0);
#5260=LINE('',#5225,#5259);
#5261=EDGE_CURVE('',#5226,#5212,#5260,.T.);
#5262=LINE('',#5211,#1194);
#5263=EDGE_CURVE('',#5212,#5210,#5262,.T.);
#5264=ORIENTED_EDGE('',*,*,#5257,.T.);
#5265=ORIENTED_EDGE('',*,*,#5261,.T.);
#5266=ORIENTED_EDGE('',*,*,#5263,.T.);
#5267=AXIS2_PLACEMENT_3D('',#5209,#12,#475);
#5268=PLANE('',#5267);
#5269=EDGE_LOOP('',(#5264,#5265,#5266));
#5270=FACE_BOUND('',#5269,.T.);
#5271=ADVANCED_FACE('',(#5270),#5268,.T.);
#5272=DIRECTION('',(0.0,0.0,-1.0));
#5273=VECTOR('',#5272,1000.0);
#5274=LINE('',#5225,#5273);
#5275=EDGE_CURVE('',#5226,#5220,#5274,.T.);
#5276=DIRECTION('',(0.0,0.01778151064376128,0.9998418964412453));
#5277=VECTOR('',#5276,1000.0);
#5278=LINE('',#5219,#5277);
#5279=EDGE_CURVE('',#5220,#5212,#5278,.T.);
#5280=ORIENTED_EDGE('',*,*,#5261,.F.);
#5281=ORIENTED_EDGE('',*,*,#5275,.T.);
#5282=ORIENTED_EDGE('',*,*,#5279,.T.);
#5283=DIRECTION('',(0.0,-0.022840373232489462,0.9997391246473255));
#5284=AXIS2_PLACEMENT_3D('',#5211,#12,#5283);
#5285=PLANE('',#5284);
#5286=EDGE_LOOP('',(#5280,#5281,#5282));
#5287=FACE_BOUND('',#5286,.T.);
#5288=ADVANCED_FACE('',(#5287),#5285,.T.);
#5289=LINE('',#5219,#463);
#5290=EDGE_CURVE('',#5220,#5214,#5289,.T.);
#5291=LINE('',#5213,#1194);
#5292=EDGE_CURVE('',#5214,#5212,#5291,.T.);
#5293=ORIENTED_EDGE('',*,*,#5279,.F.);
#5294=ORIENTED_EDGE('',*,*,#5290,.T.);
#5295=ORIENTED_EDGE('',*,*,#5292,.T.);
#5296=DIRECTION('',(1.0,-0.0,0.0));
#5297=DIRECTION('',(0.0,-0.01778151064376128,-0.9998418964412453));
#5298=AXIS2_PLACEMENT_3D('',#5211,#5296,#5297);
#5299=PLANE('',#5298);
#5300=EDGE_LOOP('',(#5293,#5294,#5295));
#5301=FACE_BOUND('',#5300,.T.);
#5302=ADVANCED_FACE('',(#5301),#5299,.T.);
#5303=DIRECTION('',(-0.19965086122122752,0.0,-0.979867099975105));
#5304=VECTOR('',#5303,1000.0);
#5305=LINE('',#5225,#5304);
#5306=EDGE_CURVE('',#5226,#5222,#5305,.T.);
#5307=LINE('',#5221,#492);
#5308=EDGE_CURVE('',#5222,#5220,#5307,.T.);
#5309=ORIENTED_EDGE('',*,*,#5275,.F.);
#5310=ORIENTED_EDGE('',*,*,#5306,.T.);
#5311=ORIENTED_EDGE('',*,*,#5308,.T.);
#5312=AXIS2_PLACEMENT_3D('',#5219,#727,#11);
#5313=PLANE('',#5312);
#5314=EDGE_LOOP('',(#5309,#5310,#5311));
#5315=FACE_BOUND('',#5314,.T.);
#5316=ADVANCED_FACE('',(#5315),#5313,.T.);
#5317=LINE('',#5225,#511);
#5318=EDGE_CURVE('',#5226,#5224,#5317,.T.);
#5319=ORIENTED_EDGE('',*,*,#5306,.F.);
#5320=ORIENTED_EDGE('',*,*,#5318,.T.);
#5321=ORIENTED_EDGE('',*,*,#5228,.F.);
#5322=DIRECTION('',(0.19965086122122752,0.0,0.979867099975105));
#5323=AXIS2_PLACEMENT_3D('',#5221,#475,#5322);
#5324=PLANE('',#5323);
#5325=EDGE_LOOP('',(#5319,#5320,#5321));
#5326=FACE_BOUND('',#5325,.T.);
#5327=ADVANCED_FACE('',(#5326),#5324,.T.);
#5328=CLOSED_SHELL('',(#5241,#5255,#5271,#5288,#5302,#5316,#5327));
#5329=MANIFOLD_SOLID_BREP('',#5328);
#5330=COLOUR_RGB('',0.36470588235294116,1.0,0.23529411764705882);
#5331=FILL_AREA_STYLE_COLOUR('',#5330);
#5332=FILL_AREA_STYLE('',(#5331));
#5333=SURFACE_STYLE_FILL_AREA(#5332);
#5334=SURFACE_SIDE_STYLE('',(#5333));
#5335=SURFACE_STYLE_USAGE(.BOTH.,#5334);
#5336=PRESENTATION_STYLE_ASSIGNMENT((#5335));
#5337=STYLED_ITEM('',(#5336),#5329);
#5338=ADVANCED_BREP_SHAPE_REPRESENTATION('',(#5329),*);
#5339=PRODUCT_DEFINITION('','',*,*);
#5340=PRODUCT_DEFINITION_SHAPE('','',#5339);
#5341=SHAPE_REPRESENTATION('',(#13),*);
#5342=SHAPE_DEFINITION_REPRESENTATION(#5340,#5341);
#5343=SHAPE_REPRESENTATION_RELATIONSHIP('','',#5341,#5338);
#5344=CARTESIAN_POINT('',(1.42,-0.75,1.25));
#5345=VERTEX_POINT('',#5344);
#5346=CARTESIAN_POINT('',(1.42,-0.25,1.25));
#5347=VERTEX_POINT('',#5346);
#5348=CARTESIAN_POINT('',(1.421003,-0.25,0.25));
#5349=VERTEX_POINT('',#5348);
#5350=CARTESIAN_POINT('',(1.6,-0.25,0.428997));
#5351=VERTEX_POINT('',#5350);
#5352=CARTESIAN_POINT('',(1.6,-0.25,1.051003));
#5353=VERTEX_POINT('',#5352);
#5354=CARTESIAN_POINT('',(1.6,-0.75,1.051003));
#5355=VERTEX_POINT('',#5354);
#5356=CARTESIAN_POINT('',(1.6,-0.75,0.428997));
#5357=VERTEX_POINT('',#5356);
#5358=CARTESIAN_POINT('',(1.421003,-0.75,0.25));
#5359=VERTEX_POINT('',#5358);
#5360=CARTESIAN_POINT('',(1.425978,-0.75,1.201468));
#5361=VERTEX_POINT('',#5360);
#5362=CARTESIAN_POINT('',(0.835982,-0.75,1.25));
#5363=VERTEX_POINT('',#5362);
#5364=CARTESIAN_POINT('',(1.6,-0.75,0.812293));
#5365=VERTEX_POINT('',#5364);
#5366=CARTESIAN_POINT('',(1.552309,-0.75,1.061803));
#5367=VERTEX_POINT('',#5366);
#5368=CARTESIAN_POINT('',(0.952304,-0.75,0.812293));
#5369=VERTEX_POINT('',#5368);
#5370=CARTESIAN_POINT('',(1.443553,-0.75,1.155838));
#5371=VERTEX_POINT('',#5370);
#5372=CARTESIAN_POINT('',(1.471676,-0.75,1.115836));
#5373=VERTEX_POINT('',#5372);
#5374=CARTESIAN_POINT('',(0.943689,-0.75,0.812856));
#5375=VERTEX_POINT('',#5374);
#5376=CARTESIAN_POINT('',(1.508665,-0.75,1.083854));
#5377=VERTEX_POINT('',#5376);
#5378=CARTESIAN_POINT('',(0.946424,-0.75,0.812903));
#5379=VERTEX_POINT('',#5378);
#5380=CARTESIAN_POINT('',(0.942327,-0.75,0.721439));
#5381=VERTEX_POINT('',#5380);
#5382=CARTESIAN_POINT('',(0.952174,-0.75,0.722545));
#5383=VERTEX_POINT('',#5382);
#5384=CARTESIAN_POINT('',(0.920701,-0.75,0.796517));
#5385=VERTEX_POINT('',#5384);
#5386=CARTESIAN_POINT('',(0.848177,-0.75,0.711683));
#5387=VERTEX_POINT('',#5386);
#5388=CARTESIAN_POINT('',(0.848177,-0.75,0.722659));
#5389=VERTEX_POINT('',#5388);
#5390=CARTESIAN_POINT('',(0.835982,-0.75,0.812293));
#5391=VERTEX_POINT('',#5390);
#5392=CARTESIAN_POINT('',(0.835982,-0.75,0.25));
#5393=VERTEX_POINT('',#5392);
#5394=CARTESIAN_POINT('',(0.899396,-0.75,0.711683));
#5395=VERTEX_POINT('',#5394);
#5396=CARTESIAN_POINT('',(1.430699,-0.75,0.294539));
#5397=VERTEX_POINT('',#5396);
#5398=CARTESIAN_POINT('',(0.899396,-0.75,0.811683));
#5399=VERTEX_POINT('',#5398);
#5400=CARTESIAN_POINT('',(0.918908,-0.75,0.727842));
#5401=VERTEX_POINT('',#5400);
#5402=CARTESIAN_POINT('',(0.918908,-0.75,0.714427));
#5403=VERTEX_POINT('',#5402);
#5404=CARTESIAN_POINT('',(0.988021,-0.75,0.738022));
#5405=VERTEX_POINT('',#5404);
#5406=CARTESIAN_POINT('',(0.98216,-0.75,0.728672));
#5407=VERTEX_POINT('',#5406);
#5408=CARTESIAN_POINT('',(1.03964,-0.75,0.711683));
#5409=VERTEX_POINT('',#5408);
#5410=CARTESIAN_POINT('',(0.930172,-0.75,0.723018));
#5411=VERTEX_POINT('',#5410);
#5412=CARTESIAN_POINT('',(0.918908,-0.75,0.795525));
#5413=VERTEX_POINT('',#5412);
#5414=CARTESIAN_POINT('',(0.850616,-0.75,0.766561));
#5415=VERTEX_POINT('',#5414);
#5416=CARTESIAN_POINT('',(0.850616,-0.75,0.755586));
#5417=VERTEX_POINT('',#5416);
#5418=CARTESIAN_POINT('',(0.885982,-0.75,0.755586));
#5419=VERTEX_POINT('',#5418);
#5420=CARTESIAN_POINT('',(0.885982,-0.75,0.722659));
#5421=VERTEX_POINT('',#5420);
#5422=CARTESIAN_POINT('',(0.93047,-0.75,0.71129));
#5423=VERTEX_POINT('',#5422);
#5424=CARTESIAN_POINT('',(0.942441,-0.75,0.710464));
#5425=VERTEX_POINT('',#5424);
#5426=CARTESIAN_POINT('',(0.96844,-0.75,0.808289));
#5427=VERTEX_POINT('',#5426);
#5428=CARTESIAN_POINT('',(0.976484,-0.75,0.803152));
#5429=VERTEX_POINT('',#5428);
#5430=CARTESIAN_POINT('',(1.001835,-0.75,0.811683));
#5431=VERTEX_POINT('',#5430);
#5432=CARTESIAN_POINT('',(0.983995,-0.75,0.795244));
#5433=VERTEX_POINT('',#5432);
#5434=CARTESIAN_POINT('',(1.001835,-0.75,0.800708));
#5435=VERTEX_POINT('',#5434);
#5436=CARTESIAN_POINT('',(0.989322,-0.75,0.785736));
#5437=VERTEX_POINT('',#5436);
#5438=CARTESIAN_POINT('',(1.03964,-0.75,0.800708));
#5439=VERTEX_POINT('',#5438);
#5440=CARTESIAN_POINT('',(0.973132,-0.75,0.71999));
#5441=VERTEX_POINT('',#5440);
#5442=CARTESIAN_POINT('',(0.963633,-0.75,0.714522));
#5443=VERTEX_POINT('',#5442);
#5444=CARTESIAN_POINT('',(0.952485,-0.75,0.711284));
#5445=VERTEX_POINT('',#5444);
#5446=CARTESIAN_POINT('',(1.478579,-0.75,0.371421));
#5447=VERTEX_POINT('',#5446);
#5448=CARTESIAN_POINT('',(1.053055,-0.75,0.811683));
#5449=VERTEX_POINT('',#5448);
#5450=CARTESIAN_POINT('',(1.45023,-0.75,0.335726));
#5451=VERTEX_POINT('',#5450);
#5452=CARTESIAN_POINT('',(1.053055,-0.75,0.711683));
#5453=VERTEX_POINT('',#5452);
#5454=CARTESIAN_POINT('',(0.959659,-0.75,0.725246));
#5455=VERTEX_POINT('',#5454);
#5456=CARTESIAN_POINT('',(0.96658,-0.75,0.729877));
#5457=VERTEX_POINT('',#5456);
#5458=CARTESIAN_POINT('',(0.972619,-0.75,0.736543));
#5459=VERTEX_POINT('',#5458);
#5460=CARTESIAN_POINT('',(0.979884,-0.75,0.76275));
#5461=VERTEX_POINT('',#5460);
#5462=CARTESIAN_POINT('',(0.978871,-0.75,0.773576));
#5463=VERTEX_POINT('',#5462);
#5464=CARTESIAN_POINT('',(0.976155,-0.75,0.782177));
#5465=VERTEX_POINT('',#5464);
#5466=CARTESIAN_POINT('',(0.953903,-0.75,0.800881));
#5467=VERTEX_POINT('',#5466);
#5468=CARTESIAN_POINT('',(0.944575,-0.75,0.801927));
#5469=VERTEX_POINT('',#5468);
#5470=CARTESIAN_POINT('',(0.961189,-0.75,0.798198));
#5471=VERTEX_POINT('',#5470);
#5472=CARTESIAN_POINT('',(0.967326,-0.75,0.794062));
#5473=VERTEX_POINT('',#5472);
#5474=CARTESIAN_POINT('',(0.972019,-0.75,0.789111));
#5475=VERTEX_POINT('',#5474);
#5476=CARTESIAN_POINT('',(0.931301,-0.75,0.800454));
#5477=VERTEX_POINT('',#5476);
#5478=CARTESIAN_POINT('',(0.929568,-0.75,0.810877));
#5479=VERTEX_POINT('',#5478);
#5480=CARTESIAN_POINT('',(0.939673,-0.75,0.812293));
#5481=VERTEX_POINT('',#5480);
#5482=CARTESIAN_POINT('',(0.992332,-0.75,0.775151));
#5483=VERTEX_POINT('',#5482);
#5484=CARTESIAN_POINT('',(0.993299,-0.75,0.76357));
#5485=VERTEX_POINT('',#5484);
#5486=CARTESIAN_POINT('',(0.99186,-0.75,0.749353));
#5487=VERTEX_POINT('',#5486);
#5488=CARTESIAN_POINT('',(0.976741,-0.75,0.744264));
#5489=VERTEX_POINT('',#5488);
#5490=CARTESIAN_POINT('',(0.979407,-0.75,0.75497));
#5491=VERTEX_POINT('',#5490);
#5492=CARTESIAN_POINT('',(0.885982,-0.75,0.766561));
#5493=VERTEX_POINT('',#5492);
#5494=CARTESIAN_POINT('',(0.885982,-0.75,0.800708));
#5495=VERTEX_POINT('',#5494);
#5496=CARTESIAN_POINT('',(0.845738,-0.75,0.800708));
#5497=VERTEX_POINT('',#5496);
#5498=CARTESIAN_POINT('',(0.845738,-0.75,0.811683));
#5499=VERTEX_POINT('',#5498);
#5500=CARTESIAN_POINT('',(0.918908,-0.75,0.8065));
#5501=VERTEX_POINT('',#5500);
#5502=CARTESIAN_POINT('',(1.514274,-0.75,0.39977));
#5503=VERTEX_POINT('',#5502);
#5504=CARTESIAN_POINT('',(1.555461,-0.75,0.4193));
#5505=VERTEX_POINT('',#5504);
#5506=CARTESIAN_POINT('',(0.958747,-0.75,0.811625));
#5507=VERTEX_POINT('',#5506);
#5508=CARTESIAN_POINT('',(-0.657969,-0.75,1.25));
#5509=VERTEX_POINT('',#5508);
#5510=CARTESIAN_POINT('',(-0.657969,-0.75,0.812293));
#5511=VERTEX_POINT('',#5510);
#5512=CARTESIAN_POINT('',(0.723786,-0.75,0.811683));
#5513=VERTEX_POINT('',#5512);
#5514=CARTESIAN_POINT('',(0.738421,-0.75,0.811683));
#5515=VERTEX_POINT('',#5514);
#5516=CARTESIAN_POINT('',(0.700616,-0.75,0.711683));
#5517=VERTEX_POINT('',#5516);
#5518=CARTESIAN_POINT('',(-0.657969,-0.75,0.25));
#5519=VERTEX_POINT('',#5518);
#5520=CARTESIAN_POINT('',(0.687201,-0.75,0.711683));
#5521=VERTEX_POINT('',#5520);
#5522=CARTESIAN_POINT('',(0.648177,-0.75,0.811683));
#5523=VERTEX_POINT('',#5522);
#5524=CARTESIAN_POINT('',(0.662811,-0.75,0.811683));
#5525=VERTEX_POINT('',#5524);
#5526=CARTESIAN_POINT('',(0.672929,-0.75,0.783634));
#5527=VERTEX_POINT('',#5526);
#5528=CARTESIAN_POINT('',(0.71424,-0.75,0.783634));
#5529=VERTEX_POINT('',#5528);
#5530=CARTESIAN_POINT('',(0.826226,-0.75,0.711683));
#5531=VERTEX_POINT('',#5530);
#5532=CARTESIAN_POINT('',(0.798005,-0.75,0.711683));
#5533=VERTEX_POINT('',#5532);
#5534=CARTESIAN_POINT('',(0.760869,-0.75,0.724722));
#5535=VERTEX_POINT('',#5534);
#5536=CARTESIAN_POINT('',(0.753798,-0.75,0.732563));
#5537=VERTEX_POINT('',#5536);
#5538=CARTESIAN_POINT('',(0.74915,-0.75,0.741163));
#5539=VERTEX_POINT('',#5538);
#5540=CARTESIAN_POINT('',(0.750731,-0.75,0.784275));
#5541=VERTEX_POINT('',#5540);
#5542=CARTESIAN_POINT('',(0.756466,-0.75,0.79322));
#5543=VERTEX_POINT('',#5542);
#5544=CARTESIAN_POINT('',(0.764697,-0.75,0.801101));
#5545=VERTEX_POINT('',#5544);
#5546=CARTESIAN_POINT('',(0.775138,-0.75,0.807169));
#5547=VERTEX_POINT('',#5546);
#5548=CARTESIAN_POINT('',(0.783558,-0.75,0.713228));
#5549=VERTEX_POINT('',#5548);
#5550=CARTESIAN_POINT('',(0.771858,-0.75,0.717336));
#5551=VERTEX_POINT('',#5550);
#5552=CARTESIAN_POINT('',(0.760974,-0.75,0.72463));
#5553=VERTEX_POINT('',#5552);
#5554=CARTESIAN_POINT('',(0.786661,-0.75,0.810603));
#5555=VERTEX_POINT('',#5554);
#5556=CARTESIAN_POINT('',(0.799034,-0.75,0.811683));
#5557=VERTEX_POINT('',#5556);
#5558=CARTESIAN_POINT('',(0.826226,-0.75,0.811683));
#5559=VERTEX_POINT('',#5558);
#5560=CARTESIAN_POINT('',(0.746464,-0.75,0.751016));
#5561=VERTEX_POINT('',#5560);
#5562=CARTESIAN_POINT('',(0.745738,-0.75,0.760426));
#5563=VERTEX_POINT('',#5562);
#5564=CARTESIAN_POINT('',(0.747141,-0.75,0.773808));
#5565=VERTEX_POINT('',#5564);
#5566=CARTESIAN_POINT('',(-1.443553,-0.75,1.155838));
#5567=VERTEX_POINT('',#5566);
#5568=CARTESIAN_POINT('',(-1.471676,-0.75,1.115836));
#5569=VERTEX_POINT('',#5568);
#5570=CARTESIAN_POINT('',(-0.861722,-0.75,0.25));
#5571=VERTEX_POINT('',#5570);
#5572=CARTESIAN_POINT('',(-1.508665,-0.75,1.083854));
#5573=VERTEX_POINT('',#5572);
#5574=CARTESIAN_POINT('',(-1.421003,-0.75,0.25));
#5575=VERTEX_POINT('',#5574);
#5576=CARTESIAN_POINT('',(-1.552309,-0.75,1.061803));
#5577=VERTEX_POINT('',#5576);
#5578=CARTESIAN_POINT('',(-1.430699,-0.75,0.294539));
#5579=VERTEX_POINT('',#5578);
#5580=CARTESIAN_POINT('',(-1.6,-0.75,1.051003));
#5581=VERTEX_POINT('',#5580);
#5582=CARTESIAN_POINT('',(-1.6,-0.75,0.428997));
#5583=VERTEX_POINT('',#5582);
#5584=CARTESIAN_POINT('',(-1.555461,-0.75,0.4193));
#5585=VERTEX_POINT('',#5584);
#5586=CARTESIAN_POINT('',(-1.514274,-0.75,0.39977));
#5587=VERTEX_POINT('',#5586);
#5588=CARTESIAN_POINT('',(-1.425978,-0.75,1.201468));
#5589=VERTEX_POINT('',#5588);
#5590=CARTESIAN_POINT('',(-0.861722,-0.75,1.25));
#5591=VERTEX_POINT('',#5590);
#5592=CARTESIAN_POINT('',(-1.42,-0.75,1.25));
#5593=VERTEX_POINT('',#5592);
#5594=CARTESIAN_POINT('',(-1.478579,-0.75,0.371421));
#5595=VERTEX_POINT('',#5594);
#5596=CARTESIAN_POINT('',(-1.45023,-0.75,0.335726));
#5597=VERTEX_POINT('',#5596);
#5598=CARTESIAN_POINT('',(-1.421003,-0.25,0.25));
#5599=VERTEX_POINT('',#5598);
#5600=CARTESIAN_POINT('',(-0.657969,-0.76,0.25));
#5601=VERTEX_POINT('',#5600);
#5602=CARTESIAN_POINT('',(-0.861722,-0.76,0.25));
#5603=VERTEX_POINT('',#5602);
#5604=CARTESIAN_POINT('',(-1.6,-0.25,1.051003));
#5605=VERTEX_POINT('',#5604);
#5606=CARTESIAN_POINT('',(-1.6,-0.25,0.428997));
#5607=VERTEX_POINT('',#5606);
#5608=CARTESIAN_POINT('',(-0.861722,-0.76,1.25));
#5609=VERTEX_POINT('',#5608);
#5610=CARTESIAN_POINT('',(-0.657969,-0.76,1.25));
#5611=VERTEX_POINT('',#5610);
#5612=CARTESIAN_POINT('',(-1.42,-0.25,1.25));
#5613=VERTEX_POINT('',#5612);
#5614=CARTESIAN_POINT('',(-1.508665,-0.25,1.083854));
#5615=VERTEX_POINT('',#5614);
#5616=CARTESIAN_POINT('',(-1.471676,-0.25,1.115836));
#5617=VERTEX_POINT('',#5616);
#5618=CARTESIAN_POINT('',(1.443553,-0.25,1.155838));
#5619=VERTEX_POINT('',#5618);
#5620=CARTESIAN_POINT('',(-1.552309,-0.25,1.061803));
#5621=VERTEX_POINT('',#5620);
#5622=CARTESIAN_POINT('',(-1.430699,-0.25,0.294539));
#5623=VERTEX_POINT('',#5622);
#5624=CARTESIAN_POINT('',(-1.45023,-0.25,0.335726));
#5625=VERTEX_POINT('',#5624);
#5626=CARTESIAN_POINT('',(1.552309,-0.25,1.061803));
#5627=VERTEX_POINT('',#5626);
#5628=CARTESIAN_POINT('',(1.430699,-0.25,0.294539));
#5629=VERTEX_POINT('',#5628);
#5630=CARTESIAN_POINT('',(1.45023,-0.25,0.335726));
#5631=VERTEX_POINT('',#5630);
#5632=CARTESIAN_POINT('',(-1.555461,-0.25,0.4193));
#5633=VERTEX_POINT('',#5632);
#5634=CARTESIAN_POINT('',(-1.425978,-0.25,1.201468));
#5635=VERTEX_POINT('',#5634);
#5636=CARTESIAN_POINT('',(1.471676,-0.25,1.115836));
#5637=VERTEX_POINT('',#5636);
#5638=CARTESIAN_POINT('',(1.508665,-0.25,1.083854));
#5639=VERTEX_POINT('',#5638);
#5640=CARTESIAN_POINT('',(-1.478579,-0.25,0.371421));
#5641=VERTEX_POINT('',#5640);
#5642=CARTESIAN_POINT('',(-1.514274,-0.25,0.39977));
#5643=VERTEX_POINT('',#5642);
#5644=CARTESIAN_POINT('',(-1.443553,-0.25,1.155838));
#5645=VERTEX_POINT('',#5644);
#5646=CARTESIAN_POINT('',(1.425978,-0.25,1.201468));
#5647=VERTEX_POINT('',#5646);
#5648=CARTESIAN_POINT('',(1.555461,-0.25,0.4193));
#5649=VERTEX_POINT('',#5648);
#5650=CARTESIAN_POINT('',(1.514274,-0.25,0.39977));
#5651=VERTEX_POINT('',#5650);
#5652=CARTESIAN_POINT('',(1.478579,-0.25,0.371421));
#5653=VERTEX_POINT('',#5652);
#5654=CARTESIAN_POINT('',(0.710867,-0.75,0.772659));
#5655=VERTEX_POINT('',#5654);
#5656=CARTESIAN_POINT('',(0.677426,-0.75,0.772659));
#5657=VERTEX_POINT('',#5656);
#5658=CARTESIAN_POINT('',(0.695947,-0.75,0.730891));
#5659=VERTEX_POINT('',#5658);
#5660=CARTESIAN_POINT('',(0.694985,-0.75,0.727422));
#5661=VERTEX_POINT('',#5660);
#5662=CARTESIAN_POINT('',(0.694347,-0.75,0.723878));
#5663=VERTEX_POINT('',#5662);
#5664=CARTESIAN_POINT('',(0.694023,-0.75,0.723878));
#5665=VERTEX_POINT('',#5664);
#5666=CARTESIAN_POINT('',(0.69337,-0.75,0.727412));
#5667=VERTEX_POINT('',#5666);
#5668=CARTESIAN_POINT('',(0.692479,-0.75,0.730891));
#5669=VERTEX_POINT('',#5668);
#5670=CARTESIAN_POINT('',(0.798062,-0.75,0.722659));
#5671=VERTEX_POINT('',#5670);
#5672=CARTESIAN_POINT('',(0.812811,-0.75,0.722659));
#5673=VERTEX_POINT('',#5672);
#5674=CARTESIAN_POINT('',(0.786226,-0.75,0.723917));
#5675=VERTEX_POINT('',#5674);
#5676=CARTESIAN_POINT('',(0.777972,-0.75,0.726806));
#5677=VERTEX_POINT('',#5676);
#5678=CARTESIAN_POINT('',(0.770668,-0.75,0.731524));
#5679=VERTEX_POINT('',#5678);
#5680=CARTESIAN_POINT('',(0.76581,-0.75,0.736682));
#5681=VERTEX_POINT('',#5680);
#5682=CARTESIAN_POINT('',(0.762336,-0.75,0.74285));
#5683=VERTEX_POINT('',#5682);
#5684=CARTESIAN_POINT('',(0.760002,-0.75,0.750759));
#5685=VERTEX_POINT('',#5684);
#5686=CARTESIAN_POINT('',(0.759152,-0.75,0.760711));
#5687=VERTEX_POINT('',#5686);
#5688=CARTESIAN_POINT('',(0.76007,-0.75,0.771215));
#5689=VERTEX_POINT('',#5688);
#5690=CARTESIAN_POINT('',(0.763003,-0.75,0.780615));
#5691=VERTEX_POINT('',#5690);
#5692=CARTESIAN_POINT('',(0.767221,-0.75,0.787509));
#5693=VERTEX_POINT('',#5692);
#5694=CARTESIAN_POINT('',(0.77283,-0.75,0.793049));
#5695=VERTEX_POINT('',#5694);
#5696=CARTESIAN_POINT('',(0.77965,-0.75,0.797099));
#5697=VERTEX_POINT('',#5696);
#5698=CARTESIAN_POINT('',(0.788065,-0.75,0.799726));
#5699=VERTEX_POINT('',#5698);
#5700=CARTESIAN_POINT('',(0.798615,-0.75,0.800708));
#5701=VERTEX_POINT('',#5700);
#5702=CARTESIAN_POINT('',(0.812811,-0.75,0.800708));
#5703=VERTEX_POINT('',#5702);
#5704=DIRECTION('',(-0.12225251778906952,0.0,0.9924990286616069));
#5705=VECTOR('',#5704,1000.0);
#5706=LINE('',#5360,#5705);
#5707=EDGE_CURVE('',#5361,#5345,#5706,.T.);
#5708=LINE('',#5344,#511);
#5709=EDGE_CURVE('',#5345,#5363,#5708,.T.);
#5710=DIRECTION('',(0.996633868384167,0.0,-0.0819812929247324));
#5711=VECTOR('',#5710,1000.0);
#5712=LINE('',#5362,#5711);
#5713=EDGE_CURVE('',#5363,#5361,#5712,.T.);
#5714=ORIENTED_EDGE('',*,*,#5707,.T.);
#5715=ORIENTED_EDGE('',*,*,#5709,.T.);
#5716=ORIENTED_EDGE('',*,*,#5713,.T.);
#5717=AXIS2_PLACEMENT_3D('',#5360,#475,#5704);
#5718=PLANE('',#5717);
#5719=EDGE_LOOP('',(#5714,#5715,#5716));
#5720=FACE_BOUND('',#5719,.T.);
#5721=ADVANCED_FACE('',(#5720),#5718,.T.);
#5722=LINE('',#5364,#1194);
#5723=EDGE_CURVE('',#5365,#5355,#5722,.T.);
#5724=DIRECTION('',(-0.9753043229444655,0.0,0.220865292986105));
#5725=VECTOR('',#5724,1000.0);
#5726=LINE('',#5354,#5725);
#5727=EDGE_CURVE('',#5355,#5367,#5726,.T.);
#5728=DIRECTION('',(0.18773995159346463,0.0,-0.982218769203523));
#5729=VECTOR('',#5728,1000.0);
#5730=LINE('',#5366,#5729);
#5731=EDGE_CURVE('',#5367,#5365,#5730,.T.);
#5732=ORIENTED_EDGE('',*,*,#5723,.T.);
#5733=ORIENTED_EDGE('',*,*,#5727,.T.);
#5734=ORIENTED_EDGE('',*,*,#5731,.T.);
#5735=AXIS2_PLACEMENT_3D('',#5364,#475,#11);
#5736=PLANE('',#5735);
#5737=EDGE_LOOP('',(#5732,#5733,#5734));
#5738=FACE_BOUND('',#5737,.T.);
#5739=ADVANCED_FACE('',(#5738),#5736,.T.);
#5740=DIRECTION('',(-0.9233455491391144,0.0,-0.3839700468591103));
#5741=VECTOR('',#5740,1000.0);
#5742=LINE('',#5366,#5741);
#5743=EDGE_CURVE('',#5367,#5369,#5742,.T.);
#5744=LINE('',#5368,#492);
#5745=EDGE_CURVE('',#5369,#5365,#5744,.T.);
#5746=ORIENTED_EDGE('',*,*,#5731,.F.);
#5747=ORIENTED_EDGE('',*,*,#5743,.T.);
#5748=ORIENTED_EDGE('',*,*,#5745,.T.);
#5749=DIRECTION('',(-0.18773995159346463,0.0,0.982218769203523));
#5750=AXIS2_PLACEMENT_3D('',#5364,#727,#5749);
#5751=PLANE('',#5750);
#5752=EDGE_LOOP('',(#5746,#5747,#5748));
#5753=FACE_BOUND('',#5752,.T.);
#5754=ADVANCED_FACE('',(#5753),#5751,.T.);
#5755=DIRECTION('',(0.9882025381363232,0.0,-0.15315268075005642));
#5756=VECTOR('',#5755,1000.0);
#5757=LINE('',#5362,#5756);
#5758=EDGE_CURVE('',#5363,#5371,#5757,.T.);
#5759=DIRECTION('',(-0.35942442512874445,0.0,0.9331741973612813));
#5760=VECTOR('',#5759,1000.0);
#5761=LINE('',#5370,#5760);
#5762=EDGE_CURVE('',#5371,#5361,#5761,.T.);
#5763=ORIENTED_EDGE('',*,*,#5713,.F.);
#5764=ORIENTED_EDGE('',*,*,#5758,.T.);
#5765=ORIENTED_EDGE('',*,*,#5762,.T.);
#5766=DIRECTION('',(-0.0,-1.0,-0.0));
#5767=DIRECTION('',(-0.996633868384167,0.0,0.0819812929247324));
#5768=AXIS2_PLACEMENT_3D('',#5360,#5766,#5767);
#5769=PLANE('',#5768);
#5770=EDGE_LOOP('',(#5763,#5764,#5765));
#5771=FACE_BOUND('',#5770,.T.);
#5772=ADVANCED_FACE('',(#5771),#5769,.T.);
#5773=DIRECTION('',(-0.5751301368208636,0.0,0.8180619326923939));
#5774=VECTOR('',#5773,1000.0);
#5775=LINE('',#5372,#5774);
#5776=EDGE_CURVE('',#5373,#5371,#5775,.T.);
#5777=DIRECTION('',(-0.8245610044632189,0.0,-0.5657730551366044));
#5778=VECTOR('',#5777,1000.0);
#5779=LINE('',#5370,#5778);
#5780=EDGE_CURVE('',#5371,#5375,#5779,.T.);
#5781=DIRECTION('',(0.8673407862494866,0.0,0.4977147380861072));
#5782=VECTOR('',#5781,1000.0);
#5783=LINE('',#5374,#5782);
#5784=EDGE_CURVE('',#5375,#5373,#5783,.T.);
#5785=ORIENTED_EDGE('',*,*,#5776,.T.);
#5786=ORIENTED_EDGE('',*,*,#5780,.T.);
#5787=ORIENTED_EDGE('',*,*,#5784,.T.);
#5788=AXIS2_PLACEMENT_3D('',#5372,#727,#5773);
#5789=PLANE('',#5788);
#5790=EDGE_LOOP('',(#5785,#5786,#5787));
#5791=FACE_BOUND('',#5790,.T.);
#5792=ADVANCED_FACE('',(#5791),#5789,.T.);
#5793=DIRECTION('',(-0.8925460691122081,0.0,0.4509562223900956));
#5794=VECTOR('',#5793,1000.0);
#5795=LINE('',#5366,#5794);
#5796=EDGE_CURVE('',#5367,#5377,#5795,.T.);
#5797=DIRECTION('',(-0.898663152817179,0.0,-0.438639416569792));
#5798=VECTOR('',#5797,1000.0);
#5799=LINE('',#5376,#5798);
#5800=EDGE_CURVE('',#5377,#5369,#5799,.T.);
#5801=ORIENTED_EDGE('',*,*,#5796,.T.);
#5802=ORIENTED_EDGE('',*,*,#5800,.T.);
#5803=ORIENTED_EDGE('',*,*,#5743,.F.);
#5804=AXIS2_PLACEMENT_3D('',#5366,#727,#5793);
#5805=PLANE('',#5804);
#5806=EDGE_LOOP('',(#5801,#5802,#5803));
#5807=FACE_BOUND('',#5806,.T.);
#5808=ADVANCED_FACE('',(#5807),#5805,.T.);
#5809=DIRECTION('',(-0.756449036439311,0.0,0.6540526395253198));
#5810=VECTOR('',#5809,1000.0);
#5811=LINE('',#5376,#5810);
#5812=EDGE_CURVE('',#5377,#5373,#5811,.T.);
#5813=DIRECTION('',(-0.8633618716063888,0.0,-0.5045852541011415));
#5814=VECTOR('',#5813,1000.0);
#5815=LINE('',#5372,#5814);
#5816=EDGE_CURVE('',#5373,#5369,#5815,.T.);
#5817=ORIENTED_EDGE('',*,*,#5800,.F.);
#5818=ORIENTED_EDGE('',*,*,#5812,.T.);
#5819=ORIENTED_EDGE('',*,*,#5816,.T.);
#5820=DIRECTION('',(0.898663152817179,0.0,0.438639416569792));
#5821=AXIS2_PLACEMENT_3D('',#5368,#475,#5820);
#5822=PLANE('',#5821);
#5823=EDGE_LOOP('',(#5817,#5818,#5819));
#5824=FACE_BOUND('',#5823,.T.);
#5825=ADVANCED_FACE('',(#5824),#5822,.T.);
#5826=DIRECTION('',(-0.8662548229052794,0.0,-0.49960242372644953));
#5827=VECTOR('',#5826,1000.0);
#5828=LINE('',#5372,#5827);
#5829=EDGE_CURVE('',#5373,#5379,#5828,.T.);
#5830=DIRECTION('',(0.9946619001710708,0.0,-0.10318771413339337));
#5831=VECTOR('',#5830,1000.0);
#5832=LINE('',#5378,#5831);
#5833=EDGE_CURVE('',#5379,#5369,#5832,.T.);
#5834=ORIENTED_EDGE('',*,*,#5816,.F.);
#5835=ORIENTED_EDGE('',*,*,#5829,.T.);
#5836=ORIENTED_EDGE('',*,*,#5833,.T.);
#5837=DIRECTION('',(0.8633618716063888,0.0,0.5045852541011415));
#5838=AXIS2_PLACEMENT_3D('',#5368,#727,#5837);
#5839=PLANE('',#5838);
#5840=EDGE_LOOP('',(#5834,#5835,#5836));
#5841=FACE_BOUND('',#5840,.T.);
#5842=ADVANCED_FACE('',(#5841),#5839,.T.);
#5843=DIRECTION('',(0.9998523767091055,0.0,0.01718210665643381));
#5844=VECTOR('',#5843,1000.0);
#5845=LINE('',#5374,#5844);
#5846=EDGE_CURVE('',#5375,#5379,#5845,.T.);
#5847=ORIENTED_EDGE('',*,*,#5829,.F.);
#5848=ORIENTED_EDGE('',*,*,#5784,.F.);
#5849=ORIENTED_EDGE('',*,*,#5846,.T.);
#5850=DIRECTION('',(0.8662548229052794,0.0,0.49960242372644953));
#5851=AXIS2_PLACEMENT_3D('',#5378,#727,#5850);
#5852=PLANE('',#5851);
#5853=EDGE_LOOP('',(#5847,#5848,#5849));
#5854=FACE_BOUND('',#5853,.T.);
#5855=ADVANCED_FACE('',(#5854),#5852,.T.);
#5856=DIRECTION('',(0.9937513407733749,0.0,0.11161663277092518));
#5857=VECTOR('',#5856,1000.0);
#5858=LINE('',#5380,#5857);
#5859=EDGE_CURVE('',#5381,#5383,#5858,.T.);
#5860=DIRECTION('',(-0.3915083283308468,0.0,0.9201745643341733));
#5861=VECTOR('',#5860,1000.0);
#5862=LINE('',#5382,#5861);
#5863=EDGE_CURVE('',#5383,#5385,#5862,.T.);
#5864=DIRECTION('',(0.2767929752682817,0.0,-0.9609295753811161));
#5865=VECTOR('',#5864,1000.0);
#5866=LINE('',#5384,#5865);
#5867=EDGE_CURVE('',#5385,#5381,#5866,.T.);
#5868=ORIENTED_EDGE('',*,*,#5859,.T.);
#5869=ORIENTED_EDGE('',*,*,#5863,.T.);
#5870=ORIENTED_EDGE('',*,*,#5867,.T.);
#5871=DIRECTION('',(0.9937513407733749,0.0,0.11161663277092518));
#5872=AXIS2_PLACEMENT_3D('',#5380,#475,#5871);
#5873=PLANE('',#5872);
#5874=EDGE_LOOP('',(#5868,#5869,#5870));
#5875=FACE_BOUND('',#5874,.T.);
#5876=ADVANCED_FACE('',(#5875),#5873,.T.);
#5877=LINE('',#5386,#1194);
#5878=EDGE_CURVE('',#5387,#5389,#5877,.T.);
#5879=DIRECTION('',(-0.134811292525545,0.0,0.9908712910401593));
#5880=VECTOR('',#5879,1000.0);
#5881=LINE('',#5388,#5880);
#5882=EDGE_CURVE('',#5389,#5391,#5881,.T.);
#5883=DIRECTION('',(0.12032989414376623,0.0,-0.992733960623565));
#5884=VECTOR('',#5883,1000.0);
#5885=LINE('',#5390,#5884);
#5886=EDGE_CURVE('',#5391,#5387,#5885,.T.);
#5887=ORIENTED_EDGE('',*,*,#5878,.T.);
#5888=ORIENTED_EDGE('',*,*,#5882,.T.);
#5889=ORIENTED_EDGE('',*,*,#5886,.T.);
#5890=AXIS2_PLACEMENT_3D('',#5386,#475,#11);
#5891=PLANE('',#5890);
#5892=EDGE_LOOP('',(#5887,#5888,#5889));
#5893=FACE_BOUND('',#5892,.T.);
#5894=ADVANCED_FACE('',(#5893),#5891,.T.);
#5895=DIRECTION('',(-0.026405018008929925,0.0,-0.9996513267254479));
#5896=VECTOR('',#5895,1000.0);
#5897=LINE('',#5386,#5896);
#5898=EDGE_CURVE('',#5387,#5393,#5897,.T.);
#5899=DIRECTION('',(0.13607636673233076,0.0,0.9906983508701971));
#5900=VECTOR('',#5899,1000.0);
#5901=LINE('',#5392,#5900);
#5902=EDGE_CURVE('',#5393,#5395,#5901,.T.);
#5903=LINE('',#5394,#511);
#5904=EDGE_CURVE('',#5395,#5387,#5903,.T.);
#5905=ORIENTED_EDGE('',*,*,#5898,.T.);
#5906=ORIENTED_EDGE('',*,*,#5902,.T.);
#5907=ORIENTED_EDGE('',*,*,#5904,.T.);
#5908=DIRECTION('',(0.0,-1.0,-0.0));
#5909=AXIS2_PLACEMENT_3D('',#5386,#5908,#5895);
#5910=PLANE('',#5909);
#5911=EDGE_LOOP('',(#5905,#5906,#5907));
#5912=FACE_BOUND('',#5911,.T.);
#5913=ADVANCED_FACE('',(#5912),#5910,.T.);
#5914=LINE('',#5392,#492);
#5915=EDGE_CURVE('',#5393,#5359,#5914,.T.);
#5916=DIRECTION('',(-0.7488102871159389,0.0,0.6627843947388511));
#5917=VECTOR('',#5916,1000.0);
#5918=LINE('',#5358,#5917);
#5919=EDGE_CURVE('',#5359,#5395,#5918,.T.);
#5920=ORIENTED_EDGE('',*,*,#5902,.F.);
#5921=ORIENTED_EDGE('',*,*,#5915,.T.);
#5922=ORIENTED_EDGE('',*,*,#5919,.T.);
#5923=DIRECTION('',(0.0,-1.0,-0.0));
#5924=DIRECTION('',(-0.13607636673233076,0.0,-0.9906983508701971));
#5925=AXIS2_PLACEMENT_3D('',#5394,#5923,#5924);
#5926=PLANE('',#5925);
#5927=EDGE_LOOP('',(#5920,#5921,#5922));
#5928=FACE_BOUND('',#5927,.T.);
#5929=ADVANCED_FACE('',(#5928),#5926,.T.);
#5930=DIRECTION('',(0.2127147156765567,0.0,0.9771143483414015));
#5931=VECTOR('',#5930,1000.0);
#5932=LINE('',#5358,#5931);
#5933=EDGE_CURVE('',#5359,#5397,#5932,.T.);
#5934=DIRECTION('',(-0.7865400536986211,0.0,0.6175392650898971));
#5935=VECTOR('',#5934,1000.0);
#5936=LINE('',#5396,#5935);
#5937=EDGE_CURVE('',#5397,#5395,#5936,.T.);
#5938=ORIENTED_EDGE('',*,*,#5919,.F.);
#5939=ORIENTED_EDGE('',*,*,#5933,.T.);
#5940=ORIENTED_EDGE('',*,*,#5937,.T.);
#5941=DIRECTION('',(0.7488102871159389,0.0,-0.6627843947388511));
#5942=AXIS2_PLACEMENT_3D('',#5394,#475,#5941);
#5943=PLANE('',#5942);
#5944=EDGE_LOOP('',(#5938,#5939,#5940));
#5945=FACE_BOUND('',#5944,.T.);
#5946=ADVANCED_FACE('',(#5945),#5943,.T.);
#5947=DIRECTION('',(0.0,0.0,-1.0));
#5948=VECTOR('',#5947,1000.0);
#5949=LINE('',#5398,#5948);
#5950=EDGE_CURVE('',#5399,#5395,#5949,.T.);
#5951=DIRECTION('',(0.7701783367741802,0.0,0.6378286051626703));
#5952=VECTOR('',#5951,1000.0);
#5953=LINE('',#5394,#5952);
#5954=EDGE_CURVE('',#5395,#5401,#5953,.T.);
#5955=DIRECTION('',(-0.22666880885989013,0.0,0.973971894404576));
#5956=VECTOR('',#5955,1000.0);
#5957=LINE('',#5400,#5956);
#5958=EDGE_CURVE('',#5401,#5399,#5957,.T.);
#5959=ORIENTED_EDGE('',*,*,#5950,.T.);
#5960=ORIENTED_EDGE('',*,*,#5954,.T.);
#5961=ORIENTED_EDGE('',*,*,#5958,.T.);
#5962=DIRECTION('',(0.0,0.0,-1.0));
#5963=AXIS2_PLACEMENT_3D('',#5398,#475,#5962);
#5964=PLANE('',#5963);
#5965=EDGE_LOOP('',(#5959,#5960,#5961));
#5966=FACE_BOUND('',#5965,.T.);
#5967=ADVANCED_FACE('',(#5966),#5964,.T.);
#5968=LINE('',#5394,#3275);
#5969=EDGE_CURVE('',#5395,#5403,#5968,.T.);
#5970=LINE('',#5402,#1194);
#5971=EDGE_CURVE('',#5403,#5401,#5970,.T.);
#5972=ORIENTED_EDGE('',*,*,#5954,.F.);
#5973=ORIENTED_EDGE('',*,*,#5969,.T.);
#5974=ORIENTED_EDGE('',*,*,#5971,.T.);
#5975=DIRECTION('',(0.0,-1.0,-0.0));
#5976=DIRECTION('',(-0.7701783367741802,0.0,-0.6378286051626703));
#5977=AXIS2_PLACEMENT_3D('',#5400,#5975,#5976);
#5978=PLANE('',#5977);
#5979=EDGE_LOOP('',(#5972,#5973,#5974));
#5980=FACE_BOUND('',#5979,.T.);
#5981=ADVANCED_FACE('',(#5980),#5978,.T.);
#5982=LINE('',#5404,#3707);
#5983=EDGE_CURVE('',#5405,#5407,#5982,.T.);
#5984=DIRECTION('',(0.958989265342031,0.0,-0.2834423908993708));
#5985=VECTOR('',#5984,1000.0);
#5986=LINE('',#5406,#5985);
#5987=EDGE_CURVE('',#5407,#5409,#5986,.T.);
#5988=DIRECTION('',(-0.8907424800243677,0.0,0.45450834346581465));
#5989=VECTOR('',#5988,1000.0);
#5990=LINE('',#5408,#5989);
#5991=EDGE_CURVE('',#5409,#5405,#5990,.T.);
#5992=ORIENTED_EDGE('',*,*,#5983,.T.);
#5993=ORIENTED_EDGE('',*,*,#5987,.T.);
#5994=ORIENTED_EDGE('',*,*,#5991,.T.);
#5995=DIRECTION('',(0.0,-1.0,-0.0));
#5996=AXIS2_PLACEMENT_3D('',#5404,#5995,#3706);
#5997=PLANE('',#5996);
#5998=EDGE_LOOP('',(#5992,#5993,#5994));
#5999=FACE_BOUND('',#5998,.T.);
#6000=ADVANCED_FACE('',(#5999),#5997,.T.);
#6001=LINE('',#5384,#1978);
#6002=EDGE_CURVE('',#5385,#5411,#6001,.T.);
#6003=DIRECTION('',(0.9916676073290988,0.0,-0.1288229660199622));
#6004=VECTOR('',#6003,1000.0);
#6005=LINE('',#5410,#6004);
#6006=EDGE_CURVE('',#5411,#5381,#6005,.T.);
#6007=ORIENTED_EDGE('',*,*,#5867,.F.);
#6008=ORIENTED_EDGE('',*,*,#6002,.T.);
#6009=ORIENTED_EDGE('',*,*,#6006,.T.);
#6010=DIRECTION('',(-0.0,-1.0,-0.0));
#6011=DIRECTION('',(-0.2767929752682817,0.0,0.9609295753811161));
#6012=AXIS2_PLACEMENT_3D('',#5380,#6010,#6011);
#6013=PLANE('',#6012);
#6014=EDGE_LOOP('',(#6007,#6008,#6009));
#6015=FACE_BOUND('',#6014,.T.);
#6016=ADVANCED_FACE('',(#6015),#6013,.T.);
#6017=LINE('',#5384,#4416);
#6018=EDGE_CURVE('',#5385,#5413,#6017,.T.);
#6019=DIRECTION('',(0.15350918256423418,0.0,-0.9881472212522083));
#6020=VECTOR('',#6019,1000.0);
#6021=LINE('',#5412,#6020);
#6022=EDGE_CURVE('',#5413,#5411,#6021,.T.);
#6023=ORIENTED_EDGE('',*,*,#6002,.F.);
#6024=ORIENTED_EDGE('',*,*,#6018,.T.);
#6025=ORIENTED_EDGE('',*,*,#6022,.T.);
#6026=AXIS2_PLACEMENT_3D('',#5410,#727,#2001);
#6027=PLANE('',#6026);
#6028=EDGE_LOOP('',(#6023,#6024,#6025));
#6029=FACE_BOUND('',#6028,.T.);
#6030=ADVANCED_FACE('',(#6029),#6027,.T.);
#6031=DIRECTION('',(0.0,0.0,-1.0));
#6032=VECTOR('',#6031,1000.0);
#6033=LINE('',#5412,#6032);
#6034=EDGE_CURVE('',#5413,#5401,#6033,.T.);
#6035=LINE('',#5400,#3932);
#6036=EDGE_CURVE('',#5401,#5411,#6035,.T.);
#6037=ORIENTED_EDGE('',*,*,#6022,.F.);
#6038=ORIENTED_EDGE('',*,*,#6034,.T.);
#6039=ORIENTED_EDGE('',*,*,#6036,.T.);
#6040=DIRECTION('',(-0.0,-1.0,-0.0));
#6041=DIRECTION('',(-0.15350918256423418,0.0,0.9881472212522083));
#6042=AXIS2_PLACEMENT_3D('',#5410,#6040,#6041);
#6043=PLANE('',#6042);
#6044=EDGE_LOOP('',(#6037,#6038,#6039));
#6045=FACE_BOUND('',#6044,.T.);
#6046=ADVANCED_FACE('',(#6045),#6043,.T.);
#6047=DIRECTION('',(-0.3047711930858629,0.0,0.9524255980731617));
#6048=VECTOR('',#6047,1000.0);
#6049=LINE('',#5414,#6048);
#6050=EDGE_CURVE('',#5415,#5391,#6049,.T.);
#6051=DIRECTION('',(0.2498769861864233,0.0,-0.9682775902469241));
#6052=VECTOR('',#6051,1000.0);
#6053=LINE('',#5390,#6052);
#6054=EDGE_CURVE('',#5391,#5417,#6053,.T.);
#6055=LINE('',#5416,#1194);
#6056=EDGE_CURVE('',#5417,#5415,#6055,.T.);
#6057=ORIENTED_EDGE('',*,*,#6050,.T.);
#6058=ORIENTED_EDGE('',*,*,#6054,.T.);
#6059=ORIENTED_EDGE('',*,*,#6056,.T.);
#6060=DIRECTION('',(-0.0,-1.0,-0.0));
#6061=AXIS2_PLACEMENT_3D('',#5414,#6060,#6047);
#6062=PLANE('',#6061);
#6063=EDGE_LOOP('',(#6057,#6058,#6059));
#6064=FACE_BOUND('',#6063,.T.);
#6065=ADVANCED_FACE('',(#6064),#6062,.T.);
#6066=DIRECTION('',(0.07387056988718327,0.0,0.9972678370952023));
#6067=VECTOR('',#6066,1000.0);
#6068=LINE('',#5388,#6067);
#6069=EDGE_CURVE('',#5389,#5417,#6068,.T.);
#6070=ORIENTED_EDGE('',*,*,#6054,.F.);
#6071=ORIENTED_EDGE('',*,*,#5882,.F.);
#6072=ORIENTED_EDGE('',*,*,#6069,.T.);
#6073=DIRECTION('',(-0.0,-1.0,-0.0));
#6074=DIRECTION('',(-0.2498769861864233,0.0,0.9682775902469241));
#6075=AXIS2_PLACEMENT_3D('',#5416,#6073,#6074);
#6076=PLANE('',#6075);
#6077=EDGE_LOOP('',(#6070,#6071,#6072));
#6078=FACE_BOUND('',#6077,.T.);
#6079=ADVANCED_FACE('',(#6078),#6076,.T.);
#6080=DIRECTION('',(0.7540809585391851,0.0,0.6567814765724014));
#6081=VECTOR('',#6080,1000.0);
#6082=LINE('',#5388,#6081);
#6083=EDGE_CURVE('',#5389,#5419,#6082,.T.);
#6084=LINE('',#5418,#511);
#6085=EDGE_CURVE('',#5419,#5417,#6084,.T.);
#6086=ORIENTED_EDGE('',*,*,#6069,.F.);
#6087=ORIENTED_EDGE('',*,*,#6083,.T.);
#6088=ORIENTED_EDGE('',*,*,#6085,.T.);
#6089=DIRECTION('',(0.0,-1.0,-0.0));
#6090=DIRECTION('',(-0.07387056988718327,0.0,-0.9972678370952023));
#6091=AXIS2_PLACEMENT_3D('',#5416,#6089,#6090);
#6092=PLANE('',#6091);
#6093=EDGE_LOOP('',(#6086,#6087,#6088));
#6094=FACE_BOUND('',#6093,.T.);
#6095=ADVANCED_FACE('',(#6094),#6092,.T.);
#6096=LINE('',#5388,#492);
#6097=EDGE_CURVE('',#5389,#5421,#6096,.T.);
#6098=LINE('',#5420,#1194);
#6099=EDGE_CURVE('',#5421,#5419,#6098,.T.);
#6100=ORIENTED_EDGE('',*,*,#6083,.F.);
#6101=ORIENTED_EDGE('',*,*,#6097,.T.);
#6102=ORIENTED_EDGE('',*,*,#6099,.T.);
#6103=DIRECTION('',(0.0,-1.0,-0.0));
#6104=DIRECTION('',(-0.7540809585391851,0.0,-0.6567814765724014));
#6105=AXIS2_PLACEMENT_3D('',#5418,#6103,#6104);
#6106=PLANE('',#6105);
#6107=EDGE_LOOP('',(#6100,#6101,#6102));
#6108=FACE_BOUND('',#6107,.T.);
#6109=ADVANCED_FACE('',(#6108),#6106,.T.);
#6110=DIRECTION('',(0.9999200333898578,0.0,-0.012646217838778085));
#6111=VECTOR('',#6110,1000.0);
#6112=LINE('',#5394,#6111);
#6113=EDGE_CURVE('',#5395,#5423,#6112,.T.);
#6114=LINE('',#5422,#3804);
#6115=EDGE_CURVE('',#5423,#5403,#6114,.T.);
#6116=ORIENTED_EDGE('',*,*,#5969,.F.);
#6117=ORIENTED_EDGE('',*,*,#6113,.T.);
#6118=ORIENTED_EDGE('',*,*,#6115,.T.);
#6119=DIRECTION('',(0.0,-1.0,-0.0));
#6120=AXIS2_PLACEMENT_3D('',#5402,#6119,#3253);
#6121=PLANE('',#6120);
#6122=EDGE_LOOP('',(#6116,#6117,#6118));
#6123=FACE_BOUND('',#6122,.T.);
#6124=ADVANCED_FACE('',(#6123),#6121,.T.);
#6125=DIRECTION('',(-0.768301719441713,0.0,0.6400878595184473));
#6126=VECTOR('',#6125,1000.0);
#6127=LINE('',#5396,#6126);
#6128=EDGE_CURVE('',#5397,#5423,#6127,.T.);
#6129=ORIENTED_EDGE('',*,*,#6113,.F.);
#6130=ORIENTED_EDGE('',*,*,#5937,.F.);
#6131=ORIENTED_EDGE('',*,*,#6128,.T.);
#6132=DIRECTION('',(-0.0,-1.0,-0.0));
#6133=DIRECTION('',(-0.9999200333898578,0.0,0.012646217838778085));
#6134=AXIS2_PLACEMENT_3D('',#5422,#6132,#6133);
#6135=PLANE('',#6134);
#6136=EDGE_LOOP('',(#6129,#6130,#6131));
#6137=FACE_BOUND('',#6136,.T.);
#6138=ADVANCED_FACE('',(#6137),#6135,.T.);
#6139=DIRECTION('',(-0.7612420617816628,0.0,0.6484678275553869));
#6140=VECTOR('',#6139,1000.0);
#6141=LINE('',#5396,#6140);
#6142=EDGE_CURVE('',#5397,#5425,#6141,.T.);
#6143=LINE('',#5424,#3835);
#6144=EDGE_CURVE('',#5425,#5423,#6143,.T.);
#6145=ORIENTED_EDGE('',*,*,#6128,.F.);
#6146=ORIENTED_EDGE('',*,*,#6142,.T.);
#6147=ORIENTED_EDGE('',*,*,#6144,.T.);
#6148=DIRECTION('',(0.768301719441713,0.0,-0.6400878595184473));
#6149=AXIS2_PLACEMENT_3D('',#5422,#475,#6148);
#6150=PLANE('',#6149);
#6151=EDGE_LOOP('',(#6145,#6146,#6147));
#6152=FACE_BOUND('',#6151,.T.);
#6153=ADVANCED_FACE('',(#6152),#6150,.T.);
#6154=LINE('',#5426,#3396);
#6155=EDGE_CURVE('',#5427,#5429,#6154,.T.);
#6156=DIRECTION('',(0.9477746719828634,0.0,0.31894070161673566));
#6157=VECTOR('',#6156,1000.0);
#6158=LINE('',#5428,#6157);
#6159=EDGE_CURVE('',#5429,#5431,#6158,.T.);
#6160=DIRECTION('',(-0.994875137495447,0.0,-0.10111113090760739));
#6161=VECTOR('',#6160,1000.0);
#6162=LINE('',#5430,#6161);
#6163=EDGE_CURVE('',#5431,#5427,#6162,.T.);
#6164=ORIENTED_EDGE('',*,*,#6155,.T.);
#6165=ORIENTED_EDGE('',*,*,#6159,.T.);
#6166=ORIENTED_EDGE('',*,*,#6163,.T.);
#6167=AXIS2_PLACEMENT_3D('',#5426,#475,#3395);
#6168=PLANE('',#6167);
#6169=EDGE_LOOP('',(#6164,#6165,#6166));
#6170=FACE_BOUND('',#6169,.T.);
#6171=ADVANCED_FACE('',(#6170),#6168,.T.);
#6172=LINE('',#5428,#3429);
#6173=EDGE_CURVE('',#5429,#5433,#6172,.T.);
#6174=DIRECTION('',(0.7353926486196151,0.0,0.6776412416288042));
#6175=VECTOR('',#6174,1000.0);
#6176=LINE('',#5432,#6175);
#6177=EDGE_CURVE('',#5433,#5431,#6176,.T.);
#6178=ORIENTED_EDGE('',*,*,#6159,.F.);
#6179=ORIENTED_EDGE('',*,*,#6173,.T.);
#6180=ORIENTED_EDGE('',*,*,#6177,.T.);
#6181=DIRECTION('',(0.0,-1.0,-0.0));
#6182=DIRECTION('',(-0.9477746719828634,0.0,-0.31894070161673566));
#6183=AXIS2_PLACEMENT_3D('',#5430,#6181,#6182);
#6184=PLANE('',#6183);
#6185=EDGE_LOOP('',(#6178,#6179,#6180));
#6186=FACE_BOUND('',#6185,.T.);
#6187=ADVANCED_FACE('',(#6186),#6184,.T.);
#6188=DIRECTION('',(0.9561583097000276,0.0,0.2928502805045376));
#6189=VECTOR('',#6188,1000.0);
#6190=LINE('',#5432,#6189);
#6191=EDGE_CURVE('',#5433,#5435,#6190,.T.);
#6192=LINE('',#5434,#1194);
#6193=EDGE_CURVE('',#5435,#5431,#6192,.T.);
#6194=ORIENTED_EDGE('',*,*,#6177,.F.);
#6195=ORIENTED_EDGE('',*,*,#6191,.T.);
#6196=ORIENTED_EDGE('',*,*,#6193,.T.);
#6197=DIRECTION('',(0.0,-1.0,-0.0));
#6198=DIRECTION('',(-0.7353926486196151,0.0,-0.6776412416288042));
#6199=AXIS2_PLACEMENT_3D('',#5430,#6197,#6198);
#6200=PLANE('',#6199);
#6201=EDGE_LOOP('',(#6194,#6195,#6196));
#6202=FACE_BOUND('',#6201,.T.);
#6203=ADVANCED_FACE('',(#6202),#6200,.T.);
#6204=LINE('',#5432,#3462);
#6205=EDGE_CURVE('',#5433,#5437,#6204,.T.);
#6206=DIRECTION('',(0.6412826643883086,0.0,0.7673047271814712));
#6207=VECTOR('',#6206,1000.0);
#6208=LINE('',#5436,#6207);
#6209=EDGE_CURVE('',#5437,#5435,#6208,.T.);
#6210=ORIENTED_EDGE('',*,*,#6191,.F.);
#6211=ORIENTED_EDGE('',*,*,#6205,.T.);
#6212=ORIENTED_EDGE('',*,*,#6209,.T.);
#6213=DIRECTION('',(0.0,-1.0,-0.0));
#6214=DIRECTION('',(-0.9561583097000276,0.0,-0.2928502805045376));
#6215=AXIS2_PLACEMENT_3D('',#5434,#6213,#6214);
#6216=PLANE('',#6215);
#6217=EDGE_LOOP('',(#6210,#6211,#6212));
#6218=FACE_BOUND('',#6217,.T.);
#6219=ADVANCED_FACE('',(#6218),#6216,.T.);
#6220=DIRECTION('',(0.9584707997760462,0.0,0.2851906835376404));
#6221=VECTOR('',#6220,1000.0);
#6222=LINE('',#5436,#6221);
#6223=EDGE_CURVE('',#5437,#5439,#6222,.T.);
#6224=LINE('',#5438,#511);
#6225=EDGE_CURVE('',#5439,#5435,#6224,.T.);
#6226=ORIENTED_EDGE('',*,*,#6209,.F.);
#6227=ORIENTED_EDGE('',*,*,#6223,.T.);
#6228=ORIENTED_EDGE('',*,*,#6225,.T.);
#6229=DIRECTION('',(0.0,-1.0,-0.0));
#6230=DIRECTION('',(-0.6412826643883086,0.0,-0.7673047271814712));
#6231=AXIS2_PLACEMENT_3D('',#5434,#6229,#6230);
#6232=PLANE('',#6231);
#6233=EDGE_LOOP('',(#6226,#6227,#6228));
#6234=FACE_BOUND('',#6233,.T.);
#6235=ADVANCED_FACE('',(#6234),#6232,.T.);
#6236=LINE('',#5406,#3675);
#6237=EDGE_CURVE('',#5407,#5441,#6236,.T.);
#6238=DIRECTION('',(0.9922898080044004,0.0,-0.1239392469340926));
#6239=VECTOR('',#6238,1000.0);
#6240=LINE('',#5440,#6239);
#6241=EDGE_CURVE('',#5441,#5409,#6240,.T.);
#6242=ORIENTED_EDGE('',*,*,#6237,.T.);
#6243=ORIENTED_EDGE('',*,*,#6241,.T.);
#6244=ORIENTED_EDGE('',*,*,#5987,.F.);
#6245=DIRECTION('',(0.0,-1.0,-0.0));
#6246=AXIS2_PLACEMENT_3D('',#5406,#6245,#3674);
#6247=PLANE('',#6246);
#6248=EDGE_LOOP('',(#6242,#6243,#6244));
#6249=FACE_BOUND('',#6248,.T.);
#6250=ADVANCED_FACE('',(#6249),#6247,.T.);
#6251=LINE('',#5440,#3643);
#6252=EDGE_CURVE('',#5441,#5443,#6251,.T.);
#6253=DIRECTION('',(0.9993031497423703,0.0,-0.03732579423103961));
#6254=VECTOR('',#6253,1000.0);
#6255=LINE('',#5442,#6254);
#6256=EDGE_CURVE('',#5443,#5409,#6255,.T.);
#6257=ORIENTED_EDGE('',*,*,#6241,.F.);
#6258=ORIENTED_EDGE('',*,*,#6252,.T.);
#6259=ORIENTED_EDGE('',*,*,#6256,.T.);
#6260=DIRECTION('',(-0.9922898080044004,0.0,0.1239392469340926));
#6261=AXIS2_PLACEMENT_3D('',#5408,#727,#6260);
#6262=PLANE('',#6261);
#6263=EDGE_LOOP('',(#6257,#6258,#6259));
#6264=FACE_BOUND('',#6263,.T.);
#6265=ADVANCED_FACE('',(#6264),#6262,.T.);
#6266=LINE('',#5442,#3611);
#6267=EDGE_CURVE('',#5443,#5445,#6266,.T.);
#6268=DIRECTION('',(0.9999895208910741,0.0,0.004578002625614897));
#6269=VECTOR('',#6268,1000.0);
#6270=LINE('',#5444,#6269);
#6271=EDGE_CURVE('',#5445,#5409,#6270,.T.);
#6272=ORIENTED_EDGE('',*,*,#6256,.F.);
#6273=ORIENTED_EDGE('',*,*,#6267,.T.);
#6274=ORIENTED_EDGE('',*,*,#6271,.T.);
#6275=DIRECTION('',(-0.9993031497423703,0.0,0.03732579423103961));
#6276=AXIS2_PLACEMENT_3D('',#5408,#727,#6275);
#6277=PLANE('',#6276);
#6278=EDGE_LOOP('',(#6272,#6273,#6274));
#6279=FACE_BOUND('',#6278,.T.);
#6280=ADVANCED_FACE('',(#6279),#6277,.T.);
#6281=DIRECTION('',(-0.6949692431923814,0.0,0.7190394641579894));
#6282=VECTOR('',#6281,1000.0);
#6283=LINE('',#5446,#6282);
#6284=EDGE_CURVE('',#5447,#5449,#6283,.T.);
#6285=DIRECTION('',(0.6407023128186841,0.0,-0.7677893893176624));
#6286=VECTOR('',#6285,1000.0);
#6287=LINE('',#5448,#6286);
#6288=EDGE_CURVE('',#5449,#5451,#6287,.T.);
#6289=DIRECTION('',(0.621922108470015,0.0,0.7830791090280796));
#6290=VECTOR('',#6289,1000.0);
#6291=LINE('',#5450,#6290);
#6292=EDGE_CURVE('',#5451,#5447,#6291,.T.);
#6293=ORIENTED_EDGE('',*,*,#6284,.T.);
#6294=ORIENTED_EDGE('',*,*,#6288,.T.);
#6295=ORIENTED_EDGE('',*,*,#6292,.T.);
#6296=DIRECTION('',(-0.0,-1.0,-0.0));
#6297=AXIS2_PLACEMENT_3D('',#5446,#6296,#6281);
#6298=PLANE('',#6297);
#6299=EDGE_LOOP('',(#6293,#6294,#6295));
#6300=FACE_BOUND('',#6299,.T.);
#6301=ADVANCED_FACE('',(#6300),#6298,.T.);
#6302=DIRECTION('',(0.0,0.0,-1.0));
#6303=VECTOR('',#6302,1000.0);
#6304=LINE('',#5448,#6303);
#6305=EDGE_CURVE('',#5449,#5453,#6304,.T.);
#6306=DIRECTION('',(0.7262393261968023,0.0,-0.6874419547025148));
#6307=VECTOR('',#6306,1000.0);
#6308=LINE('',#5452,#6307);
#6309=EDGE_CURVE('',#5453,#5451,#6308,.T.);
#6310=ORIENTED_EDGE('',*,*,#6288,.F.);
#6311=ORIENTED_EDGE('',*,*,#6305,.T.);
#6312=ORIENTED_EDGE('',*,*,#6309,.T.);
#6313=DIRECTION('',(-0.0,-1.0,-0.0));
#6314=DIRECTION('',(-0.6407023128186841,0.0,0.7677893893176624));
#6315=AXIS2_PLACEMENT_3D('',#5450,#6313,#6314);
#6316=PLANE('',#6315);
#6317=EDGE_LOOP('',(#6310,#6311,#6312));
#6318=FACE_BOUND('',#6317,.T.);
#6319=ADVANCED_FACE('',(#6318),#6316,.T.);
#6320=DIRECTION('',(0.6711360997852831,0.0,-0.7413341591785708));
#6321=VECTOR('',#6320,1000.0);
#6322=LINE('',#5452,#6321);
#6323=EDGE_CURVE('',#5453,#5397,#6322,.T.);
#6324=DIRECTION('',(0.42846917732065,0.0,0.903556397844742));
#6325=VECTOR('',#6324,1000.0);
#6326=LINE('',#5396,#6325);
#6327=EDGE_CURVE('',#5397,#5451,#6326,.T.);
#6328=ORIENTED_EDGE('',*,*,#6309,.F.);
#6329=ORIENTED_EDGE('',*,*,#6323,.T.);
#6330=ORIENTED_EDGE('',*,*,#6327,.T.);
#6331=DIRECTION('',(-0.0,-1.0,-0.0));
#6332=DIRECTION('',(-0.7262393261968023,0.0,0.6874419547025148));
#6333=AXIS2_PLACEMENT_3D('',#5450,#6331,#6332);
#6334=PLANE('',#6333);
#6335=EDGE_LOOP('',(#6328,#6329,#6330));
#6336=FACE_BOUND('',#6335,.T.);
#6337=ADVANCED_FACE('',(#6336),#6334,.T.);
#6338=LINE('',#5452,#511);
#6339=EDGE_CURVE('',#5453,#5409,#6338,.T.);
#6340=DIRECTION('',(0.6839285627781891,0.0,-0.72954898465844));
#6341=VECTOR('',#6340,1000.0);
#6342=LINE('',#5408,#6341);
#6343=EDGE_CURVE('',#5409,#5397,#6342,.T.);
#6344=ORIENTED_EDGE('',*,*,#6323,.F.);
#6345=ORIENTED_EDGE('',*,*,#6339,.T.);
#6346=ORIENTED_EDGE('',*,*,#6343,.T.);
#6347=DIRECTION('',(-0.6711360997852831,0.0,0.7413341591785708));
#6348=AXIS2_PLACEMENT_3D('',#5396,#475,#6347);
#6349=PLANE('',#6348);
#6350=EDGE_LOOP('',(#6344,#6345,#6346));
#6351=FACE_BOUND('',#6350,.T.);
#6352=ADVANCED_FACE('',(#6351),#6349,.T.);
#6353=DIRECTION('',(-0.9999213674074157,0.0,-0.012540295135439776));
#6354=VECTOR('',#6353,1000.0);
#6355=LINE('',#5408,#6354);
#6356=EDGE_CURVE('',#5409,#5425,#6355,.T.);
#6357=ORIENTED_EDGE('',*,*,#6343,.F.);
#6358=ORIENTED_EDGE('',*,*,#6356,.T.);
#6359=ORIENTED_EDGE('',*,*,#6142,.F.);
#6360=DIRECTION('',(-0.6839285627781891,0.0,0.72954898465844));
#6361=AXIS2_PLACEMENT_3D('',#5396,#727,#6360);
#6362=PLANE('',#6361);
#6363=EDGE_LOOP('',(#6357,#6358,#6359));
#6364=FACE_BOUND('',#6363,.T.);
#6365=ADVANCED_FACE('',(#6364),#6362,.T.);
#6366=DIRECTION('',(-0.9966839588979359,0.0,-0.08137005638155576));
#6367=VECTOR('',#6366,1000.0);
#6368=LINE('',#5444,#6367);
#6369=EDGE_CURVE('',#5445,#5425,#6368,.T.);
#6370=ORIENTED_EDGE('',*,*,#6356,.F.);
#6371=ORIENTED_EDGE('',*,*,#6271,.F.);
#6372=ORIENTED_EDGE('',*,*,#6369,.T.);
#6373=DIRECTION('',(0.9999213674074157,0.0,0.012540295135439776));
#6374=AXIS2_PLACEMENT_3D('',#5424,#727,#6373);
#6375=PLANE('',#6374);
#6376=EDGE_LOOP('',(#6370,#6371,#6372));
#6377=FACE_BOUND('',#6376,.T.);
#6378=ADVANCED_FACE('',(#6377),#6375,.T.);
#6379=LINE('',#5382,#4123);
#6380=EDGE_CURVE('',#5383,#5455,#6379,.T.);
#6381=DIRECTION('',(-0.47963863157524095,0.0,0.8774661150726165));
#6382=VECTOR('',#6381,1000.0);
#6383=LINE('',#5454,#6382);
#6384=EDGE_CURVE('',#5455,#5385,#6383,.T.);
#6385=ORIENTED_EDGE('',*,*,#6380,.T.);
#6386=ORIENTED_EDGE('',*,*,#6384,.T.);
#6387=ORIENTED_EDGE('',*,*,#5863,.F.);
#6388=AXIS2_PLACEMENT_3D('',#5382,#475,#4122);
#6389=PLANE('',#6388);
#6390=EDGE_LOOP('',(#6385,#6386,#6387));
#6391=FACE_BOUND('',#6390,.T.);
#6392=ADVANCED_FACE('',(#6391),#6389,.T.);
#6393=DIRECTION('',(0.8311068902257167,0.0,0.5561127017245141));
#6394=VECTOR('',#6393,1000.0);
#6395=LINE('',#5454,#6394);
#6396=EDGE_CURVE('',#5455,#5457,#6395,.T.);
#6397=DIRECTION('',(-0.5670658556962285,0.0,0.8236724563219923));
#6398=VECTOR('',#6397,1000.0);
#6399=LINE('',#5456,#6398);
#6400=EDGE_CURVE('',#5457,#5385,#6399,.T.);
#6401=ORIENTED_EDGE('',*,*,#6384,.F.);
#6402=ORIENTED_EDGE('',*,*,#6396,.T.);
#6403=ORIENTED_EDGE('',*,*,#6400,.T.);
#6404=DIRECTION('',(0.47963863157524095,0.0,-0.8774661150726165));
#6405=AXIS2_PLACEMENT_3D('',#5384,#475,#6404);
#6406=PLANE('',#6405);
#6407=EDGE_LOOP('',(#6401,#6402,#6403));
#6408=FACE_BOUND('',#6407,.T.);
#6409=ADVANCED_FACE('',(#6408),#6406,.T.);
#6410=LINE('',#5456,#4061);
#6411=EDGE_CURVE('',#5457,#5459,#6410,.T.);
#6412=DIRECTION('',(-0.6545023255310636,0.0,0.7560599882776695));
#6413=VECTOR('',#6412,1000.0);
#6414=LINE('',#5458,#6413);
#6415=EDGE_CURVE('',#5459,#5385,#6414,.T.);
#6416=ORIENTED_EDGE('',*,*,#6400,.F.);
#6417=ORIENTED_EDGE('',*,*,#6411,.T.);
#6418=ORIENTED_EDGE('',*,*,#6415,.T.);
#6419=DIRECTION('',(0.5670658556962285,0.0,-0.8236724563219923));
#6420=AXIS2_PLACEMENT_3D('',#5384,#475,#6419);
#6421=PLANE('',#6420);
#6422=EDGE_LOOP('',(#6416,#6417,#6418));
#6423=FACE_BOUND('',#6422,.T.);
#6424=ADVANCED_FACE('',(#6423),#6421,.T.);
#6425=LINE('',#5460,#4383);
#6426=EDGE_CURVE('',#5461,#5463,#6425,.T.);
#6427=DIRECTION('',(-0.9302690099982837,0.0,0.36687813921902346));
#6428=VECTOR('',#6427,1000.0);
#6429=LINE('',#5462,#6428);
#6430=EDGE_CURVE('',#5463,#5385,#6429,.T.);
#6431=DIRECTION('',(0.8685707922434929,0.0,-0.4955651106176778));
#6432=VECTOR('',#6431,1000.0);
#6433=LINE('',#5384,#6432);
#6434=EDGE_CURVE('',#5385,#5461,#6433,.T.);
#6435=ORIENTED_EDGE('',*,*,#6426,.T.);
#6436=ORIENTED_EDGE('',*,*,#6430,.T.);
#6437=ORIENTED_EDGE('',*,*,#6434,.T.);
#6438=AXIS2_PLACEMENT_3D('',#5460,#475,#4382);
#6439=PLANE('',#6438);
#6440=EDGE_LOOP('',(#6435,#6436,#6437));
#6441=FACE_BOUND('',#6440,.T.);
#6442=ADVANCED_FACE('',(#6441),#6439,.T.);
#6443=LINE('',#5462,#4352);
#6444=EDGE_CURVE('',#5463,#5465,#6443,.T.);
#6445=DIRECTION('',(-0.9681534783485493,0.0,0.2503574292119273));
#6446=VECTOR('',#6445,1000.0);
#6447=LINE('',#5464,#6446);
#6448=EDGE_CURVE('',#5465,#5385,#6447,.T.);
#6449=ORIENTED_EDGE('',*,*,#6430,.F.);
#6450=ORIENTED_EDGE('',*,*,#6444,.T.);
#6451=ORIENTED_EDGE('',*,*,#6448,.T.);
#6452=DIRECTION('',(0.9302690099982837,0.0,-0.36687813921902346));
#6453=AXIS2_PLACEMENT_3D('',#5384,#475,#6452);
#6454=PLANE('',#6453);
#6455=EDGE_LOOP('',(#6449,#6450,#6451));
#6456=FACE_BOUND('',#6455,.T.);
#6457=ADVANCED_FACE('',(#6456),#6454,.T.);
#6458=DIRECTION('',(-0.9937714926543438,0.0,0.11143706918057966));
#6459=VECTOR('',#6458,1000.0);
#6460=LINE('',#5466,#6459);
#6461=EDGE_CURVE('',#5467,#5469,#6460,.T.);
#6462=DIRECTION('',(0.9757247044403465,0.0,-0.21900068754412275));
#6463=VECTOR('',#6462,1000.0);
#6464=LINE('',#5468,#6463);
#6465=EDGE_CURVE('',#5469,#5471,#6464,.T.);
#6466=LINE('',#5470,#4220);
#6467=EDGE_CURVE('',#5471,#5467,#6466,.T.);
#6468=ORIENTED_EDGE('',*,*,#6461,.T.);
#6469=ORIENTED_EDGE('',*,*,#6465,.T.);
#6470=ORIENTED_EDGE('',*,*,#6467,.T.);
#6471=DIRECTION('',(-0.0,-1.0,-0.0));
#6472=DIRECTION('',(-0.9937714926543438,0.0,0.11143706918057966));
#6473=AXIS2_PLACEMENT_3D('',#5466,#6471,#6472);
#6474=PLANE('',#6473);
#6475=EDGE_LOOP('',(#6468,#6469,#6470));
#6476=FACE_BOUND('',#6475,.T.);
#6477=ADVANCED_FACE('',(#6476),#6474,.T.);
#6478=DIRECTION('',(0.9451188526211208,0.0,-0.32672672743461967));
#6479=VECTOR('',#6478,1000.0);
#6480=LINE('',#5468,#6479);
#6481=EDGE_CURVE('',#5469,#5473,#6480,.T.);
#6482=LINE('',#5472,#4253);
#6483=EDGE_CURVE('',#5473,#5471,#6482,.T.);
#6484=ORIENTED_EDGE('',*,*,#6465,.F.);
#6485=ORIENTED_EDGE('',*,*,#6481,.T.);
#6486=ORIENTED_EDGE('',*,*,#6483,.T.);
#6487=DIRECTION('',(-0.0,-1.0,-0.0));
#6488=DIRECTION('',(-0.9757247044403465,0.0,0.21900068754412275));
#6489=AXIS2_PLACEMENT_3D('',#5470,#6487,#6488);
#6490=PLANE('',#6489);
#6491=EDGE_LOOP('',(#6484,#6485,#6486));
#6492=FACE_BOUND('',#6491,.T.);
#6493=ADVANCED_FACE('',(#6492),#6490,.T.);
#6494=LINE('',#5464,#4319);
#6495=EDGE_CURVE('',#5465,#5475,#6494,.T.);
#6496=DIRECTION('',(-0.989746359706272,0.0,0.142836071943269));
#6497=VECTOR('',#6496,1000.0);
#6498=LINE('',#5474,#6497);
#6499=EDGE_CURVE('',#5475,#5385,#6498,.T.);
#6500=ORIENTED_EDGE('',*,*,#6495,.T.);
#6501=ORIENTED_EDGE('',*,*,#6499,.T.);
#6502=ORIENTED_EDGE('',*,*,#6448,.F.);
#6503=AXIS2_PLACEMENT_3D('',#5464,#475,#4318);
#6504=PLANE('',#6503);
#6505=EDGE_LOOP('',(#6500,#6501,#6502));
#6506=FACE_BOUND('',#6505,.T.);
#6507=ADVANCED_FACE('',(#6506),#6504,.T.);
#6508=LINE('',#5474,#4286);
#6509=EDGE_CURVE('',#5475,#5473,#6508,.T.);
#6510=DIRECTION('',(-0.9986166457616604,0.0,0.052581316146806646));
#6511=VECTOR('',#6510,1000.0);
#6512=LINE('',#5472,#6511);
#6513=EDGE_CURVE('',#5473,#5385,#6512,.T.);
#6514=ORIENTED_EDGE('',*,*,#6499,.F.);
#6515=ORIENTED_EDGE('',*,*,#6509,.T.);
#6516=ORIENTED_EDGE('',*,*,#6513,.T.);
#6517=DIRECTION('',(0.989746359706272,0.0,-0.142836071943269));
#6518=AXIS2_PLACEMENT_3D('',#5384,#475,#6517);
#6519=PLANE('',#6518);
#6520=EDGE_LOOP('',(#6514,#6515,#6516));
#6521=FACE_BOUND('',#6520,.T.);
#6522=ADVANCED_FACE('',(#6521),#6519,.T.);
#6523=DIRECTION('',(-0.984621067032452,0.0,0.1747036186112808));
#6524=VECTOR('',#6523,1000.0);
#6525=LINE('',#5472,#6524);
#6526=EDGE_CURVE('',#5473,#5477,#6525,.T.);
#6527=LINE('',#5476,#4448);
#6528=EDGE_CURVE('',#5477,#5385,#6527,.T.);
#6529=ORIENTED_EDGE('',*,*,#6513,.F.);
#6530=ORIENTED_EDGE('',*,*,#6526,.T.);
#6531=ORIENTED_EDGE('',*,*,#6528,.T.);
#6532=DIRECTION('',(0.9986166457616604,0.0,-0.052581316146806646));
#6533=AXIS2_PLACEMENT_3D('',#5384,#475,#6532);
#6534=PLANE('',#6533);
#6535=EDGE_LOOP('',(#6529,#6530,#6531));
#6536=FACE_BOUND('',#6535,.T.);
#6537=ADVANCED_FACE('',(#6536),#6534,.T.);
#6538=DIRECTION('',(-0.9938992478531176,0.0,-0.11029181799665422));
#6539=VECTOR('',#6538,1000.0);
#6540=LINE('',#5468,#6539);
#6541=EDGE_CURVE('',#5469,#5477,#6540,.T.);
#6542=ORIENTED_EDGE('',*,*,#6526,.F.);
#6543=ORIENTED_EDGE('',*,*,#6481,.F.);
#6544=ORIENTED_EDGE('',*,*,#6541,.T.);
#6545=DIRECTION('',(0.984621067032452,0.0,-0.1747036186112808));
#6546=AXIS2_PLACEMENT_3D('',#5476,#475,#6545);
#6547=PLANE('',#6546);
#6548=EDGE_LOOP('',(#6542,#6543,#6544));
#6549=FACE_BOUND('',#6548,.T.);
#6550=ADVANCED_FACE('',(#6549),#6547,.T.);
#6551=LINE('',#5478,#3275);
#6552=EDGE_CURVE('',#5479,#5481,#6551,.T.);
#6553=DIRECTION('',(-0.9998853323954361,0.0,-0.015143383389061136));
#6554=VECTOR('',#6553,1000.0);
#6555=LINE('',#5480,#6554);
#6556=EDGE_CURVE('',#5481,#5399,#6555,.T.);
#6557=DIRECTION('',(0.9996433850648038,0.0,-0.02670398277748631));
#6558=VECTOR('',#6557,1000.0);
#6559=LINE('',#5398,#6558);
#6560=EDGE_CURVE('',#5399,#5479,#6559,.T.);
#6561=ORIENTED_EDGE('',*,*,#6552,.T.);
#6562=ORIENTED_EDGE('',*,*,#6556,.T.);
#6563=ORIENTED_EDGE('',*,*,#6560,.T.);
#6564=AXIS2_PLACEMENT_3D('',#5478,#727,#3274);
#6565=PLANE('',#6564);
#6566=EDGE_LOOP('',(#6561,#6562,#6563));
#6567=FACE_BOUND('',#6566,.T.);
#6568=ADVANCED_FACE('',(#6567),#6565,.T.);
#6569=LINE('',#5480,#511);
#6570=EDGE_CURVE('',#5481,#5391,#6569,.T.);
#6571=DIRECTION('',(0.9999537374849228,0.0,-0.009618881948241755));
#6572=VECTOR('',#6571,1000.0);
#6573=LINE('',#5390,#6572);
#6574=EDGE_CURVE('',#5391,#5399,#6573,.T.);
#6575=ORIENTED_EDGE('',*,*,#6556,.F.);
#6576=ORIENTED_EDGE('',*,*,#6570,.T.);
#6577=ORIENTED_EDGE('',*,*,#6574,.T.);
#6578=DIRECTION('',(0.9998853323954361,0.0,0.015143383389061136));
#6579=AXIS2_PLACEMENT_3D('',#5398,#475,#6578);
#6580=PLANE('',#6579);
#6581=EDGE_LOOP('',(#6575,#6576,#6577));
#6582=FACE_BOUND('',#6581,.T.);
#6583=ADVANCED_FACE('',(#6582),#6580,.T.);
#6584=LINE('',#5436,#3495);
#6585=EDGE_CURVE('',#5437,#5483,#6584,.T.);
#6586=VECTOR('',#1312,1000.0);
#6587=LINE('',#5482,#6586);
#6588=EDGE_CURVE('',#5483,#5439,#6587,.T.);
#6589=ORIENTED_EDGE('',*,*,#6585,.T.);
#6590=ORIENTED_EDGE('',*,*,#6588,.T.);
#6591=ORIENTED_EDGE('',*,*,#6223,.F.);
#6592=AXIS2_PLACEMENT_3D('',#5436,#475,#3494);
#6593=PLANE('',#6592);
#6594=EDGE_LOOP('',(#6589,#6590,#6591));
#6595=FACE_BOUND('',#6594,.T.);
#6596=ADVANCED_FACE('',(#6595),#6593,.T.);
#6597=LINE('',#5482,#3528);
#6598=EDGE_CURVE('',#5483,#5485,#6597,.T.);
#6599=DIRECTION('',(0.7803329622895759,0.0,0.6253642682184322));
#6600=VECTOR('',#6599,1000.0);
#6601=LINE('',#5484,#6600);
#6602=EDGE_CURVE('',#5485,#5439,#6601,.T.);
#6603=ORIENTED_EDGE('',*,*,#6588,.F.);
#6604=ORIENTED_EDGE('',*,*,#6598,.T.);
#6605=ORIENTED_EDGE('',*,*,#6602,.T.);
#6606=DIRECTION('',(0.0,-1.0,-0.0));
#6607=DIRECTION('',(-0.8798223423004309,0.0,-0.475302688808914));
#6608=AXIS2_PLACEMENT_3D('',#5438,#6606,#6607);
#6609=PLANE('',#6608);
#6610=EDGE_LOOP('',(#6603,#6604,#6605));
#6611=FACE_BOUND('',#6610,.T.);
#6612=ADVANCED_FACE('',(#6611),#6609,.T.);
#6613=VECTOR('',#4813,1000.0);
#6614=LINE('',#5484,#6613);
#6615=EDGE_CURVE('',#5485,#5409,#6614,.T.);
#6616=LINE('',#5408,#1194);
#6617=EDGE_CURVE('',#5409,#5439,#6616,.T.);
#6618=ORIENTED_EDGE('',*,*,#6602,.F.);
#6619=ORIENTED_EDGE('',*,*,#6615,.T.);
#6620=ORIENTED_EDGE('',*,*,#6617,.T.);
#6621=DIRECTION('',(0.0,-1.0,-0.0));
#6622=DIRECTION('',(-0.7803329622895759,0.0,-0.6253642682184322));
#6623=AXIS2_PLACEMENT_3D('',#5438,#6621,#6622);
#6624=PLANE('',#6623);
#6625=EDGE_LOOP('',(#6618,#6619,#6620));
#6626=FACE_BOUND('',#6625,.T.);
#6627=ADVANCED_FACE('',(#6626),#6624,.T.);
#6628=LINE('',#5484,#3769);
#6629=EDGE_CURVE('',#5485,#5487,#6628,.T.);
#6630=DIRECTION('',(0.7852906794225916,0.0,-0.6191272476736948));
#6631=VECTOR('',#6630,1000.0);
#6632=LINE('',#5486,#6631);
#6633=EDGE_CURVE('',#5487,#5409,#6632,.T.);
#6634=ORIENTED_EDGE('',*,*,#6615,.F.);
#6635=ORIENTED_EDGE('',*,*,#6629,.T.);
#6636=ORIENTED_EDGE('',*,*,#6633,.T.);
#6637=AXIS2_PLACEMENT_3D('',#5408,#727,#4793);
#6638=PLANE('',#6637);
#6639=EDGE_LOOP('',(#6634,#6635,#6636));
#6640=FACE_BOUND('',#6639,.T.);
#6641=ADVANCED_FACE('',(#6640),#6638,.T.);
#6642=LINE('',#5486,#3739);
#6643=EDGE_CURVE('',#5487,#5405,#6642,.T.);
#6644=ORIENTED_EDGE('',*,*,#6633,.F.);
#6645=ORIENTED_EDGE('',*,*,#6643,.T.);
#6646=ORIENTED_EDGE('',*,*,#5991,.F.);
#6647=DIRECTION('',(-0.7852906794225916,0.0,0.6191272476736948));
#6648=AXIS2_PLACEMENT_3D('',#5408,#727,#6647);
#6649=PLANE('',#6648);
#6650=EDGE_LOOP('',(#6644,#6645,#6646));
#6651=FACE_BOUND('',#6650,.T.);
#6652=ADVANCED_FACE('',(#6651),#6649,.T.);
#6653=LINE('',#5458,#4029);
#6654=EDGE_CURVE('',#5459,#5489,#6653,.T.);
#6655=DIRECTION('',(-0.7313871958506944,0.0,0.681962440128236));
#6656=VECTOR('',#6655,1000.0);
#6657=LINE('',#5488,#6656);
#6658=EDGE_CURVE('',#5489,#5385,#6657,.T.);
#6659=ORIENTED_EDGE('',*,*,#6654,.T.);
#6660=ORIENTED_EDGE('',*,*,#6658,.T.);
#6661=ORIENTED_EDGE('',*,*,#6415,.F.);
#6662=AXIS2_PLACEMENT_3D('',#5458,#475,#4028);
#6663=PLANE('',#6662);
#6664=EDGE_LOOP('',(#6659,#6660,#6661));
#6665=FACE_BOUND('',#6664,.T.);
#6666=ADVANCED_FACE('',(#6665),#6663,.T.);
#6667=LINE('',#5488,#1829);
#6668=EDGE_CURVE('',#5489,#5491,#6667,.T.);
#6669=DIRECTION('',(-0.8162632431576482,0.0,0.5776801172532755));
#6670=VECTOR('',#6669,1000.0);
#6671=LINE('',#5490,#6670);
#6672=EDGE_CURVE('',#5491,#5385,#6671,.T.);
#6673=ORIENTED_EDGE('',*,*,#6658,.F.);
#6674=ORIENTED_EDGE('',*,*,#6668,.T.);
#6675=ORIENTED_EDGE('',*,*,#6672,.T.);
#6676=DIRECTION('',(0.7313871958506944,0.0,-0.681962440128236));
#6677=AXIS2_PLACEMENT_3D('',#5384,#475,#6676);
#6678=PLANE('',#6677);
#6679=EDGE_LOOP('',(#6673,#6674,#6675));
#6680=FACE_BOUND('',#6679,.T.);
#6681=ADVANCED_FACE('',(#6680),#6678,.T.);
#6682=LINE('',#5490,#3967);
#6683=EDGE_CURVE('',#5491,#5461,#6682,.T.);
#6684=ORIENTED_EDGE('',*,*,#6672,.F.);
#6685=ORIENTED_EDGE('',*,*,#6683,.T.);
#6686=ORIENTED_EDGE('',*,*,#6434,.F.);
#6687=DIRECTION('',(0.8162632431576482,0.0,-0.5776801172532755));
#6688=AXIS2_PLACEMENT_3D('',#5384,#475,#6687);
#6689=PLANE('',#6688);
#6690=EDGE_LOOP('',(#6684,#6685,#6686));
#6691=FACE_BOUND('',#6690,.T.);
#6692=ADVANCED_FACE('',(#6691),#6689,.T.);
#6693=LINE('',#5492,#1194);
#6694=EDGE_CURVE('',#5493,#5495,#6693,.T.);
#6695=DIRECTION('',(-0.7193962031108148,0.0,-0.694599958933013));
#6696=VECTOR('',#6695,1000.0);
#6697=LINE('',#5494,#6696);
#6698=EDGE_CURVE('',#5495,#5415,#6697,.T.);
#6699=LINE('',#5414,#492);
#6700=EDGE_CURVE('',#5415,#5493,#6699,.T.);
#6701=ORIENTED_EDGE('',*,*,#6694,.T.);
#6702=ORIENTED_EDGE('',*,*,#6698,.T.);
#6703=ORIENTED_EDGE('',*,*,#6700,.T.);
#6704=AXIS2_PLACEMENT_3D('',#5492,#727,#11);
#6705=PLANE('',#6704);
#6706=EDGE_LOOP('',(#6701,#6702,#6703));
#6707=FACE_BOUND('',#6706,.T.);
#6708=ADVANCED_FACE('',(#6707),#6705,.T.);
#6709=LINE('',#5494,#511);
#6710=EDGE_CURVE('',#5495,#5497,#6709,.T.);
#6711=DIRECTION('',(0.1414172975190966,0.0,-0.989950073469564));
#6712=VECTOR('',#6711,1000.0);
#6713=LINE('',#5496,#6712);
#6714=EDGE_CURVE('',#5497,#5415,#6713,.T.);
#6715=ORIENTED_EDGE('',*,*,#6698,.F.);
#6716=ORIENTED_EDGE('',*,*,#6710,.T.);
#6717=ORIENTED_EDGE('',*,*,#6714,.T.);
#6718=DIRECTION('',(0.7193962031108148,0.0,0.694599958933013));
#6719=AXIS2_PLACEMENT_3D('',#5414,#475,#6718);
#6720=PLANE('',#6719);
#6721=EDGE_LOOP('',(#6715,#6716,#6717));
#6722=FACE_BOUND('',#6721,.T.);
#6723=ADVANCED_FACE('',(#6722),#6720,.T.);
#6724=DIRECTION('',(-0.6441438785356602,0.0,0.764904349409151));
#6725=VECTOR('',#6724,1000.0);
#6726=LINE('',#5496,#6725);
#6727=EDGE_CURVE('',#5497,#5391,#6726,.T.);
#6728=ORIENTED_EDGE('',*,*,#6714,.F.);
#6729=ORIENTED_EDGE('',*,*,#6727,.T.);
#6730=ORIENTED_EDGE('',*,*,#6050,.F.);
#6731=DIRECTION('',(-0.1414172975190966,0.0,0.989950073469564));
#6732=AXIS2_PLACEMENT_3D('',#5414,#475,#6731);
#6733=PLANE('',#6732);
#6734=EDGE_LOOP('',(#6728,#6729,#6730));
#6735=FACE_BOUND('',#6734,.T.);
#6736=ADVANCED_FACE('',(#6735),#6733,.T.);
#6737=LINE('',#5496,#1194);
#6738=EDGE_CURVE('',#5497,#5499,#6737,.T.);
#6739=DIRECTION('',(-0.9980509859204076,0.0,0.062403761932292835));
#6740=VECTOR('',#6739,1000.0);
#6741=LINE('',#5498,#6740);
#6742=EDGE_CURVE('',#5499,#5391,#6741,.T.);
#6743=ORIENTED_EDGE('',*,*,#6727,.F.);
#6744=ORIENTED_EDGE('',*,*,#6738,.T.);
#6745=ORIENTED_EDGE('',*,*,#6742,.T.);
#6746=DIRECTION('',(0.6441438785356602,0.0,-0.764904349409151));
#6747=AXIS2_PLACEMENT_3D('',#5390,#475,#6746);
#6748=PLANE('',#6747);
#6749=EDGE_LOOP('',(#6743,#6744,#6745));
#6750=FACE_BOUND('',#6749,.T.);
#6751=ADVANCED_FACE('',(#6750),#6748,.T.);
#6752=LINE('',#5498,#492);
#6753=EDGE_CURVE('',#5499,#5399,#6752,.T.);
#6754=ORIENTED_EDGE('',*,*,#6742,.F.);
#6755=ORIENTED_EDGE('',*,*,#6753,.T.);
#6756=ORIENTED_EDGE('',*,*,#6574,.F.);
#6757=DIRECTION('',(0.9980509859204076,0.0,-0.062403761932292835));
#6758=AXIS2_PLACEMENT_3D('',#5390,#475,#6757);
#6759=PLANE('',#6758);
#6760=EDGE_LOOP('',(#6754,#6755,#6756));
#6761=FACE_BOUND('',#6760,.T.);
#6762=ADVANCED_FACE('',(#6761),#6759,.T.);
#6763=DIRECTION('',(-0.7701977272187005,0.0,0.6378051904673936));
#6764=VECTOR('',#6763,1000.0);
#6765=LINE('',#5412,#6764);
#6766=EDGE_CURVE('',#5413,#5399,#6765,.T.);
#6767=ORIENTED_EDGE('',*,*,#6034,.F.);
#6768=ORIENTED_EDGE('',*,*,#6766,.T.);
#6769=ORIENTED_EDGE('',*,*,#5958,.F.);
#6770=AXIS2_PLACEMENT_3D('',#5400,#475,#11);
#6771=PLANE('',#6770);
#6772=EDGE_LOOP('',(#6767,#6768,#6769));
#6773=FACE_BOUND('',#6772,.T.);
#6774=ADVANCED_FACE('',(#6773),#6771,.T.);
#6775=LINE('',#5412,#1194);
#6776=EDGE_CURVE('',#5413,#5501,#6775,.T.);
#6777=DIRECTION('',(-0.9664835906587936,0.0,0.2567283953661635));
#6778=VECTOR('',#6777,1000.0);
#6779=LINE('',#5500,#6778);
#6780=EDGE_CURVE('',#5501,#5399,#6779,.T.);
#6781=ORIENTED_EDGE('',*,*,#6766,.F.);
#6782=ORIENTED_EDGE('',*,*,#6776,.T.);
#6783=ORIENTED_EDGE('',*,*,#6780,.T.);
#6784=DIRECTION('',(0.7701977272187005,0.0,-0.6378051904673936));
#6785=AXIS2_PLACEMENT_3D('',#5398,#475,#6784);
#6786=PLANE('',#6785);
#6787=EDGE_LOOP('',(#6781,#6782,#6783));
#6788=FACE_BOUND('',#6787,.T.);
#6789=ADVANCED_FACE('',(#6788),#6786,.T.);
#6790=LINE('',#5500,#3203);
#6791=EDGE_CURVE('',#5501,#5479,#6790,.T.);
#6792=ORIENTED_EDGE('',*,*,#6780,.F.);
#6793=ORIENTED_EDGE('',*,*,#6791,.T.);
#6794=ORIENTED_EDGE('',*,*,#6560,.F.);
#6795=DIRECTION('',(0.9664835906587936,0.0,-0.2567283953661635));
#6796=AXIS2_PLACEMENT_3D('',#5398,#475,#6795);
#6797=PLANE('',#6796);
#6798=EDGE_LOOP('',(#6792,#6793,#6794));
#6799=FACE_BOUND('',#6798,.T.);
#6800=ADVANCED_FACE('',(#6799),#6797,.T.);
#6801=DIRECTION('',(0.7830791090280799,0.0,0.6219221084700144));
#6802=VECTOR('',#6801,1000.0);
#6803=LINE('',#5446,#6802);
#6804=EDGE_CURVE('',#5447,#5503,#6803,.T.);
#6805=DIRECTION('',(-0.7458490229983142,0.0,0.6661150312764754));
#6806=VECTOR('',#6805,1000.0);
#6807=LINE('',#5502,#6806);
#6808=EDGE_CURVE('',#5503,#5449,#6807,.T.);
#6809=ORIENTED_EDGE('',*,*,#6804,.T.);
#6810=ORIENTED_EDGE('',*,*,#6808,.T.);
#6811=ORIENTED_EDGE('',*,*,#6284,.F.);
#6812=AXIS2_PLACEMENT_3D('',#5446,#475,#6801);
#6813=PLANE('',#6812);
#6814=EDGE_LOOP('',(#6809,#6810,#6811));
#6815=FACE_BOUND('',#6814,.T.);
#6816=ADVANCED_FACE('',(#6815),#6813,.T.);
#6817=DIRECTION('',(0.90356489091979,0.0,0.4284512666536396));
#6818=VECTOR('',#6817,1000.0);
#6819=LINE('',#5502,#6818);
#6820=EDGE_CURVE('',#5503,#5505,#6819,.T.);
#6821=DIRECTION('',(-0.78811697337584,0.0,0.6155254960413138));
#6822=VECTOR('',#6821,1000.0);
#6823=LINE('',#5504,#6822);
#6824=EDGE_CURVE('',#5505,#5449,#6823,.T.);
#6825=ORIENTED_EDGE('',*,*,#6808,.F.);
#6826=ORIENTED_EDGE('',*,*,#6820,.T.);
#6827=ORIENTED_EDGE('',*,*,#6824,.T.);
#6828=DIRECTION('',(0.7458490229983142,0.0,-0.6661150312764754));
#6829=AXIS2_PLACEMENT_3D('',#5448,#475,#6828);
#6830=PLANE('',#6829);
#6831=EDGE_LOOP('',(#6825,#6826,#6827));
#6832=FACE_BOUND('',#6831,.T.);
#6833=ADVANCED_FACE('',(#6832),#6830,.T.);
#6834=DIRECTION('',(0.9771097883165464,0.0,0.21273566127002264));
#6835=VECTOR('',#6834,1000.0);
#6836=LINE('',#5504,#6835);
#6837=EDGE_CURVE('',#5505,#5357,#6836,.T.);
#6838=DIRECTION('',(-0.8193554159088372,0.0,0.5732858819305219));
#6839=VECTOR('',#6838,1000.0);
#6840=LINE('',#5356,#6839);
#6841=EDGE_CURVE('',#5357,#5449,#6840,.T.);
#6842=ORIENTED_EDGE('',*,*,#6824,.F.);
#6843=ORIENTED_EDGE('',*,*,#6837,.T.);
#6844=ORIENTED_EDGE('',*,*,#6841,.T.);
#6845=DIRECTION('',(0.78811697337584,0.0,-0.6155254960413138));
#6846=AXIS2_PLACEMENT_3D('',#5448,#475,#6845);
#6847=PLANE('',#6846);
#6848=EDGE_LOOP('',(#6842,#6843,#6844));
#6849=FACE_BOUND('',#6848,.T.);
#6850=ADVANCED_FACE('',(#6849),#6847,.T.);
#6851=LINE('',#5356,#1194);
#6852=EDGE_CURVE('',#5357,#5365,#6851,.T.);
#6853=DIRECTION('',(-0.9999993780693558,0.0,-0.001115285121213845));
#6854=VECTOR('',#6853,1000.0);
#6855=LINE('',#5364,#6854);
#6856=EDGE_CURVE('',#5365,#5449,#6855,.T.);
#6857=ORIENTED_EDGE('',*,*,#6852,.T.);
#6858=ORIENTED_EDGE('',*,*,#6856,.T.);
#6859=ORIENTED_EDGE('',*,*,#6841,.F.);
#6860=AXIS2_PLACEMENT_3D('',#5356,#727,#11);
#6861=PLANE('',#6860);
#6862=EDGE_LOOP('',(#6857,#6858,#6859));
#6863=FACE_BOUND('',#6862,.T.);
#6864=ADVANCED_FACE('',(#6863),#6861,.T.);
#6865=DIRECTION('',(0.9999816718342517,0.0,-0.006054419507686204));
#6866=VECTOR('',#6865,1000.0);
#6867=LINE('',#5368,#6866);
#6868=EDGE_CURVE('',#5369,#5449,#6867,.T.);
#6869=ORIENTED_EDGE('',*,*,#6856,.F.);
#6870=ORIENTED_EDGE('',*,*,#5745,.F.);
#6871=ORIENTED_EDGE('',*,*,#6868,.T.);
#6872=DIRECTION('',(0.9999993780693558,0.0,0.001115285121213845));
#6873=AXIS2_PLACEMENT_3D('',#5448,#475,#6872);
#6874=PLANE('',#6873);
#6875=EDGE_LOOP('',(#6869,#6870,#6871));
#6876=FACE_BOUND('',#6875,.T.);
#6877=ADVANCED_FACE('',(#6876),#6874,.T.);
#6878=DIRECTION('',(0.9999241726143769,0.0,-0.012314585719948506));
#6879=VECTOR('',#6878,1000.0);
#6880=LINE('',#5368,#6879);
#6881=EDGE_CURVE('',#5369,#5431,#6880,.T.);
#6882=LINE('',#5430,#492);
#6883=EDGE_CURVE('',#5431,#5449,#6882,.T.);
#6884=ORIENTED_EDGE('',*,*,#6868,.F.);
#6885=ORIENTED_EDGE('',*,*,#6881,.T.);
#6886=ORIENTED_EDGE('',*,*,#6883,.T.);
#6887=DIRECTION('',(-0.0,-1.0,-0.0));
#6888=DIRECTION('',(-0.9999816718342517,0.0,0.006054419507686204));
#6889=AXIS2_PLACEMENT_3D('',#5448,#6887,#6888);
#6890=PLANE('',#6889);
#6891=EDGE_LOOP('',(#6884,#6885,#6886));
#6892=FACE_BOUND('',#6891,.T.);
#6893=ADVANCED_FACE('',(#6892),#6890,.T.);
#6894=DIRECTION('',(0.994668338654009,0.0,-0.10312563250362912));
#6895=VECTOR('',#6894,1000.0);
#6896=LINE('',#5368,#6895);
#6897=EDGE_CURVE('',#5369,#5507,#6896,.T.);
#6898=DIRECTION('',(0.9999990940322689,0.0,0.00134608121643785));
#6899=VECTOR('',#6898,1000.0);
#6900=LINE('',#5506,#6899);
#6901=EDGE_CURVE('',#5507,#5431,#6900,.T.);
#6902=ORIENTED_EDGE('',*,*,#6881,.F.);
#6903=ORIENTED_EDGE('',*,*,#6897,.T.);
#6904=ORIENTED_EDGE('',*,*,#6901,.T.);
#6905=DIRECTION('',(-0.0,-1.0,-0.0));
#6906=DIRECTION('',(-0.9999241726143769,0.0,0.012314585719948506));
#6907=AXIS2_PLACEMENT_3D('',#5430,#6905,#6906);
#6908=PLANE('',#6907);
#6909=EDGE_LOOP('',(#6902,#6903,#6904));
#6910=FACE_BOUND('',#6909,.T.);
#6911=ADVANCED_FACE('',(#6910),#6908,.T.);
#6912=DIRECTION('',(0.9455656383404704,0.0,-0.3254314422267441));
#6913=VECTOR('',#6912,1000.0);
#6914=LINE('',#5506,#6913);
#6915=EDGE_CURVE('',#5507,#5427,#6914,.T.);
#6916=ORIENTED_EDGE('',*,*,#6901,.F.);
#6917=ORIENTED_EDGE('',*,*,#6915,.T.);
#6918=ORIENTED_EDGE('',*,*,#6163,.F.);
#6919=DIRECTION('',(0.0,-1.0,-0.0));
#6920=DIRECTION('',(-0.9999990940322689,0.0,-0.00134608121643785));
#6921=AXIS2_PLACEMENT_3D('',#5430,#6919,#6920);
#6922=PLANE('',#6921);
#6923=EDGE_LOOP('',(#6916,#6917,#6918));
#6924=FACE_BOUND('',#6923,.T.);
#6925=ADVANCED_FACE('',(#6924),#6922,.T.);
#6926=DIRECTION('',(0.0,0.0,-1.0));
#6927=VECTOR('',#6926,1000.0);
#6928=LINE('',#5508,#6927);
#6929=EDGE_CURVE('',#5509,#5511,#6928,.T.);
#6930=DIRECTION('',(0.9596589132868151,0.0,0.281166801292701));
#6931=VECTOR('',#6930,1000.0);
#6932=LINE('',#5510,#6931);
#6933=EDGE_CURVE('',#5511,#5363,#6932,.T.);
#6934=LINE('',#5362,#511);
#6935=EDGE_CURVE('',#5363,#5509,#6934,.T.);
#6936=ORIENTED_EDGE('',*,*,#6929,.T.);
#6937=ORIENTED_EDGE('',*,*,#6933,.T.);
#6938=ORIENTED_EDGE('',*,*,#6935,.T.);
#6939=DIRECTION('',(0.0,0.0,-1.0));
#6940=AXIS2_PLACEMENT_3D('',#5508,#475,#6939);
#6941=PLANE('',#6940);
#6942=EDGE_LOOP('',(#6936,#6937,#6938));
#6943=FACE_BOUND('',#6942,.T.);
#6944=ADVANCED_FACE('',(#6943),#6941,.T.);
#6945=LINE('',#5510,#492);
#6946=EDGE_CURVE('',#5511,#5391,#6945,.T.);
#6947=LINE('',#5390,#1194);
#6948=EDGE_CURVE('',#5391,#5363,#6947,.T.);
#6949=ORIENTED_EDGE('',*,*,#6933,.F.);
#6950=ORIENTED_EDGE('',*,*,#6946,.T.);
#6951=ORIENTED_EDGE('',*,*,#6948,.T.);
#6952=DIRECTION('',(0.0,-1.0,-0.0));
#6953=DIRECTION('',(-0.9596589132868151,0.0,-0.281166801292701));
#6954=AXIS2_PLACEMENT_3D('',#5362,#6952,#6953);
#6955=PLANE('',#6954);
#6956=EDGE_LOOP('',(#6949,#6950,#6951));
#6957=FACE_BOUND('',#6956,.T.);
#6958=ADVANCED_FACE('',(#6957),#6955,.T.);
#6959=DIRECTION('',(0.8704797859728924,0.0,0.4922041672035979));
#6960=VECTOR('',#6959,1000.0);
#6961=LINE('',#5390,#6960);
#6962=EDGE_CURVE('',#5391,#5371,#6961,.T.);
#6963=ORIENTED_EDGE('',*,*,#6948,.F.);
#6964=ORIENTED_EDGE('',*,*,#6962,.T.);
#6965=ORIENTED_EDGE('',*,*,#5758,.F.);
#6966=DIRECTION('',(0.0,0.0,-1.0));
#6967=AXIS2_PLACEMENT_3D('',#5362,#475,#6966);
#6968=PLANE('',#6967);
#6969=EDGE_LOOP('',(#6963,#6964,#6965));
#6970=FACE_BOUND('',#6969,.T.);
#6971=ADVANCED_FACE('',(#6970),#6968,.T.);
#6972=DIRECTION('',(0.8262346279235541,0.0,0.5633261396562619));
#6973=VECTOR('',#6972,1000.0);
#6974=LINE('',#5480,#6973);
#6975=EDGE_CURVE('',#5481,#5371,#6974,.T.);
#6976=ORIENTED_EDGE('',*,*,#6962,.F.);
#6977=ORIENTED_EDGE('',*,*,#6570,.F.);
#6978=ORIENTED_EDGE('',*,*,#6975,.T.);
#6979=DIRECTION('',(0.0,-1.0,-0.0));
#6980=DIRECTION('',(-0.8704797859728924,0.0,-0.4922041672035979));
#6981=AXIS2_PLACEMENT_3D('',#5370,#6979,#6980);
#6982=PLANE('',#6981);
#6983=EDGE_LOOP('',(#6976,#6977,#6978));
#6984=FACE_BOUND('',#6983,.T.);
#6985=ADVANCED_FACE('',(#6984),#6982,.T.);
#6986=LINE('',#5480,#3275);
#6987=EDGE_CURVE('',#5481,#5375,#6986,.T.);
#6988=ORIENTED_EDGE('',*,*,#6975,.F.);
#6989=ORIENTED_EDGE('',*,*,#6987,.T.);
#6990=ORIENTED_EDGE('',*,*,#5780,.F.);
#6991=DIRECTION('',(0.0,-1.0,-0.0));
#6992=DIRECTION('',(-0.8262346279235541,0.0,-0.5633261396562619));
#6993=AXIS2_PLACEMENT_3D('',#5370,#6991,#6992);
#6994=PLANE('',#6993);
#6995=EDGE_LOOP('',(#6988,#6989,#6990));
#6996=FACE_BOUND('',#6995,.T.);
#6997=ADVANCED_FACE('',(#6996),#6994,.T.);
#6998=LINE('',#5512,#492);
#6999=EDGE_CURVE('',#5513,#5515,#6998,.T.);
#7000=DIRECTION('',(0.9999804537047499,0.0,0.006252376223694887));
#7001=VECTOR('',#7000,1000.0);
#7002=LINE('',#5514,#7001);
#7003=EDGE_CURVE('',#5515,#5391,#7002,.T.);
#7004=DIRECTION('',(-0.999985220310896,0.0,-0.005436833616079416));
#7005=VECTOR('',#7004,1000.0);
#7006=LINE('',#5390,#7005);
#7007=EDGE_CURVE('',#5391,#5513,#7006,.T.);
#7008=ORIENTED_EDGE('',*,*,#6999,.T.);
#7009=ORIENTED_EDGE('',*,*,#7003,.T.);
#7010=ORIENTED_EDGE('',*,*,#7007,.T.);
#7011=AXIS2_PLACEMENT_3D('',#5512,#475,#12);
#7012=PLANE('',#7011);
#7013=EDGE_LOOP('',(#7008,#7009,#7010));
#7014=FACE_BOUND('',#7013,.T.);
#7015=ADVANCED_FACE('',(#7014),#7012,.T.);
#7016=DIRECTION('',(-0.28135679756322984,0.0,0.959603226581155));
#7017=VECTOR('',#7016,1000.0);
#7018=LINE('',#5392,#7017);
#7019=EDGE_CURVE('',#5393,#5517,#7018,.T.);
#7020=DIRECTION('',(-0.9468228382578671,0.0,-0.3217553619651378));
#7021=VECTOR('',#7020,1000.0);
#7022=LINE('',#5516,#7021);
#7023=EDGE_CURVE('',#5517,#5519,#7022,.T.);
#7024=LINE('',#5518,#492);
#7025=EDGE_CURVE('',#5519,#5393,#7024,.T.);
#7026=ORIENTED_EDGE('',*,*,#7019,.T.);
#7027=ORIENTED_EDGE('',*,*,#7023,.T.);
#7028=ORIENTED_EDGE('',*,*,#7025,.T.);
#7029=AXIS2_PLACEMENT_3D('',#5392,#727,#7016);
#7030=PLANE('',#7029);
#7031=EDGE_LOOP('',(#7026,#7027,#7028));
#7032=FACE_BOUND('',#7031,.T.);
#7033=ADVANCED_FACE('',(#7032),#7030,.T.);
#7034=LINE('',#5516,#511);
#7035=EDGE_CURVE('',#5517,#5521,#7034,.T.);
#7036=DIRECTION('',(-0.945841951898272,0.0,-0.32462748193778473));
#7037=VECTOR('',#7036,1000.0);
#7038=LINE('',#5520,#7037);
#7039=EDGE_CURVE('',#5521,#5519,#7038,.T.);
#7040=ORIENTED_EDGE('',*,*,#7023,.F.);
#7041=ORIENTED_EDGE('',*,*,#7035,.T.);
#7042=ORIENTED_EDGE('',*,*,#7039,.T.);
#7043=DIRECTION('',(0.9468228382578671,0.0,0.3217553619651378));
#7044=AXIS2_PLACEMENT_3D('',#5518,#475,#7043);
#7045=PLANE('',#7044);
#7046=EDGE_LOOP('',(#7040,#7041,#7042));
#7047=FACE_BOUND('',#7046,.T.);
#7048=ADVANCED_FACE('',(#7047),#7045,.T.);
#7049=DIRECTION('',(-0.997214645314739,0.0,0.07458519403875791));
#7050=VECTOR('',#7049,1000.0);
#7051=LINE('',#5520,#7050);
#7052=EDGE_CURVE('',#5521,#5511,#7051,.T.);
#7053=DIRECTION('',(0.0,0.0,-1.0));
#7054=VECTOR('',#7053,1000.0);
#7055=LINE('',#5510,#7054);
#7056=EDGE_CURVE('',#5511,#5519,#7055,.T.);
#7057=ORIENTED_EDGE('',*,*,#7039,.F.);
#7058=ORIENTED_EDGE('',*,*,#7052,.T.);
#7059=ORIENTED_EDGE('',*,*,#7056,.T.);
#7060=DIRECTION('',(0.945841951898272,0.0,0.32462748193778473));
#7061=AXIS2_PLACEMENT_3D('',#5518,#475,#7060);
#7062=PLANE('',#7061);
#7063=EDGE_LOOP('',(#7057,#7058,#7059));
#7064=FACE_BOUND('',#7063,.T.);
#7065=ADVANCED_FACE('',(#7064),#7062,.T.);
#7066=LINE('',#5520,#455);
#7067=EDGE_CURVE('',#5521,#5523,#7066,.T.);
#7068=DIRECTION('',(-0.9999998909448564,0.0,0.00046702277806337256));
#7069=VECTOR('',#7068,1000.0);
#7070=LINE('',#5522,#7069);
#7071=EDGE_CURVE('',#5523,#5511,#7070,.T.);
#7072=ORIENTED_EDGE('',*,*,#7052,.F.);
#7073=ORIENTED_EDGE('',*,*,#7067,.T.);
#7074=ORIENTED_EDGE('',*,*,#7071,.T.);
#7075=DIRECTION('',(0.997214645314739,0.0,-0.07458519403875791));
#7076=AXIS2_PLACEMENT_3D('',#5510,#475,#7075);
#7077=PLANE('',#7076);
#7078=EDGE_LOOP('',(#7072,#7073,#7074));
#7079=FACE_BOUND('',#7078,.T.);
#7080=ADVANCED_FACE('',(#7079),#7077,.T.);
#7081=DIRECTION('',(0.9999947251278587,0.0,0.0032480327058810638));
#7082=VECTOR('',#7081,1000.0);
#7083=LINE('',#5522,#7082);
#7084=EDGE_CURVE('',#5523,#5391,#7083,.T.);
#7085=ORIENTED_EDGE('',*,*,#7071,.F.);
#7086=ORIENTED_EDGE('',*,*,#7084,.T.);
#7087=ORIENTED_EDGE('',*,*,#6946,.F.);
#7088=DIRECTION('',(0.9999998909448564,0.0,-0.00046702277806337256));
#7089=AXIS2_PLACEMENT_3D('',#5510,#475,#7088);
#7090=PLANE('',#7089);
#7091=EDGE_LOOP('',(#7085,#7086,#7087));
#7092=FACE_BOUND('',#7091,.T.);
#7093=ADVANCED_FACE('',(#7092),#7090,.T.);
#7094=LINE('',#5522,#492);
#7095=EDGE_CURVE('',#5523,#5525,#7094,.T.);
#7096=DIRECTION('',(0.9999937959498025,0.0,0.0035225078998757245));
#7097=VECTOR('',#7096,1000.0);
#7098=LINE('',#5524,#7097);
#7099=EDGE_CURVE('',#5525,#5391,#7098,.T.);
#7100=ORIENTED_EDGE('',*,*,#7084,.F.);
#7101=ORIENTED_EDGE('',*,*,#7095,.T.);
#7102=ORIENTED_EDGE('',*,*,#7099,.T.);
#7103=DIRECTION('',(0.0,-1.0,-0.0));
#7104=DIRECTION('',(-0.9999947251278587,0.0,-0.0032480327058810638));
#7105=AXIS2_PLACEMENT_3D('',#5390,#7103,#7104);
#7106=PLANE('',#7105);
#7107=EDGE_LOOP('',(#7100,#7101,#7102));
#7108=FACE_BOUND('',#7107,.T.);
#7109=ADVANCED_FACE('',(#7108),#7106,.T.);
#7110=LINE('',#5524,#492);
#7111=EDGE_CURVE('',#5525,#5513,#7110,.T.);
#7112=ORIENTED_EDGE('',*,*,#7099,.F.);
#7113=ORIENTED_EDGE('',*,*,#7111,.T.);
#7114=ORIENTED_EDGE('',*,*,#7007,.F.);
#7115=DIRECTION('',(0.0,-1.0,-0.0));
#7116=DIRECTION('',(-0.9999937959498025,0.0,-0.0035225078998757245));
#7117=AXIS2_PLACEMENT_3D('',#5390,#7115,#7116);
#7118=PLANE('',#7117);
#7119=EDGE_LOOP('',(#7112,#7113,#7114));
#7120=FACE_BOUND('',#7119,.T.);
#7121=ADVANCED_FACE('',(#7120),#7118,.T.);
#7122=LINE('',#5524,#525);
#7123=EDGE_CURVE('',#5525,#5527,#7122,.T.);
#7124=DIRECTION('',(0.8756507519877172,0.0,0.48294488354608905));
#7125=VECTOR('',#7124,1000.0);
#7126=LINE('',#5526,#7125);
#7127=EDGE_CURVE('',#5527,#5513,#7126,.T.);
#7128=ORIENTED_EDGE('',*,*,#7111,.F.);
#7129=ORIENTED_EDGE('',*,*,#7123,.T.);
#7130=ORIENTED_EDGE('',*,*,#7127,.T.);
#7131=DIRECTION('',(-0.0,-1.0,-0.0));
#7132=AXIS2_PLACEMENT_3D('',#5512,#7131,#510);
#7133=PLANE('',#7132);
#7134=EDGE_LOOP('',(#7128,#7129,#7130));
#7135=FACE_BOUND('',#7134,.T.);
#7136=ADVANCED_FACE('',(#7135),#7133,.T.);
#7137=LINE('',#5526,#492);
#7138=EDGE_CURVE('',#5527,#5529,#7137,.T.);
#7139=LINE('',#5528,#586);
#7140=EDGE_CURVE('',#5529,#5513,#7139,.T.);
#7141=ORIENTED_EDGE('',*,*,#7127,.F.);
#7142=ORIENTED_EDGE('',*,*,#7138,.T.);
#7143=ORIENTED_EDGE('',*,*,#7140,.T.);
#7144=DIRECTION('',(0.0,-1.0,-0.0));
#7145=DIRECTION('',(-0.8756507519877172,0.0,-0.48294488354608905));
#7146=AXIS2_PLACEMENT_3D('',#5512,#7144,#7145);
#7147=PLANE('',#7146);
#7148=EDGE_LOOP('',(#7141,#7142,#7143));
#7149=FACE_BOUND('',#7148,.T.);
#7150=ADVANCED_FACE('',(#7149),#7147,.T.);
#7151=DIRECTION('',(0.0,0.0,-1.0));
#7152=VECTOR('',#7151,1000.0);
#7153=LINE('',#5390,#7152);
#7154=EDGE_CURVE('',#5391,#5393,#7153,.T.);
#7155=ORIENTED_EDGE('',*,*,#5886,.F.);
#7156=ORIENTED_EDGE('',*,*,#7154,.T.);
#7157=ORIENTED_EDGE('',*,*,#5898,.F.);
#7158=DIRECTION('',(-0.0,-1.0,-0.0));
#7159=DIRECTION('',(-0.12032989414376623,0.0,0.992733960623565));
#7160=AXIS2_PLACEMENT_3D('',#5386,#7158,#7159);
#7161=PLANE('',#7160);
#7162=EDGE_LOOP('',(#7155,#7156,#7157));
#7163=FACE_BOUND('',#7162,.T.);
#7164=ADVANCED_FACE('',(#7163),#7161,.T.);
#7165=DIRECTION('',(-0.0965157902778937,0.0,-0.9953314534500723));
#7166=VECTOR('',#7165,1000.0);
#7167=LINE('',#5390,#7166);
#7168=EDGE_CURVE('',#5391,#5531,#7167,.T.);
#7169=DIRECTION('',(0.021126665980594147,0.0,-0.9997768070847335));
#7170=VECTOR('',#7169,1000.0);
#7171=LINE('',#5530,#7170);
#7172=EDGE_CURVE('',#5531,#5393,#7171,.T.);
#7173=ORIENTED_EDGE('',*,*,#7154,.F.);
#7174=ORIENTED_EDGE('',*,*,#7168,.T.);
#7175=ORIENTED_EDGE('',*,*,#7172,.T.);
#7176=AXIS2_PLACEMENT_3D('',#5392,#727,#11);
#7177=PLANE('',#7176);
#7178=EDGE_LOOP('',(#7173,#7174,#7175));
#7179=FACE_BOUND('',#7178,.T.);
#7180=ADVANCED_FACE('',(#7179),#7177,.T.);
#7181=LINE('',#5530,#511);
#7182=EDGE_CURVE('',#5531,#5533,#7181,.T.);
#7183=DIRECTION('',(0.08198085222185345,0.0,-0.9966339046354878));
#7184=VECTOR('',#7183,1000.0);
#7185=LINE('',#5532,#7184);
#7186=EDGE_CURVE('',#5533,#5393,#7185,.T.);
#7187=ORIENTED_EDGE('',*,*,#7172,.F.);
#7188=ORIENTED_EDGE('',*,*,#7182,.T.);
#7189=ORIENTED_EDGE('',*,*,#7186,.T.);
#7190=DIRECTION('',(-0.021126665980594147,0.0,0.9997768070847335));
#7191=AXIS2_PLACEMENT_3D('',#5392,#475,#7190);
#7192=PLANE('',#7191);
#7193=EDGE_LOOP('',(#7187,#7188,#7189));
#7194=FACE_BOUND('',#7193,.T.);
#7195=ADVANCED_FACE('',(#7194),#7192,.T.);
#7196=LINE('',#5534,#1354);
#7197=EDGE_CURVE('',#5535,#5537,#7196,.T.);
#7198=DIRECTION('',(-0.930828484668065,0.0,-0.36545633409554407));
#7199=VECTOR('',#7198,1000.0);
#7200=LINE('',#5536,#7199);
#7201=EDGE_CURVE('',#5537,#5517,#7200,.T.);
#7202=DIRECTION('',(0.9773762058783436,0.0,0.2115082792300424));
#7203=VECTOR('',#7202,1000.0);
#7204=LINE('',#5516,#7203);
#7205=EDGE_CURVE('',#5517,#5535,#7204,.T.);
#7206=ORIENTED_EDGE('',*,*,#7197,.T.);
#7207=ORIENTED_EDGE('',*,*,#7201,.T.);
#7208=ORIENTED_EDGE('',*,*,#7205,.T.);
#7209=AXIS2_PLACEMENT_3D('',#5534,#727,#1353);
#7210=PLANE('',#7209);
#7211=EDGE_LOOP('',(#7206,#7207,#7208));
#7212=FACE_BOUND('',#7211,.T.);
#7213=ADVANCED_FACE('',(#7212),#7210,.T.);
#7214=LINE('',#5536,#1321);
#7215=EDGE_CURVE('',#5537,#5539,#7214,.T.);
#7216=DIRECTION('',(-0.8546864996964683,0.0,-0.5191444762651328));
#7217=VECTOR('',#7216,1000.0);
#7218=LINE('',#5538,#7217);
#7219=EDGE_CURVE('',#5539,#5517,#7218,.T.);
#7220=ORIENTED_EDGE('',*,*,#7201,.F.);
#7221=ORIENTED_EDGE('',*,*,#7215,.T.);
#7222=ORIENTED_EDGE('',*,*,#7219,.T.);
#7223=DIRECTION('',(0.930828484668065,0.0,0.36545633409554407));
#7224=AXIS2_PLACEMENT_3D('',#5516,#475,#7223);
#7225=PLANE('',#7224);
#7226=EDGE_LOOP('',(#7220,#7221,#7222));
#7227=FACE_BOUND('',#7226,.T.);
#7228=ADVANCED_FACE('',(#7227),#7225,.T.);
#7229=LINE('',#5540,#1642);
#7230=EDGE_CURVE('',#5541,#5543,#7229,.T.);
#7231=DIRECTION('',(-0.6989649171760495,0.0,0.7151559582056759));
#7232=VECTOR('',#7231,1000.0);
#7233=LINE('',#5542,#7232);
#7234=EDGE_CURVE('',#5543,#5515,#7233,.T.);
#7235=DIRECTION('',(0.40971137099301286,0.0,-0.9122152117121407));
#7236=VECTOR('',#7235,1000.0);
#7237=LINE('',#5514,#7236);
#7238=EDGE_CURVE('',#5515,#5541,#7237,.T.);
#7239=ORIENTED_EDGE('',*,*,#7230,.T.);
#7240=ORIENTED_EDGE('',*,*,#7234,.T.);
#7241=ORIENTED_EDGE('',*,*,#7238,.T.);
#7242=AXIS2_PLACEMENT_3D('',#5540,#475,#1641);
#7243=PLANE('',#7242);
#7244=EDGE_LOOP('',(#7239,#7240,#7241));
#7245=FACE_BOUND('',#7244,.T.);
#7246=ADVANCED_FACE('',(#7245),#7243,.T.);
#7247=LINE('',#5542,#1610);
#7248=EDGE_CURVE('',#5543,#5545,#7247,.T.);
#7249=DIRECTION('',(-0.9276025330234238,0.0,0.37356865597708816));
#7250=VECTOR('',#7249,1000.0);
#7251=LINE('',#5544,#7250);
#7252=EDGE_CURVE('',#5545,#5515,#7251,.T.);
#7253=ORIENTED_EDGE('',*,*,#7234,.F.);
#7254=ORIENTED_EDGE('',*,*,#7248,.T.);
#7255=ORIENTED_EDGE('',*,*,#7252,.T.);
#7256=DIRECTION('',(0.6989649171760495,0.0,-0.7151559582056759));
#7257=AXIS2_PLACEMENT_3D('',#5514,#475,#7256);
#7258=PLANE('',#7257);
#7259=EDGE_LOOP('',(#7253,#7254,#7255));
#7260=FACE_BOUND('',#7259,.T.);
#7261=ADVANCED_FACE('',(#7260),#7258,.T.);
#7262=LINE('',#5544,#1578);
#7263=EDGE_CURVE('',#5545,#5547,#7262,.T.);
#7264=DIRECTION('',(-0.9925274390917095,0.0,0.12202164828444576));
#7265=VECTOR('',#7264,1000.0);
#7266=LINE('',#5546,#7265);
#7267=EDGE_CURVE('',#5547,#5515,#7266,.T.);
#7268=ORIENTED_EDGE('',*,*,#7252,.F.);
#7269=ORIENTED_EDGE('',*,*,#7263,.T.);
#7270=ORIENTED_EDGE('',*,*,#7267,.T.);
#7271=DIRECTION('',(0.9276025330234238,0.0,-0.37356865597708816));
#7272=AXIS2_PLACEMENT_3D('',#5514,#475,#7271);
#7273=PLANE('',#7272);
#7274=EDGE_LOOP('',(#7268,#7269,#7270));
#7275=FACE_BOUND('',#7274,.T.);
#7276=ADVANCED_FACE('',(#7275),#7273,.T.);
#7277=LINE('',#5532,#1484);
#7278=EDGE_CURVE('',#5533,#5549,#7277,.T.);
#7279=VECTOR('',#4146,1000.0);
#7280=LINE('',#5548,#7279);
#7281=EDGE_CURVE('',#5549,#5393,#7280,.T.);
#7282=ORIENTED_EDGE('',*,*,#7278,.T.);
#7283=ORIENTED_EDGE('',*,*,#7281,.T.);
#7284=ORIENTED_EDGE('',*,*,#7186,.F.);
#7285=DIRECTION('',(-0.0,-1.0,-0.0));
#7286=AXIS2_PLACEMENT_3D('',#5532,#7285,#1483);
#7287=PLANE('',#7286);
#7288=EDGE_LOOP('',(#7282,#7283,#7284));
#7289=FACE_BOUND('',#7288,.T.);
#7290=ADVANCED_FACE('',(#7289),#7287,.T.);
#7291=LINE('',#5548,#1453);
#7292=EDGE_CURVE('',#5549,#5551,#7291,.T.);
#7293=DIRECTION('',(0.13593807968920452,0.0,-0.9907173353133635));
#7294=VECTOR('',#7293,1000.0);
#7295=LINE('',#5550,#7294);
#7296=EDGE_CURVE('',#5551,#5393,#7295,.T.);
#7297=ORIENTED_EDGE('',*,*,#7281,.F.);
#7298=ORIENTED_EDGE('',*,*,#7292,.T.);
#7299=ORIENTED_EDGE('',*,*,#7296,.T.);
#7300=DIRECTION('',(-0.11245321023813201,0.0,0.9936570210626695));
#7301=AXIS2_PLACEMENT_3D('',#5392,#475,#7300);
#7302=PLANE('',#7301);
#7303=EDGE_LOOP('',(#7297,#7298,#7299));
#7304=FACE_BOUND('',#7303,.T.);
#7305=ADVANCED_FACE('',(#7304),#7302,.T.);
#7306=DIRECTION('',(-0.9968666361692466,0.0,-0.07910063016569956));
#7307=VECTOR('',#7306,1000.0);
#7308=LINE('',#5550,#7307);
#7309=EDGE_CURVE('',#5551,#5517,#7308,.T.);
#7310=ORIENTED_EDGE('',*,*,#7296,.F.);
#7311=ORIENTED_EDGE('',*,*,#7309,.T.);
#7312=ORIENTED_EDGE('',*,*,#7019,.F.);
#7313=DIRECTION('',(-0.13593807968920452,0.0,0.9907173353133635));
#7314=AXIS2_PLACEMENT_3D('',#5392,#727,#7313);
#7315=PLANE('',#7314);
#7316=EDGE_LOOP('',(#7310,#7311,#7312));
#7317=FACE_BOUND('',#7316,.T.);
#7318=ADVANCED_FACE('',(#7317),#7315,.T.);
#7319=LINE('',#5550,#1420);
#7320=EDGE_CURVE('',#5551,#5553,#7319,.T.);
#7321=LINE('',#5552,#5172);
#7322=EDGE_CURVE('',#5553,#5517,#7321,.T.);
#7323=ORIENTED_EDGE('',*,*,#7309,.F.);
#7324=ORIENTED_EDGE('',*,*,#7320,.T.);
#7325=ORIENTED_EDGE('',*,*,#7322,.T.);
#7326=DIRECTION('',(0.9968666361692466,0.0,0.07910063016569956));
#7327=AXIS2_PLACEMENT_3D('',#5516,#475,#7326);
#7328=PLANE('',#7327);
#7329=EDGE_LOOP('',(#7323,#7324,#7325));
#7330=FACE_BOUND('',#7329,.T.);
#7331=ADVANCED_FACE('',(#7330),#7328,.T.);
#7332=LINE('',#5552,#1387);
#7333=EDGE_CURVE('',#5553,#5535,#7332,.T.);
#7334=ORIENTED_EDGE('',*,*,#7322,.F.);
#7335=ORIENTED_EDGE('',*,*,#7333,.T.);
#7336=ORIENTED_EDGE('',*,*,#7205,.F.);
#7337=AXIS2_PLACEMENT_3D('',#5516,#475,#5187);
#7338=PLANE('',#7337);
#7339=EDGE_LOOP('',(#7334,#7335,#7336));
#7340=FACE_BOUND('',#7339,.T.);
#7341=ADVANCED_FACE('',(#7340),#7338,.T.);
#7342=LINE('',#5546,#884);
#7343=EDGE_CURVE('',#5547,#5555,#7342,.T.);
#7344=DIRECTION('',(-0.9997494815620874,0.0,0.022382451079749874));
#7345=VECTOR('',#7344,1000.0);
#7346=LINE('',#5554,#7345);
#7347=EDGE_CURVE('',#5555,#5515,#7346,.T.);
#7348=ORIENTED_EDGE('',*,*,#7343,.T.);
#7349=ORIENTED_EDGE('',*,*,#7347,.T.);
#7350=ORIENTED_EDGE('',*,*,#7267,.F.);
#7351=AXIS2_PLACEMENT_3D('',#5546,#475,#883);
#7352=PLANE('',#7351);
#7353=EDGE_LOOP('',(#7348,#7349,#7350));
#7354=FACE_BOUND('',#7353,.T.);
#7355=ADVANCED_FACE('',(#7354),#7352,.T.);
#7356=LINE('',#5554,#1517);
#7357=EDGE_CURVE('',#5555,#5557,#7356,.T.);
#7358=LINE('',#5556,#511);
#7359=EDGE_CURVE('',#5557,#5515,#7358,.T.);
#7360=ORIENTED_EDGE('',*,*,#7347,.F.);
#7361=ORIENTED_EDGE('',*,*,#7357,.T.);
#7362=ORIENTED_EDGE('',*,*,#7359,.T.);
#7363=DIRECTION('',(0.9997494815620874,0.0,-0.022382451079749874));
#7364=AXIS2_PLACEMENT_3D('',#5514,#475,#7363);
#7365=PLANE('',#7364);
#7366=EDGE_LOOP('',(#7360,#7361,#7362));
#7367=FACE_BOUND('',#7366,.T.);
#7368=ADVANCED_FACE('',(#7367),#7365,.T.);
#7369=DIRECTION('',(0.9998637429337659,0.0,0.016507439731233));
#7370=VECTOR('',#7369,1000.0);
#7371=LINE('',#5556,#7370);
#7372=EDGE_CURVE('',#5557,#5391,#7371,.T.);
#7373=ORIENTED_EDGE('',*,*,#7359,.F.);
#7374=ORIENTED_EDGE('',*,*,#7372,.T.);
#7375=ORIENTED_EDGE('',*,*,#7003,.F.);
#7376=AXIS2_PLACEMENT_3D('',#5514,#475,#12);
#7377=PLANE('',#7376);
#7378=EDGE_LOOP('',(#7373,#7374,#7375));
#7379=FACE_BOUND('',#7378,.T.);
#7380=ADVANCED_FACE('',(#7379),#7377,.T.);
#7381=LINE('',#5556,#492);
#7382=EDGE_CURVE('',#5557,#5559,#7381,.T.);
#7383=DIRECTION('',(0.9980509859204076,0.0,0.062403761932292835));
#7384=VECTOR('',#7383,1000.0);
#7385=LINE('',#5558,#7384);
#7386=EDGE_CURVE('',#5559,#5391,#7385,.T.);
#7387=ORIENTED_EDGE('',*,*,#7372,.F.);
#7388=ORIENTED_EDGE('',*,*,#7382,.T.);
#7389=ORIENTED_EDGE('',*,*,#7386,.T.);
#7390=DIRECTION('',(0.0,-1.0,-0.0));
#7391=DIRECTION('',(-0.9998637429337659,0.0,-0.016507439731233));
#7392=AXIS2_PLACEMENT_3D('',#5390,#7390,#7391);
#7393=PLANE('',#7392);
#7394=EDGE_LOOP('',(#7387,#7388,#7389));
#7395=FACE_BOUND('',#7394,.T.);
#7396=ADVANCED_FACE('',(#7395),#7393,.T.);
#7397=DIRECTION('',(0.0,0.0,-1.0));
#7398=VECTOR('',#7397,1000.0);
#7399=LINE('',#5558,#7398);
#7400=EDGE_CURVE('',#5559,#5531,#7399,.T.);
#7401=ORIENTED_EDGE('',*,*,#7386,.F.);
#7402=ORIENTED_EDGE('',*,*,#7400,.T.);
#7403=ORIENTED_EDGE('',*,*,#7168,.F.);
#7404=DIRECTION('',(0.0,-1.0,-0.0));
#7405=DIRECTION('',(-0.9980509859204076,0.0,-0.062403761932292835));
#7406=AXIS2_PLACEMENT_3D('',#5390,#7404,#7405);
#7407=PLANE('',#7406);
#7408=EDGE_LOOP('',(#7401,#7402,#7403));
#7409=FACE_BOUND('',#7408,.T.);
#7410=ADVANCED_FACE('',(#7409),#7407,.T.);
#7411=LINE('',#5538,#1288);
#7412=EDGE_CURVE('',#5539,#5561,#7411,.T.);
#7413=DIRECTION('',(-0.7589725785153764,0.0,-0.651122588351626));
#7414=VECTOR('',#7413,1000.0);
#7415=LINE('',#5560,#7414);
#7416=EDGE_CURVE('',#5561,#5517,#7415,.T.);
#7417=ORIENTED_EDGE('',*,*,#7412,.T.);
#7418=ORIENTED_EDGE('',*,*,#7416,.T.);
#7419=ORIENTED_EDGE('',*,*,#7219,.F.);
#7420=AXIS2_PLACEMENT_3D('',#5538,#727,#1287);
#7421=PLANE('',#7420);
#7422=EDGE_LOOP('',(#7417,#7418,#7419));
#7423=FACE_BOUND('',#7422,.T.);
#7424=ADVANCED_FACE('',(#7423),#7421,.T.);
#7425=LINE('',#5560,#1255);
#7426=EDGE_CURVE('',#5561,#5563,#7425,.T.);
#7427=DIRECTION('',(-0.6793236663762907,0.0,-0.7338387808647578));
#7428=VECTOR('',#7427,1000.0);
#7429=LINE('',#5562,#7428);
#7430=EDGE_CURVE('',#5563,#5517,#7429,.T.);
#7431=ORIENTED_EDGE('',*,*,#7416,.F.);
#7432=ORIENTED_EDGE('',*,*,#7426,.T.);
#7433=ORIENTED_EDGE('',*,*,#7430,.T.);
#7434=DIRECTION('',(0.7589725785153764,0.0,0.651122588351626));
#7435=AXIS2_PLACEMENT_3D('',#5516,#475,#7434);
#7436=PLANE('',#7435);
#7437=EDGE_LOOP('',(#7431,#7432,#7433));
#7438=FACE_BOUND('',#7437,.T.);
#7439=ADVANCED_FACE('',(#7438),#7436,.T.);
#7440=VECTOR('',#6731,1000.0);
#7441=LINE('',#5562,#7440);
#7442=EDGE_CURVE('',#5563,#5515,#7441,.T.);
#7443=LINE('',#5514,#643);
#7444=EDGE_CURVE('',#5515,#5517,#7443,.T.);
#7445=ORIENTED_EDGE('',*,*,#7430,.F.);
#7446=ORIENTED_EDGE('',*,*,#7442,.T.);
#7447=ORIENTED_EDGE('',*,*,#7444,.T.);
#7448=DIRECTION('',(0.6793236663762907,0.0,0.7338387808647578));
#7449=AXIS2_PLACEMENT_3D('',#5516,#475,#7448);
#7450=PLANE('',#7449);
#7451=EDGE_LOOP('',(#7445,#7446,#7447));
#7452=FACE_BOUND('',#7451,.T.);
#7453=ADVANCED_FACE('',(#7452),#7450,.T.);
#7454=LINE('',#5562,#1704);
#7455=EDGE_CURVE('',#5563,#5565,#7454,.T.);
#7456=DIRECTION('',(-0.2243615097275709,0.0,0.974505984051799));
#7457=VECTOR('',#7456,1000.0);
#7458=LINE('',#5564,#7457);
#7459=EDGE_CURVE('',#5565,#5515,#7458,.T.);
#7460=ORIENTED_EDGE('',*,*,#7442,.F.);
#7461=ORIENTED_EDGE('',*,*,#7455,.T.);
#7462=ORIENTED_EDGE('',*,*,#7459,.T.);
#7463=AXIS2_PLACEMENT_3D('',#5514,#475,#6711);
#7464=PLANE('',#7463);
#7465=EDGE_LOOP('',(#7460,#7461,#7462));
#7466=FACE_BOUND('',#7465,.T.);
#7467=ADVANCED_FACE('',(#7466),#7464,.T.);
#7468=LINE('',#5564,#1674);
#7469=EDGE_CURVE('',#5565,#5541,#7468,.T.);
#7470=ORIENTED_EDGE('',*,*,#7459,.F.);
#7471=ORIENTED_EDGE('',*,*,#7469,.T.);
#7472=ORIENTED_EDGE('',*,*,#7238,.F.);
#7473=DIRECTION('',(0.2243615097275709,0.0,-0.974505984051799));
#7474=AXIS2_PLACEMENT_3D('',#5514,#475,#7473);
#7475=PLANE('',#7474);
#7476=EDGE_LOOP('',(#7470,#7471,#7472));
#7477=FACE_BOUND('',#7476,.T.);
#7478=ADVANCED_FACE('',(#7477),#7475,.T.);
#7479=DIRECTION('',(-0.5751301368208636,0.0,-0.8180619326923939));
#7480=VECTOR('',#7479,1000.0);
#7481=LINE('',#5566,#7480);
#7482=EDGE_CURVE('',#5567,#5569,#7481,.T.);
#7483=DIRECTION('',(0.575911370746989,0.0,-0.8175121363284609));
#7484=VECTOR('',#7483,1000.0);
#7485=LINE('',#5568,#7484);
#7486=EDGE_CURVE('',#5569,#5571,#7485,.T.);
#7487=DIRECTION('',(-0.5404332519830202,0.0,0.8413868908837702));
#7488=VECTOR('',#7487,1000.0);
#7489=LINE('',#5570,#7488);
#7490=EDGE_CURVE('',#5571,#5567,#7489,.T.);
#7491=ORIENTED_EDGE('',*,*,#7482,.T.);
#7492=ORIENTED_EDGE('',*,*,#7486,.T.);
#7493=ORIENTED_EDGE('',*,*,#7490,.T.);
#7494=DIRECTION('',(0.0,-1.0,-0.0));
#7495=DIRECTION('',(-0.5751301368208636,0.0,-0.8180619326923939));
#7496=AXIS2_PLACEMENT_3D('',#5566,#7494,#7495);
#7497=PLANE('',#7496);
#7498=EDGE_LOOP('',(#7491,#7492,#7493));
#7499=FACE_BOUND('',#7498,.T.);
#7500=ADVANCED_FACE('',(#7499),#7497,.T.);
#7501=DIRECTION('',(-0.756449036439311,0.0,-0.6540526395253198));
#7502=VECTOR('',#7501,1000.0);
#7503=LINE('',#5568,#7502);
#7504=EDGE_CURVE('',#5569,#5573,#7503,.T.);
#7505=DIRECTION('',(0.6129895972611121,0.0,-0.7900909780839541));
#7506=VECTOR('',#7505,1000.0);
#7507=LINE('',#5572,#7506);
#7508=EDGE_CURVE('',#5573,#5571,#7507,.T.);
#7509=ORIENTED_EDGE('',*,*,#7486,.F.);
#7510=ORIENTED_EDGE('',*,*,#7504,.T.);
#7511=ORIENTED_EDGE('',*,*,#7508,.T.);
#7512=DIRECTION('',(-0.575911370746989,0.0,0.8175121363284609));
#7513=AXIS2_PLACEMENT_3D('',#5570,#727,#7512);
#7514=PLANE('',#7513);
#7515=EDGE_LOOP('',(#7509,#7510,#7511));
#7516=FACE_BOUND('',#7515,.T.);
#7517=ADVANCED_FACE('',(#7516),#7514,.T.);
#7518=DIRECTION('',(0.10455254337132082,0.0,-0.9945193641526483));
#7519=VECTOR('',#7518,1000.0);
#7520=LINE('',#5572,#7519);
#7521=EDGE_CURVE('',#5573,#5575,#7520,.T.);
#7522=LINE('',#5574,#492);
#7523=EDGE_CURVE('',#5575,#5571,#7522,.T.);
#7524=ORIENTED_EDGE('',*,*,#7508,.F.);
#7525=ORIENTED_EDGE('',*,*,#7521,.T.);
#7526=ORIENTED_EDGE('',*,*,#7523,.T.);
#7527=DIRECTION('',(-0.0,-1.0,-0.0));
#7528=DIRECTION('',(-0.6129895972611121,0.0,0.7900909780839541));
#7529=AXIS2_PLACEMENT_3D('',#5570,#7527,#7528);
#7530=PLANE('',#7529);
#7531=EDGE_LOOP('',(#7524,#7525,#7526));
#7532=FACE_BOUND('',#7531,.T.);
#7533=ADVANCED_FACE('',(#7532),#7530,.T.);
#7534=DIRECTION('',(-0.8925460691122081,0.0,-0.4509562223900956));
#7535=VECTOR('',#7534,1000.0);
#7536=LINE('',#5572,#7535);
#7537=EDGE_CURVE('',#5573,#5577,#7536,.T.);
#7538=DIRECTION('',(0.15967098156231765,0.0,-0.9871702880693514));
#7539=VECTOR('',#7538,1000.0);
#7540=LINE('',#5576,#7539);
#7541=EDGE_CURVE('',#5577,#5575,#7540,.T.);
#7542=ORIENTED_EDGE('',*,*,#7521,.F.);
#7543=ORIENTED_EDGE('',*,*,#7537,.T.);
#7544=ORIENTED_EDGE('',*,*,#7541,.T.);
#7545=DIRECTION('',(-0.10455254337132082,0.0,0.9945193641526483));
#7546=AXIS2_PLACEMENT_3D('',#5574,#727,#7545);
#7547=PLANE('',#7546);
#7548=EDGE_LOOP('',(#7542,#7543,#7544));
#7549=FACE_BOUND('',#7548,.T.);
#7550=ADVANCED_FACE('',(#7549),#7547,.T.);
#7551=DIRECTION('',(0.15654411818780087,0.0,-0.9876709670030825));
#7552=VECTOR('',#7551,1000.0);
#7553=LINE('',#5576,#7552);
#7554=EDGE_CURVE('',#5577,#5579,#7553,.T.);
#7555=DIRECTION('',(0.2127147156765567,0.0,-0.9771143483414015));
#7556=VECTOR('',#7555,1000.0);
#7557=LINE('',#5578,#7556);
#7558=EDGE_CURVE('',#5579,#5575,#7557,.T.);
#7559=ORIENTED_EDGE('',*,*,#7541,.F.);
#7560=ORIENTED_EDGE('',*,*,#7554,.T.);
#7561=ORIENTED_EDGE('',*,*,#7558,.T.);
#7562=DIRECTION('',(-0.0,-1.0,-0.0));
#7563=DIRECTION('',(-0.15967098156231765,0.0,0.9871702880693514));
#7564=AXIS2_PLACEMENT_3D('',#5574,#7562,#7563);
#7565=PLANE('',#7564);
#7566=EDGE_LOOP('',(#7559,#7560,#7561));
#7567=FACE_BOUND('',#7566,.T.);
#7568=ADVANCED_FACE('',(#7567),#7565,.T.);
#7569=DIRECTION('',(0.0,0.0,-1.0));
#7570=VECTOR('',#7569,1000.0);
#7571=LINE('',#5580,#7570);
#7572=EDGE_CURVE('',#5581,#5583,#7571,.T.);
#7573=DIRECTION('',(0.07515121060352534,0.0,0.9971721494029125));
#7574=VECTOR('',#7573,1000.0);
#7575=LINE('',#5582,#7574);
#7576=EDGE_CURVE('',#5583,#5577,#7575,.T.);
#7577=DIRECTION('',(-0.9753043229444655,0.0,-0.220865292986105));
#7578=VECTOR('',#7577,1000.0);
#7579=LINE('',#5576,#7578);
#7580=EDGE_CURVE('',#5577,#5581,#7579,.T.);
#7581=ORIENTED_EDGE('',*,*,#7572,.T.);
#7582=ORIENTED_EDGE('',*,*,#7576,.T.);
#7583=ORIENTED_EDGE('',*,*,#7580,.T.);
#7584=DIRECTION('',(0.0,0.0,-1.0));
#7585=AXIS2_PLACEMENT_3D('',#5580,#475,#7584);
#7586=PLANE('',#7585);
#7587=EDGE_LOOP('',(#7581,#7582,#7583));
#7588=FACE_BOUND('',#7587,.T.);
#7589=ADVANCED_FACE('',(#7588),#7586,.T.);
#7590=DIRECTION('',(0.9771097883165464,0.0,-0.21273566127002264));
#7591=VECTOR('',#7590,1000.0);
#7592=LINE('',#5582,#7591);
#7593=EDGE_CURVE('',#5583,#5585,#7592,.T.);
#7594=DIRECTION('',(0.004905754636290323,0.0,0.9999879667133242));
#7595=VECTOR('',#7594,1000.0);
#7596=LINE('',#5584,#7595);
#7597=EDGE_CURVE('',#5585,#5577,#7596,.T.);
#7598=ORIENTED_EDGE('',*,*,#7576,.F.);
#7599=ORIENTED_EDGE('',*,*,#7593,.T.);
#7600=ORIENTED_EDGE('',*,*,#7597,.T.);
#7601=DIRECTION('',(0.0,-1.0,-0.0));
#7602=DIRECTION('',(-0.07515121060352534,0.0,-0.9971721494029125));
#7603=AXIS2_PLACEMENT_3D('',#5576,#7601,#7602);
#7604=PLANE('',#7603);
#7605=EDGE_LOOP('',(#7598,#7599,#7600));
#7606=FACE_BOUND('',#7605,.T.);
#7607=ADVANCED_FACE('',(#7606),#7604,.T.);
#7608=DIRECTION('',(0.90356489091979,0.0,-0.4284512666536396));
#7609=VECTOR('',#7608,1000.0);
#7610=LINE('',#5584,#7609);
#7611=EDGE_CURVE('',#5585,#5587,#7610,.T.);
#7612=DIRECTION('',(-0.057357237003960254,0.0,0.9983537185603466));
#7613=VECTOR('',#7612,1000.0);
#7614=LINE('',#5586,#7613);
#7615=EDGE_CURVE('',#5587,#5577,#7614,.T.);
#7616=ORIENTED_EDGE('',*,*,#7597,.F.);
#7617=ORIENTED_EDGE('',*,*,#7611,.T.);
#7618=ORIENTED_EDGE('',*,*,#7615,.T.);
#7619=DIRECTION('',(0.0,-1.0,-0.0));
#7620=DIRECTION('',(-0.004905754636290323,0.0,-0.9999879667133242));
#7621=AXIS2_PLACEMENT_3D('',#5576,#7619,#7620);
#7622=PLANE('',#7621);
#7623=EDGE_LOOP('',(#7616,#7617,#7618));
#7624=FACE_BOUND('',#7623,.T.);
#7625=ADVANCED_FACE('',(#7624),#7622,.T.);
#7626=DIRECTION('',(-0.5100854448441955,0.0,0.8601237346789701));
#7627=VECTOR('',#7626,1000.0);
#7628=LINE('',#5570,#7627);
#7629=EDGE_CURVE('',#5571,#5589,#7628,.T.);
#7630=DIRECTION('',(-0.35942442512874445,0.0,-0.9331741973612813));
#7631=VECTOR('',#7630,1000.0);
#7632=LINE('',#5588,#7631);
#7633=EDGE_CURVE('',#5589,#5567,#7632,.T.);
#7634=ORIENTED_EDGE('',*,*,#7490,.F.);
#7635=ORIENTED_EDGE('',*,*,#7629,.T.);
#7636=ORIENTED_EDGE('',*,*,#7633,.T.);
#7637=DIRECTION('',(0.5404332519830202,0.0,-0.8413868908837702));
#7638=AXIS2_PLACEMENT_3D('',#5566,#475,#7637);
#7639=PLANE('',#7638);
#7640=EDGE_LOOP('',(#7634,#7635,#7636));
#7641=FACE_BOUND('',#7640,.T.);
#7642=ADVANCED_FACE('',(#7641),#7639,.T.);
#7643=LINE('',#5570,#1194);
#7644=EDGE_CURVE('',#5571,#5591,#7643,.T.);
#7645=DIRECTION('',(-0.9963214851226163,0.0,-0.08569421382487884));
#7646=VECTOR('',#7645,1000.0);
#7647=LINE('',#5590,#7646);
#7648=EDGE_CURVE('',#5591,#5589,#7647,.T.);
#7649=ORIENTED_EDGE('',*,*,#7629,.F.);
#7650=ORIENTED_EDGE('',*,*,#7644,.T.);
#7651=ORIENTED_EDGE('',*,*,#7648,.T.);
#7652=DIRECTION('',(0.5100854448441955,0.0,-0.8601237346789701));
#7653=AXIS2_PLACEMENT_3D('',#5588,#475,#7652);
#7654=PLANE('',#7653);
#7655=EDGE_LOOP('',(#7649,#7650,#7651));
#7656=FACE_BOUND('',#7655,.T.);
#7657=ADVANCED_FACE('',(#7656),#7654,.T.);
#7658=LINE('',#5590,#511);
#7659=EDGE_CURVE('',#5591,#5593,#7658,.T.);
#7660=DIRECTION('',(-0.12225251778906952,0.0,-0.9924990286616069));
#7661=VECTOR('',#7660,1000.0);
#7662=LINE('',#5592,#7661);
#7663=EDGE_CURVE('',#5593,#5589,#7662,.T.);
#7664=ORIENTED_EDGE('',*,*,#7648,.F.);
#7665=ORIENTED_EDGE('',*,*,#7659,.T.);
#7666=ORIENTED_EDGE('',*,*,#7663,.T.);
#7667=DIRECTION('',(0.9963214851226163,0.0,0.08569421382487884));
#7668=AXIS2_PLACEMENT_3D('',#5588,#475,#7667);
#7669=PLANE('',#7668);
#7670=EDGE_LOOP('',(#7664,#7665,#7666));
#7671=FACE_BOUND('',#7670,.T.);
#7672=ADVANCED_FACE('',(#7671),#7669,.T.);
#7673=DIRECTION('',(0.7830791090280799,0.0,-0.6219221084700144));
#7674=VECTOR('',#7673,1000.0);
#7675=LINE('',#5586,#7674);
#7676=EDGE_CURVE('',#5587,#5595,#7675,.T.);
#7677=DIRECTION('',(-0.10619208444704484,0.0,0.9943456346767918));
#7678=VECTOR('',#7677,1000.0);
#7679=LINE('',#5594,#7678);
#7680=EDGE_CURVE('',#5595,#5577,#7679,.T.);
#7681=ORIENTED_EDGE('',*,*,#7676,.T.);
#7682=ORIENTED_EDGE('',*,*,#7680,.T.);
#7683=ORIENTED_EDGE('',*,*,#7615,.F.);
#7684=DIRECTION('',(0.7830791090280799,0.0,-0.6219221084700144));
#7685=AXIS2_PLACEMENT_3D('',#5586,#475,#7684);
#7686=PLANE('',#7685);
#7687=EDGE_LOOP('',(#7681,#7682,#7683));
#7688=FACE_BOUND('',#7687,.T.);
#7689=ADVANCED_FACE('',(#7688),#7686,.T.);
#7690=DIRECTION('',(0.621922108470015,0.0,-0.7830791090280796));
#7691=VECTOR('',#7690,1000.0);
#7692=LINE('',#5594,#7691);
#7693=EDGE_CURVE('',#5595,#5597,#7692,.T.);
#7694=DIRECTION('',(-0.13922062302767044,0.0,0.9902613887877217));
#7695=VECTOR('',#7694,1000.0);
#7696=LINE('',#5596,#7695);
#7697=EDGE_CURVE('',#5597,#5577,#7696,.T.);
#7698=ORIENTED_EDGE('',*,*,#7680,.F.);
#7699=ORIENTED_EDGE('',*,*,#7693,.T.);
#7700=ORIENTED_EDGE('',*,*,#7697,.T.);
#7701=DIRECTION('',(0.10619208444704484,0.0,-0.9943456346767918));
#7702=AXIS2_PLACEMENT_3D('',#5576,#475,#7701);
#7703=PLANE('',#7702);
#7704=EDGE_LOOP('',(#7698,#7699,#7700));
#7705=FACE_BOUND('',#7704,.T.);
#7706=ADVANCED_FACE('',(#7705),#7703,.T.);
#7707=DIRECTION('',(0.42846917732065,0.0,-0.903556397844742));
#7708=VECTOR('',#7707,1000.0);
#7709=LINE('',#5596,#7708);
#7710=EDGE_CURVE('',#5597,#5579,#7709,.T.);
#7711=ORIENTED_EDGE('',*,*,#7697,.F.);
#7712=ORIENTED_EDGE('',*,*,#7710,.T.);
#7713=ORIENTED_EDGE('',*,*,#7554,.F.);
#7714=AXIS2_PLACEMENT_3D('',#5576,#475,#3264);
#7715=PLANE('',#7714);
#7716=EDGE_LOOP('',(#7711,#7712,#7713));
#7717=FACE_BOUND('',#7716,.T.);
#7718=ADVANCED_FACE('',(#7717),#7715,.T.);
#7719=LINE('',#5356,#463);
#7720=EDGE_CURVE('',#5357,#5351,#7719,.T.);
#7721=DIRECTION('',(0.0,-0.7936349734821116,0.6083942215915991));
#7722=VECTOR('',#7721,1000.0);
#7723=LINE('',#5350,#7722);
#7724=EDGE_CURVE('',#5351,#5365,#7723,.T.);
#7725=ORIENTED_EDGE('',*,*,#7720,.T.);
#7726=ORIENTED_EDGE('',*,*,#7724,.T.);
#7727=ORIENTED_EDGE('',*,*,#6852,.F.);
#7728=DIRECTION('',(1.0,0.0,-0.0));
#7729=AXIS2_PLACEMENT_3D('',#5356,#7728,#462);
#7730=PLANE('',#7729);
#7731=EDGE_LOOP('',(#7725,#7726,#7727));
#7732=FACE_BOUND('',#7731,.T.);
#7733=ADVANCED_FACE('',(#7732),#7730,.T.);
#7734=LINE('',#5350,#1194);
#7735=EDGE_CURVE('',#5351,#5353,#7734,.T.);
#7736=DIRECTION('',(0.0,-0.902429368444547,-0.4308378290827954));
#7737=VECTOR('',#7736,1000.0);
#7738=LINE('',#5352,#7737);
#7739=EDGE_CURVE('',#5353,#5365,#7738,.T.);
#7740=ORIENTED_EDGE('',*,*,#7724,.F.);
#7741=ORIENTED_EDGE('',*,*,#7735,.T.);
#7742=ORIENTED_EDGE('',*,*,#7739,.T.);
#7743=DIRECTION('',(0.0,0.7936349734821116,-0.6083942215915991));
#7744=AXIS2_PLACEMENT_3D('',#5364,#5296,#7743);
#7745=PLANE('',#7744);
#7746=EDGE_LOOP('',(#7740,#7741,#7742));
#7747=FACE_BOUND('',#7746,.T.);
#7748=ADVANCED_FACE('',(#7747),#7745,.T.);
#7749=LINE('',#5352,#476);
#7750=EDGE_CURVE('',#5353,#5355,#7749,.T.);
#7751=ORIENTED_EDGE('',*,*,#7739,.F.);
#7752=ORIENTED_EDGE('',*,*,#7750,.T.);
#7753=ORIENTED_EDGE('',*,*,#5723,.F.);
#7754=DIRECTION('',(1.0,0.0,-0.0));
#7755=DIRECTION('',(0.0,0.902429368444547,0.4308378290827954));
#7756=AXIS2_PLACEMENT_3D('',#5364,#7754,#7755);
#7757=PLANE('',#7756);
#7758=EDGE_LOOP('',(#7751,#7752,#7753));
#7759=FACE_BOUND('',#7758,.T.);
#7760=ADVANCED_FACE('',(#7759),#7757,.T.);
#7761=LINE('',#5574,#463);
#7762=EDGE_CURVE('',#5575,#5599,#7761,.T.);
#7763=DIRECTION('',(0.745512378723951,-0.6664917802714119,0.0));
#7764=VECTOR('',#7763,1000.0);
#7765=LINE('',#5598,#7764);
#7766=EDGE_CURVE('',#5599,#5571,#7765,.T.);
#7767=ORIENTED_EDGE('',*,*,#7523,.F.);
#7768=ORIENTED_EDGE('',*,*,#7762,.T.);
#7769=ORIENTED_EDGE('',*,*,#7766,.T.);
#7770=DIRECTION('',(0.0,0.0,-1.0));
#7771=AXIS2_PLACEMENT_3D('',#5570,#7770,#510);
#7772=PLANE('',#7771);
#7773=EDGE_LOOP('',(#7767,#7768,#7769));
#7774=FACE_BOUND('',#7773,.T.);
#7775=ADVANCED_FACE('',(#7774),#7772,.T.);
#7776=LINE('',#5518,#476);
#7777=EDGE_CURVE('',#5519,#5601,#7776,.T.);
#7778=LINE('',#5600,#511);
#7779=EDGE_CURVE('',#5601,#5603,#7778,.T.);
#7780=DIRECTION('',(0.9987977957336374,0.049020028943556095,0.0));
#7781=VECTOR('',#7780,1000.0);
#7782=LINE('',#5602,#7781);
#7783=EDGE_CURVE('',#5603,#5519,#7782,.T.);
#7784=ORIENTED_EDGE('',*,*,#7777,.T.);
#7785=ORIENTED_EDGE('',*,*,#7779,.T.);
#7786=ORIENTED_EDGE('',*,*,#7783,.T.);
#7787=DIRECTION('',(-0.0,-0.0,-1.0));
#7788=AXIS2_PLACEMENT_3D('',#5518,#7787,#475);
#7789=PLANE('',#7788);
#7790=EDGE_LOOP('',(#7784,#7785,#7786));
#7791=FACE_BOUND('',#7790,.T.);
#7792=ADVANCED_FACE('',(#7791),#7789,.T.);
#7793=LINE('',#5602,#463);
#7794=EDGE_CURVE('',#5603,#5571,#7793,.T.);
#7795=LINE('',#5570,#492);
#7796=EDGE_CURVE('',#5571,#5519,#7795,.T.);
#7797=ORIENTED_EDGE('',*,*,#7794,.T.);
#7798=ORIENTED_EDGE('',*,*,#7796,.T.);
#7799=ORIENTED_EDGE('',*,*,#7783,.F.);
#7800=DIRECTION('',(0.0,0.0,-1.0));
#7801=AXIS2_PLACEMENT_3D('',#5602,#7800,#462);
#7802=PLANE('',#7801);
#7803=EDGE_LOOP('',(#7797,#7798,#7799));
#7804=FACE_BOUND('',#7803,.T.);
#7805=ADVANCED_FACE('',(#7804),#7802,.T.);
#7806=DIRECTION('',(0.8364203388989506,-0.5480885117170078,0.0));
#7807=VECTOR('',#7806,1000.0);
#7808=LINE('',#5598,#7807);
#7809=EDGE_CURVE('',#5599,#5519,#7808,.T.);
#7810=ORIENTED_EDGE('',*,*,#7796,.F.);
#7811=ORIENTED_EDGE('',*,*,#7766,.F.);
#7812=ORIENTED_EDGE('',*,*,#7809,.T.);
#7813=DIRECTION('',(0.0,0.0,-1.0));
#7814=AXIS2_PLACEMENT_3D('',#5518,#7813,#510);
#7815=PLANE('',#7814);
#7816=EDGE_LOOP('',(#7810,#7811,#7812));
#7817=FACE_BOUND('',#7816,.T.);
#7818=ADVANCED_FACE('',(#7817),#7815,.T.);
#7819=DIRECTION('',(0.9763290424278558,-0.21629054744002635,0.0));
#7820=VECTOR('',#7819,1000.0);
#7821=LINE('',#5598,#7820);
#7822=EDGE_CURVE('',#5599,#5393,#7821,.T.);
#7823=ORIENTED_EDGE('',*,*,#7809,.F.);
#7824=ORIENTED_EDGE('',*,*,#7822,.T.);
#7825=ORIENTED_EDGE('',*,*,#7025,.F.);
#7826=DIRECTION('',(0.0,0.0,-1.0));
#7827=DIRECTION('',(-0.8364203388989506,0.5480885117170078,0.0));
#7828=AXIS2_PLACEMENT_3D('',#5518,#7826,#7827);
#7829=PLANE('',#7828);
#7830=EDGE_LOOP('',(#7823,#7824,#7825));
#7831=FACE_BOUND('',#7830,.T.);
#7832=ADVANCED_FACE('',(#7831),#7829,.T.);
#7833=LINE('',#5598,#492);
#7834=EDGE_CURVE('',#5599,#5349,#7833,.T.);
#7835=DIRECTION('',(-0.7601846198576976,-0.6497071215030721,0.0));
#7836=VECTOR('',#7835,1000.0);
#7837=LINE('',#5348,#7836);
#7838=EDGE_CURVE('',#5349,#5393,#7837,.T.);
#7839=ORIENTED_EDGE('',*,*,#7822,.F.);
#7840=ORIENTED_EDGE('',*,*,#7834,.T.);
#7841=ORIENTED_EDGE('',*,*,#7838,.T.);
#7842=DIRECTION('',(0.0,0.0,-1.0));
#7843=DIRECTION('',(-0.9763290424278558,0.21629054744002635,0.0));
#7844=AXIS2_PLACEMENT_3D('',#5392,#7842,#7843);
#7845=PLANE('',#7844);
#7846=EDGE_LOOP('',(#7839,#7840,#7841));
#7847=FACE_BOUND('',#7846,.T.);
#7848=ADVANCED_FACE('',(#7847),#7845,.T.);
#7849=LINE('',#5348,#476);
#7850=EDGE_CURVE('',#5349,#5359,#7849,.T.);
#7851=ORIENTED_EDGE('',*,*,#7838,.F.);
#7852=ORIENTED_EDGE('',*,*,#7850,.T.);
#7853=ORIENTED_EDGE('',*,*,#5915,.F.);
#7854=DIRECTION('',(0.0,0.0,-1.0));
#7855=DIRECTION('',(0.7601846198576976,0.6497071215030721,0.0));
#7856=AXIS2_PLACEMENT_3D('',#5392,#7854,#7855);
#7857=PLANE('',#7856);
#7858=EDGE_LOOP('',(#7851,#7852,#7853));
#7859=FACE_BOUND('',#7858,.T.);
#7860=ADVANCED_FACE('',(#7859),#7857,.T.);
#7861=DIRECTION('',(0.0,0.0,-1.0));
#7862=VECTOR('',#7861,1000.0);
#7863=LINE('',#5604,#7862);
#7864=EDGE_CURVE('',#5605,#5607,#7863,.T.);
#7865=DIRECTION('',(0.0,-0.6265233915121567,0.7794026173218209));
#7866=VECTOR('',#7865,1000.0);
#7867=LINE('',#5606,#7866);
#7868=EDGE_CURVE('',#5607,#5581,#7867,.T.);
#7869=LINE('',#5580,#463);
#7870=EDGE_CURVE('',#5581,#5605,#7869,.T.);
#7871=ORIENTED_EDGE('',*,*,#7864,.T.);
#7872=ORIENTED_EDGE('',*,*,#7868,.T.);
#7873=ORIENTED_EDGE('',*,*,#7870,.T.);
#7874=DIRECTION('',(0.0,0.0,-1.0));
#7875=AXIS2_PLACEMENT_3D('',#5604,#1185,#7874);
#7876=PLANE('',#7875);
#7877=EDGE_LOOP('',(#7871,#7872,#7873));
#7878=FACE_BOUND('',#7877,.T.);
#7879=ADVANCED_FACE('',(#7878),#7876,.T.);
#7880=LINE('',#5606,#476);
#7881=EDGE_CURVE('',#5607,#5583,#7880,.T.);
#7882=ORIENTED_EDGE('',*,*,#7868,.F.);
#7883=ORIENTED_EDGE('',*,*,#7881,.T.);
#7884=ORIENTED_EDGE('',*,*,#7572,.F.);
#7885=DIRECTION('',(0.0,0.6265233915121567,-0.7794026173218209));
#7886=AXIS2_PLACEMENT_3D('',#5580,#1185,#7885);
#7887=PLANE('',#7886);
#7888=EDGE_LOOP('',(#7882,#7883,#7884));
#7889=FACE_BOUND('',#7888,.T.);
#7890=ADVANCED_FACE('',(#7889),#7887,.T.);
#7891=LINE('',#5608,#492);
#7892=EDGE_CURVE('',#5609,#5611,#7891,.T.);
#7893=DIRECTION('',(-0.9987977957336374,0.049020028943556095,0.0));
#7894=VECTOR('',#7893,1000.0);
#7895=LINE('',#5610,#7894);
#7896=EDGE_CURVE('',#5611,#5591,#7895,.T.);
#7897=LINE('',#5590,#476);
#7898=EDGE_CURVE('',#5591,#5609,#7897,.T.);
#7899=ORIENTED_EDGE('',*,*,#7892,.T.);
#7900=ORIENTED_EDGE('',*,*,#7896,.T.);
#7901=ORIENTED_EDGE('',*,*,#7898,.T.);
#7902=DIRECTION('',(0.0,-0.0,1.0));
#7903=AXIS2_PLACEMENT_3D('',#5608,#7902,#12);
#7904=PLANE('',#7903);
#7905=EDGE_LOOP('',(#7899,#7900,#7901));
#7906=FACE_BOUND('',#7905,.T.);
#7907=ADVANCED_FACE('',(#7906),#7904,.T.);
#7908=LINE('',#5610,#463);
#7909=EDGE_CURVE('',#5611,#5509,#7908,.T.);
#7910=LINE('',#5508,#511);
#7911=EDGE_CURVE('',#5509,#5591,#7910,.T.);
#7912=ORIENTED_EDGE('',*,*,#7896,.F.);
#7913=ORIENTED_EDGE('',*,*,#7909,.T.);
#7914=ORIENTED_EDGE('',*,*,#7911,.T.);
#7915=DIRECTION('',(-0.0,0.0,1.0));
#7916=DIRECTION('',(0.9987977957336374,-0.049020028943556095,0.0));
#7917=AXIS2_PLACEMENT_3D('',#5590,#7915,#7916);
#7918=PLANE('',#7917);
#7919=EDGE_LOOP('',(#7912,#7913,#7914));
#7920=FACE_BOUND('',#7919,.T.);
#7921=ADVANCED_FACE('',(#7920),#7918,.T.);
#7922=DIRECTION('',(-0.7449175871015811,0.6671564947047718,0.0));
#7923=VECTOR('',#7922,1000.0);
#7924=LINE('',#5590,#7923);
#7925=EDGE_CURVE('',#5591,#5613,#7924,.T.);
#7926=LINE('',#5612,#476);
#7927=EDGE_CURVE('',#5613,#5593,#7926,.T.);
#7928=ORIENTED_EDGE('',*,*,#7659,.F.);
#7929=ORIENTED_EDGE('',*,*,#7925,.T.);
#7930=ORIENTED_EDGE('',*,*,#7927,.T.);
#7931=DIRECTION('',(0.0,-0.0,1.0));
#7932=AXIS2_PLACEMENT_3D('',#5592,#7931,#12);
#7933=PLANE('',#7932);
#7934=EDGE_LOOP('',(#7928,#7929,#7930));
#7935=FACE_BOUND('',#7934,.T.);
#7936=ADVANCED_FACE('',(#7935),#7933,.T.);
#7937=DIRECTION('',(-0.8360896022328533,0.548592906478118,0.0));
#7938=VECTOR('',#7937,1000.0);
#7939=LINE('',#5508,#7938);
#7940=EDGE_CURVE('',#5509,#5613,#7939,.T.);
#7941=ORIENTED_EDGE('',*,*,#7925,.F.);
#7942=ORIENTED_EDGE('',*,*,#7911,.F.);
#7943=ORIENTED_EDGE('',*,*,#7940,.T.);
#7944=DIRECTION('',(0.7449175871015811,-0.6671564947047718,0.0));
#7945=AXIS2_PLACEMENT_3D('',#5612,#7915,#7944);
#7946=PLANE('',#7945);
#7947=EDGE_LOOP('',(#7941,#7942,#7943));
#7948=FACE_BOUND('',#7947,.T.);
#7949=ADVANCED_FACE('',(#7948),#7946,.T.);
#7950=DIRECTION('',(0.9722504391476569,0.23394247920629635,0.0));
#7951=VECTOR('',#7950,1000.0);
#7952=LINE('',#5508,#7951);
#7953=EDGE_CURVE('',#5509,#5347,#7952,.T.);
#7954=LINE('',#5346,#511);
#7955=EDGE_CURVE('',#5347,#5613,#7954,.T.);
#7956=ORIENTED_EDGE('',*,*,#7940,.F.);
#7957=ORIENTED_EDGE('',*,*,#7953,.T.);
#7958=ORIENTED_EDGE('',*,*,#7955,.T.);
#7959=DIRECTION('',(0.8360896022328533,-0.548592906478118,0.0));
#7960=AXIS2_PLACEMENT_3D('',#5612,#7915,#7959);
#7961=PLANE('',#7960);
#7962=EDGE_LOOP('',(#7956,#7957,#7958));
#7963=FACE_BOUND('',#7962,.T.);
#7964=ADVANCED_FACE('',(#7963),#7961,.T.);
#7965=VECTOR('',#7855,1000.0);
#7966=LINE('',#5362,#7965);
#7967=EDGE_CURVE('',#5363,#5347,#7966,.T.);
#7968=ORIENTED_EDGE('',*,*,#7953,.F.);
#7969=ORIENTED_EDGE('',*,*,#6935,.F.);
#7970=ORIENTED_EDGE('',*,*,#7967,.T.);
#7971=DIRECTION('',(-0.9722504391476569,-0.23394247920629635,0.0));
#7972=AXIS2_PLACEMENT_3D('',#5346,#7915,#7971);
#7973=PLANE('',#7972);
#7974=EDGE_LOOP('',(#7968,#7969,#7970));
#7975=FACE_BOUND('',#7974,.T.);
#7976=ADVANCED_FACE('',(#7975),#7973,.T.);
#7977=LINE('',#5344,#463);
#7978=EDGE_CURVE('',#5345,#5347,#7977,.T.);
#7979=ORIENTED_EDGE('',*,*,#7967,.F.);
#7980=ORIENTED_EDGE('',*,*,#5709,.F.);
#7981=ORIENTED_EDGE('',*,*,#7978,.T.);
#7982=AXIS2_PLACEMENT_3D('',#5346,#7915,#7835);
#7983=PLANE('',#7982);
#7984=EDGE_LOOP('',(#7979,#7980,#7981));
#7985=FACE_BOUND('',#7984,.T.);
#7986=ADVANCED_FACE('',(#7985),#7983,.T.);
#7987=DIRECTION('',(0.756449036439311,0.0,0.6540526395253198));
#7988=VECTOR('',#7987,1000.0);
#7989=LINE('',#5614,#7988);
#7990=EDGE_CURVE('',#5615,#5617,#7989,.T.);
#7991=DIRECTION('',(0.9999058702856374,0.0,0.013720443444808602));
#7992=VECTOR('',#7991,1000.0);
#7993=LINE('',#5616,#7992);
#7994=EDGE_CURVE('',#5617,#5619,#7993,.T.);
#7995=DIRECTION('',(-0.999702866574589,0.0,-0.024375778193719107));
#7996=VECTOR('',#7995,1000.0);
#7997=LINE('',#5618,#7996);
#7998=EDGE_CURVE('',#5619,#5615,#7997,.T.);
#7999=ORIENTED_EDGE('',*,*,#7990,.T.);
#8000=ORIENTED_EDGE('',*,*,#7994,.T.);
#8001=ORIENTED_EDGE('',*,*,#7998,.T.);
#8002=AXIS2_PLACEMENT_3D('',#5614,#462,#7987);
#8003=PLANE('',#8002);
#8004=EDGE_LOOP('',(#7999,#8000,#8001));
#8005=FACE_BOUND('',#8004,.T.);
#8006=ADVANCED_FACE('',(#8005),#8003,.T.);
#8007=LINE('',#5614,#7519);
#8008=EDGE_CURVE('',#5615,#5599,#8007,.T.);
#8009=VECTOR('',#7563,1000.0);
#8010=LINE('',#5598,#8009);
#8011=EDGE_CURVE('',#5599,#5621,#8010,.T.);
#8012=DIRECTION('',(0.8925460691122081,0.0,0.4509562223900956));
#8013=VECTOR('',#8012,1000.0);
#8014=LINE('',#5620,#8013);
#8015=EDGE_CURVE('',#5621,#5615,#8014,.T.);
#8016=ORIENTED_EDGE('',*,*,#8008,.T.);
#8017=ORIENTED_EDGE('',*,*,#8011,.T.);
#8018=ORIENTED_EDGE('',*,*,#8015,.T.);
#8019=AXIS2_PLACEMENT_3D('',#5614,#462,#7518);
#8020=PLANE('',#8019);
#8021=EDGE_LOOP('',(#8016,#8017,#8018));
#8022=FACE_BOUND('',#8021,.T.);
#8023=ADVANCED_FACE('',(#8022),#8020,.T.);
#8024=DIRECTION('',(-0.2127147156765567,0.0,0.9771143483414015));
#8025=VECTOR('',#8024,1000.0);
#8026=LINE('',#5598,#8025);
#8027=EDGE_CURVE('',#5599,#5623,#8026,.T.);
#8028=DIRECTION('',(-0.15654411818780087,0.0,0.9876709670030825));
#8029=VECTOR('',#8028,1000.0);
#8030=LINE('',#5622,#8029);
#8031=EDGE_CURVE('',#5623,#5621,#8030,.T.);
#8032=ORIENTED_EDGE('',*,*,#8011,.F.);
#8033=ORIENTED_EDGE('',*,*,#8027,.T.);
#8034=ORIENTED_EDGE('',*,*,#8031,.T.);
#8035=AXIS2_PLACEMENT_3D('',#5620,#462,#7538);
#8036=PLANE('',#8035);
#8037=EDGE_LOOP('',(#8032,#8033,#8034));
#8038=FACE_BOUND('',#8037,.T.);
#8039=ADVANCED_FACE('',(#8038),#8036,.T.);
#8040=DIRECTION('',(-0.42846917732065,0.0,0.903556397844742));
#8041=VECTOR('',#8040,1000.0);
#8042=LINE('',#5622,#8041);
#8043=EDGE_CURVE('',#5623,#5625,#8042,.T.);
#8044=LINE('',#5624,#7695);
#8045=EDGE_CURVE('',#5625,#5621,#8044,.T.);
#8046=ORIENTED_EDGE('',*,*,#8031,.F.);
#8047=ORIENTED_EDGE('',*,*,#8043,.T.);
#8048=ORIENTED_EDGE('',*,*,#8045,.T.);
#8049=AXIS2_PLACEMENT_3D('',#5620,#462,#7551);
#8050=PLANE('',#8049);
#8051=EDGE_LOOP('',(#8046,#8047,#8048));
#8052=FACE_BOUND('',#8051,.T.);
#8053=ADVANCED_FACE('',(#8052),#8050,.T.);
#8054=DIRECTION('',(0.15967098156231765,0.0,0.9871702880693514));
#8055=VECTOR('',#8054,1000.0);
#8056=LINE('',#5348,#8055);
#8057=EDGE_CURVE('',#5349,#5627,#8056,.T.);
#8058=DIRECTION('',(-0.15654411818780087,0.0,-0.9876709670030825));
#8059=VECTOR('',#8058,1000.0);
#8060=LINE('',#5626,#8059);
#8061=EDGE_CURVE('',#5627,#5629,#8060,.T.);
#8062=DIRECTION('',(-0.2127147156765567,0.0,-0.9771143483414015));
#8063=VECTOR('',#8062,1000.0);
#8064=LINE('',#5628,#8063);
#8065=EDGE_CURVE('',#5629,#5349,#8064,.T.);
#8066=ORIENTED_EDGE('',*,*,#8057,.T.);
#8067=ORIENTED_EDGE('',*,*,#8061,.T.);
#8068=ORIENTED_EDGE('',*,*,#8065,.T.);
#8069=DIRECTION('',(-0.0,1.0,0.0));
#8070=DIRECTION('',(0.15967098156231765,0.0,0.9871702880693514));
#8071=AXIS2_PLACEMENT_3D('',#5348,#8069,#8070);
#8072=PLANE('',#8071);
#8073=EDGE_LOOP('',(#8066,#8067,#8068));
#8074=FACE_BOUND('',#8073,.T.);
#8075=ADVANCED_FACE('',(#8074),#8072,.T.);
#8076=DIRECTION('',(-0.13922062302767044,0.0,-0.9902613887877217));
#8077=VECTOR('',#8076,1000.0);
#8078=LINE('',#5626,#8077);
#8079=EDGE_CURVE('',#5627,#5631,#8078,.T.);
#8080=DIRECTION('',(-0.42846917732065,0.0,-0.903556397844742));
#8081=VECTOR('',#8080,1000.0);
#8082=LINE('',#5630,#8081);
#8083=EDGE_CURVE('',#5631,#5629,#8082,.T.);
#8084=ORIENTED_EDGE('',*,*,#8061,.F.);
#8085=ORIENTED_EDGE('',*,*,#8079,.T.);
#8086=ORIENTED_EDGE('',*,*,#8083,.T.);
#8087=DIRECTION('',(0.15654411818780087,0.0,0.9876709670030825));
#8088=AXIS2_PLACEMENT_3D('',#5628,#8069,#8087);
#8089=PLANE('',#8088);
#8090=EDGE_LOOP('',(#8084,#8085,#8086));
#8091=FACE_BOUND('',#8090,.T.);
#8092=ADVANCED_FACE('',(#8091),#8089,.T.);
#8093=DIRECTION('',(0.0703316376244236,0.0,-0.9975236642551729));
#8094=VECTOR('',#8093,1000.0);
#8095=LINE('',#5604,#8094);
#8096=EDGE_CURVE('',#5605,#5633,#8095,.T.);
#8097=DIRECTION('',(-0.9771097883165464,0.0,0.21273566127002264));
#8098=VECTOR('',#8097,1000.0);
#8099=LINE('',#5632,#8098);
#8100=EDGE_CURVE('',#5633,#5607,#8099,.T.);
#8101=ORIENTED_EDGE('',*,*,#7864,.F.);
#8102=ORIENTED_EDGE('',*,*,#8096,.T.);
#8103=ORIENTED_EDGE('',*,*,#8100,.T.);
#8104=AXIS2_PLACEMENT_3D('',#5606,#8069,#11);
#8105=PLANE('',#8104);
#8106=EDGE_LOOP('',(#8101,#8102,#8103));
#8107=FACE_BOUND('',#8106,.T.);
#8108=ADVANCED_FACE('',(#8107),#8105,.T.);
#8109=DIRECTION('',(0.9753043229444655,0.0,0.220865292986105));
#8110=VECTOR('',#8109,1000.0);
#8111=LINE('',#5604,#8110);
#8112=EDGE_CURVE('',#5605,#5621,#8111,.T.);
#8113=VECTOR('',#7620,1000.0);
#8114=LINE('',#5620,#8113);
#8115=EDGE_CURVE('',#5621,#5633,#8114,.T.);
#8116=ORIENTED_EDGE('',*,*,#8096,.F.);
#8117=ORIENTED_EDGE('',*,*,#8112,.T.);
#8118=ORIENTED_EDGE('',*,*,#8115,.T.);
#8119=DIRECTION('',(0.0,1.0,-0.0));
#8120=DIRECTION('',(-0.0703316376244236,0.0,0.9975236642551729));
#8121=AXIS2_PLACEMENT_3D('',#5632,#8119,#8120);
#8122=PLANE('',#8121);
#8123=EDGE_LOOP('',(#8116,#8117,#8118));
#8124=FACE_BOUND('',#8123,.T.);
#8125=ADVANCED_FACE('',(#8124),#8122,.T.);
#8126=DIRECTION('',(0.12225251778906952,0.0,0.9924990286616069));
#8127=VECTOR('',#8126,1000.0);
#8128=LINE('',#5634,#8127);
#8129=EDGE_CURVE('',#5635,#5613,#8128,.T.);
#8130=DIRECTION('',(-0.9998546320726681,0.0,-0.01705035843697694));
#8131=VECTOR('',#8130,1000.0);
#8132=LINE('',#5346,#8131);
#8133=EDGE_CURVE('',#5347,#5635,#8132,.T.);
#8134=ORIENTED_EDGE('',*,*,#8129,.T.);
#8135=ORIENTED_EDGE('',*,*,#7955,.F.);
#8136=ORIENTED_EDGE('',*,*,#8133,.T.);
#8137=AXIS2_PLACEMENT_3D('',#5634,#462,#8126);
#8138=PLANE('',#8137);
#8139=EDGE_LOOP('',(#8134,#8135,#8136));
#8140=FACE_BOUND('',#8139,.T.);
#8141=ADVANCED_FACE('',(#8140),#8138,.T.);
#8142=DIRECTION('',(-0.9534639426858819,0.0,-0.30150706459035664));
#8143=VECTOR('',#8142,1000.0);
#8144=LINE('',#5618,#8143);
#8145=EDGE_CURVE('',#5619,#5599,#8144,.T.);
#8146=ORIENTED_EDGE('',*,*,#7998,.F.);
#8147=ORIENTED_EDGE('',*,*,#8145,.T.);
#8148=ORIENTED_EDGE('',*,*,#8008,.F.);
#8149=DIRECTION('',(0.999702866574589,0.0,0.024375778193719107));
#8150=AXIS2_PLACEMENT_3D('',#5614,#8069,#8149);
#8151=PLANE('',#8150);
#8152=EDGE_LOOP('',(#8146,#8147,#8148));
#8153=FACE_BOUND('',#8152,.T.);
#8154=ADVANCED_FACE('',(#8153),#8151,.T.);
#8155=DIRECTION('',(0.5751301368208636,0.0,-0.8180619326923939));
#8156=VECTOR('',#8155,1000.0);
#8157=LINE('',#5618,#8156);
#8158=EDGE_CURVE('',#5619,#5637,#8157,.T.);
#8159=DIRECTION('',(-0.9580054568934047,0.0,-0.2867499687226816));
#8160=VECTOR('',#8159,1000.0);
#8161=LINE('',#5636,#8160);
#8162=EDGE_CURVE('',#5637,#5599,#8161,.T.);
#8163=ORIENTED_EDGE('',*,*,#8145,.F.);
#8164=ORIENTED_EDGE('',*,*,#8158,.T.);
#8165=ORIENTED_EDGE('',*,*,#8162,.T.);
#8166=DIRECTION('',(0.9534639426858819,0.0,0.30150706459035664));
#8167=AXIS2_PLACEMENT_3D('',#5598,#8069,#8166);
#8168=PLANE('',#8167);
#8169=EDGE_LOOP('',(#8163,#8164,#8165));
#8170=FACE_BOUND('',#8169,.T.);
#8171=ADVANCED_FACE('',(#8170),#8168,.T.);
#8172=DIRECTION('',(-0.05842496790710034,0.0,-0.9982918025933369));
#8173=VECTOR('',#8172,1000.0);
#8174=LINE('',#5636,#8173);
#8175=EDGE_CURVE('',#5637,#5349,#8174,.T.);
#8176=ORIENTED_EDGE('',*,*,#8162,.F.);
#8177=ORIENTED_EDGE('',*,*,#8175,.T.);
#8178=ORIENTED_EDGE('',*,*,#7834,.F.);
#8179=DIRECTION('',(0.9580054568934047,0.0,0.2867499687226816));
#8180=AXIS2_PLACEMENT_3D('',#5598,#8069,#8179);
#8181=PLANE('',#8180);
#8182=EDGE_LOOP('',(#8176,#8177,#8178));
#8183=FACE_BOUND('',#8182,.T.);
#8184=ADVANCED_FACE('',(#8183),#8181,.T.);
#8185=DIRECTION('',(0.756449036439311,0.0,-0.6540526395253198));
#8186=VECTOR('',#8185,1000.0);
#8187=LINE('',#5636,#8186);
#8188=EDGE_CURVE('',#5637,#5639,#8187,.T.);
#8189=DIRECTION('',(-0.10455254337132082,0.0,-0.9945193641526483));
#8190=VECTOR('',#8189,1000.0);
#8191=LINE('',#5638,#8190);
#8192=EDGE_CURVE('',#5639,#5349,#8191,.T.);
#8193=ORIENTED_EDGE('',*,*,#8175,.F.);
#8194=ORIENTED_EDGE('',*,*,#8188,.T.);
#8195=ORIENTED_EDGE('',*,*,#8192,.T.);
#8196=DIRECTION('',(0.05842496790710034,0.0,0.9982918025933369));
#8197=AXIS2_PLACEMENT_3D('',#5348,#8069,#8196);
#8198=PLANE('',#8197);
#8199=EDGE_LOOP('',(#8193,#8194,#8195));
#8200=FACE_BOUND('',#8199,.T.);
#8201=ADVANCED_FACE('',(#8200),#8198,.T.);
#8202=DIRECTION('',(0.8925460691122081,0.0,-0.4509562223900956));
#8203=VECTOR('',#8202,1000.0);
#8204=LINE('',#5638,#8203);
#8205=EDGE_CURVE('',#5639,#5627,#8204,.T.);
#8206=ORIENTED_EDGE('',*,*,#8192,.F.);
#8207=ORIENTED_EDGE('',*,*,#8205,.T.);
#8208=ORIENTED_EDGE('',*,*,#8057,.F.);
#8209=DIRECTION('',(0.10455254337132082,0.0,0.9945193641526483));
#8210=AXIS2_PLACEMENT_3D('',#5348,#8069,#8209);
#8211=PLANE('',#8210);
#8212=EDGE_LOOP('',(#8206,#8207,#8208));
#8213=FACE_BOUND('',#8212,.T.);
#8214=ADVANCED_FACE('',(#8213),#8211,.T.);
#8215=DIRECTION('',(-0.621922108470015,0.0,0.7830791090280796));
#8216=VECTOR('',#8215,1000.0);
#8217=LINE('',#5624,#8216);
#8218=EDGE_CURVE('',#5625,#5641,#8217,.T.);
#8219=DIRECTION('',(-0.10619208444704484,0.0,0.9943456346767918));
#8220=VECTOR('',#8219,1000.0);
#8221=LINE('',#5640,#8220);
#8222=EDGE_CURVE('',#5641,#5621,#8221,.T.);
#8223=ORIENTED_EDGE('',*,*,#8218,.T.);
#8224=ORIENTED_EDGE('',*,*,#8222,.T.);
#8225=ORIENTED_EDGE('',*,*,#8045,.F.);
#8226=AXIS2_PLACEMENT_3D('',#5624,#462,#8215);
#8227=PLANE('',#8226);
#8228=EDGE_LOOP('',(#8223,#8224,#8225));
#8229=FACE_BOUND('',#8228,.T.);
#8230=ADVANCED_FACE('',(#8229),#8227,.T.);
#8231=DIRECTION('',(-0.7830791090280799,0.0,0.6219221084700144));
#8232=VECTOR('',#8231,1000.0);
#8233=LINE('',#5640,#8232);
#8234=EDGE_CURVE('',#5641,#5643,#8233,.T.);
#8235=LINE('',#5642,#7613);
#8236=EDGE_CURVE('',#5643,#5621,#8235,.T.);
#8237=ORIENTED_EDGE('',*,*,#8222,.F.);
#8238=ORIENTED_EDGE('',*,*,#8234,.T.);
#8239=ORIENTED_EDGE('',*,*,#8236,.T.);
#8240=DIRECTION('',(0.10619208444704484,0.0,-0.9943456346767918));
#8241=AXIS2_PLACEMENT_3D('',#5620,#462,#8240);
#8242=PLANE('',#8241);
#8243=EDGE_LOOP('',(#8237,#8238,#8239));
#8244=FACE_BOUND('',#8243,.T.);
#8245=ADVANCED_FACE('',(#8244),#8242,.T.);
#8246=DIRECTION('',(-0.90356489091979,0.0,0.4284512666536396));
#8247=VECTOR('',#8246,1000.0);
#8248=LINE('',#5642,#8247);
#8249=EDGE_CURVE('',#5643,#5633,#8248,.T.);
#8250=ORIENTED_EDGE('',*,*,#8236,.F.);
#8251=ORIENTED_EDGE('',*,*,#8249,.T.);
#8252=ORIENTED_EDGE('',*,*,#8115,.F.);
#8253=DIRECTION('',(0.057357237003960254,0.0,-0.9983537185603466));
#8254=AXIS2_PLACEMENT_3D('',#5620,#462,#8253);
#8255=PLANE('',#8254);
#8256=EDGE_LOOP('',(#8250,#8251,#8252));
#8257=FACE_BOUND('',#8256,.T.);
#8258=ADVANCED_FACE('',(#8257),#8255,.T.);
#8259=DIRECTION('',(0.5751301368208636,0.0,0.8180619326923939));
#8260=VECTOR('',#8259,1000.0);
#8261=LINE('',#5616,#8260);
#8262=EDGE_CURVE('',#5617,#5645,#8261,.T.);
#8263=LINE('',#5644,#492);
#8264=EDGE_CURVE('',#5645,#5619,#8263,.T.);
#8265=ORIENTED_EDGE('',*,*,#8262,.T.);
#8266=ORIENTED_EDGE('',*,*,#8264,.T.);
#8267=ORIENTED_EDGE('',*,*,#7994,.F.);
#8268=DIRECTION('',(0.5751301368208636,0.0,0.8180619326923939));
#8269=AXIS2_PLACEMENT_3D('',#5616,#462,#8268);
#8270=PLANE('',#8269);
#8271=EDGE_LOOP('',(#8265,#8266,#8267));
#8272=FACE_BOUND('',#8271,.T.);
#8273=ADVANCED_FACE('',(#8272),#8270,.T.);
#8274=DIRECTION('',(0.35942442512874445,0.0,0.9331741973612813));
#8275=VECTOR('',#8274,1000.0);
#8276=LINE('',#5644,#8275);
#8277=EDGE_CURVE('',#5645,#5635,#8276,.T.);
#8278=DIRECTION('',(0.9998735942737649,0.0,-0.015899543202952657));
#8279=VECTOR('',#8278,1000.0);
#8280=LINE('',#5634,#8279);
#8281=EDGE_CURVE('',#5635,#5619,#8280,.T.);
#8282=ORIENTED_EDGE('',*,*,#8264,.F.);
#8283=ORIENTED_EDGE('',*,*,#8277,.T.);
#8284=ORIENTED_EDGE('',*,*,#8281,.T.);
#8285=DIRECTION('',(0.0,1.0,-0.0));
#8286=AXIS2_PLACEMENT_3D('',#5618,#8285,#510);
#8287=PLANE('',#8286);
#8288=EDGE_LOOP('',(#8282,#8283,#8284));
#8289=FACE_BOUND('',#8288,.T.);
#8290=ADVANCED_FACE('',(#8289),#8287,.T.);
#8291=LINE('',#5634,#492);
#8292=EDGE_CURVE('',#5635,#5647,#8291,.T.);
#8293=DIRECTION('',(0.35942442512874445,0.0,-0.9331741973612813));
#8294=VECTOR('',#8293,1000.0);
#8295=LINE('',#5646,#8294);
#8296=EDGE_CURVE('',#5647,#5619,#8295,.T.);
#8297=ORIENTED_EDGE('',*,*,#8281,.F.);
#8298=ORIENTED_EDGE('',*,*,#8292,.T.);
#8299=ORIENTED_EDGE('',*,*,#8296,.T.);
#8300=DIRECTION('',(0.0,1.0,-0.0));
#8301=DIRECTION('',(-0.9998735942737649,0.0,0.015899543202952657));
#8302=AXIS2_PLACEMENT_3D('',#5618,#8300,#8301);
#8303=PLANE('',#8302);
#8304=EDGE_LOOP('',(#8297,#8298,#8299));
#8305=FACE_BOUND('',#8304,.T.);
#8306=ADVANCED_FACE('',(#8305),#8303,.T.);
#8307=DIRECTION('',(0.12225251778906952,0.0,-0.9924990286616069));
#8308=VECTOR('',#8307,1000.0);
#8309=LINE('',#5346,#8308);
#8310=EDGE_CURVE('',#5347,#5647,#8309,.T.);
#8311=ORIENTED_EDGE('',*,*,#8292,.F.);
#8312=ORIENTED_EDGE('',*,*,#8133,.F.);
#8313=ORIENTED_EDGE('',*,*,#8310,.T.);
#8314=DIRECTION('',(0.0,1.0,-0.0));
#8315=AXIS2_PLACEMENT_3D('',#5646,#8314,#510);
#8316=PLANE('',#8315);
#8317=EDGE_LOOP('',(#8311,#8312,#8313));
#8318=FACE_BOUND('',#8317,.T.);
#8319=ADVANCED_FACE('',(#8318),#8316,.T.);
#8320=DIRECTION('',(-0.07515121060352534,0.0,0.9971721494029125));
#8321=VECTOR('',#8320,1000.0);
#8322=LINE('',#5350,#8321);
#8323=EDGE_CURVE('',#5351,#5627,#8322,.T.);
#8324=DIRECTION('',(0.9753043229444655,0.0,-0.220865292986105));
#8325=VECTOR('',#8324,1000.0);
#8326=LINE('',#5626,#8325);
#8327=EDGE_CURVE('',#5627,#5353,#8326,.T.);
#8328=ORIENTED_EDGE('',*,*,#7735,.F.);
#8329=ORIENTED_EDGE('',*,*,#8323,.T.);
#8330=ORIENTED_EDGE('',*,*,#8327,.T.);
#8331=DIRECTION('',(0.0,0.0,-1.0));
#8332=AXIS2_PLACEMENT_3D('',#5352,#462,#8331);
#8333=PLANE('',#8332);
#8334=EDGE_LOOP('',(#8328,#8329,#8330));
#8335=FACE_BOUND('',#8334,.T.);
#8336=ADVANCED_FACE('',(#8335),#8333,.T.);
#8337=DIRECTION('',(-0.9771097883165464,0.0,-0.21273566127002264));
#8338=VECTOR('',#8337,1000.0);
#8339=LINE('',#5350,#8338);
#8340=EDGE_CURVE('',#5351,#5649,#8339,.T.);
#8341=DIRECTION('',(-0.004905754636290323,0.0,0.9999879667133242));
#8342=VECTOR('',#8341,1000.0);
#8343=LINE('',#5648,#8342);
#8344=EDGE_CURVE('',#5649,#5627,#8343,.T.);
#8345=ORIENTED_EDGE('',*,*,#8323,.F.);
#8346=ORIENTED_EDGE('',*,*,#8340,.T.);
#8347=ORIENTED_EDGE('',*,*,#8344,.T.);
#8348=DIRECTION('',(0.07515121060352534,0.0,-0.9971721494029125));
#8349=AXIS2_PLACEMENT_3D('',#5626,#462,#8348);
#8350=PLANE('',#8349);
#8351=EDGE_LOOP('',(#8345,#8346,#8347));
#8352=FACE_BOUND('',#8351,.T.);
#8353=ADVANCED_FACE('',(#8352),#8350,.T.);
#8354=DIRECTION('',(-0.90356489091979,0.0,-0.4284512666536396));
#8355=VECTOR('',#8354,1000.0);
#8356=LINE('',#5648,#8355);
#8357=EDGE_CURVE('',#5649,#5651,#8356,.T.);
#8358=DIRECTION('',(0.057357237003960254,0.0,0.9983537185603466));
#8359=VECTOR('',#8358,1000.0);
#8360=LINE('',#5650,#8359);
#8361=EDGE_CURVE('',#5651,#5627,#8360,.T.);
#8362=ORIENTED_EDGE('',*,*,#8357,.T.);
#8363=ORIENTED_EDGE('',*,*,#8361,.T.);
#8364=ORIENTED_EDGE('',*,*,#8344,.F.);
#8365=DIRECTION('',(0.0,1.0,-0.0));
#8366=DIRECTION('',(-0.90356489091979,0.0,-0.4284512666536396));
#8367=AXIS2_PLACEMENT_3D('',#5648,#8365,#8366);
#8368=PLANE('',#8367);
#8369=EDGE_LOOP('',(#8362,#8363,#8364));
#8370=FACE_BOUND('',#8369,.T.);
#8371=ADVANCED_FACE('',(#8370),#8368,.T.);
#8372=DIRECTION('',(-0.7830791090280799,0.0,-0.6219221084700144));
#8373=VECTOR('',#8372,1000.0);
#8374=LINE('',#5650,#8373);
#8375=EDGE_CURVE('',#5651,#5653,#8374,.T.);
#8376=VECTOR('',#1477,1000.0);
#8377=LINE('',#5652,#8376);
#8378=EDGE_CURVE('',#5653,#5627,#8377,.T.);
#8379=ORIENTED_EDGE('',*,*,#8361,.F.);
#8380=ORIENTED_EDGE('',*,*,#8375,.T.);
#8381=ORIENTED_EDGE('',*,*,#8378,.T.);
#8382=DIRECTION('',(-0.057357237003960254,0.0,-0.9983537185603466));
#8383=AXIS2_PLACEMENT_3D('',#5626,#462,#8382);
#8384=PLANE('',#8383);
#8385=EDGE_LOOP('',(#8379,#8380,#8381));
#8386=FACE_BOUND('',#8385,.T.);
#8387=ADVANCED_FACE('',(#8386),#8384,.T.);
#8388=DIRECTION('',(-0.621922108470015,0.0,-0.7830791090280796));
#8389=VECTOR('',#8388,1000.0);
#8390=LINE('',#5652,#8389);
#8391=EDGE_CURVE('',#5653,#5631,#8390,.T.);
#8392=ORIENTED_EDGE('',*,*,#8378,.F.);
#8393=ORIENTED_EDGE('',*,*,#8391,.T.);
#8394=ORIENTED_EDGE('',*,*,#8079,.F.);
#8395=AXIS2_PLACEMENT_3D('',#5626,#462,#2297);
#8396=PLANE('',#8395);
#8397=EDGE_LOOP('',(#8392,#8393,#8394));
#8398=FACE_BOUND('',#8397,.T.);
#8399=ADVANCED_FACE('',(#8398),#8396,.T.);
#8400=LINE('',#5654,#511);
#8401=EDGE_CURVE('',#5655,#5657,#8400,.T.);
#8402=DIRECTION('',(0.4053605571553389,0.0,-0.9141568895450677));
#8403=VECTOR('',#8402,1000.0);
#8404=LINE('',#5656,#8403);
#8405=EDGE_CURVE('',#5657,#5659,#8404,.T.);
#8406=VECTOR('',#972,1000.0);
#8407=LINE('',#5658,#8406);
#8408=EDGE_CURVE('',#5659,#5655,#8407,.T.);
#8409=ORIENTED_EDGE('',*,*,#8401,.T.);
#8410=ORIENTED_EDGE('',*,*,#8405,.T.);
#8411=ORIENTED_EDGE('',*,*,#8408,.T.);
#8412=DIRECTION('',(-0.0,-1.0,-0.0));
#8413=AXIS2_PLACEMENT_3D('',#5654,#8412,#510);
#8414=PLANE('',#8413);
#8415=EDGE_LOOP('',(#8409,#8410,#8411));
#8416=FACE_BOUND('',#8415,.T.);
#8417=ADVANCED_FACE('',(#8416),#8414,.T.);
#8418=LINE('',#5656,#525);
#8419=EDGE_CURVE('',#5657,#5669,#8418,.T.);
#8420=LINE('',#5668,#492);
#8421=EDGE_CURVE('',#5669,#5659,#8420,.T.);
#8422=ORIENTED_EDGE('',*,*,#8405,.F.);
#8423=ORIENTED_EDGE('',*,*,#8419,.T.);
#8424=ORIENTED_EDGE('',*,*,#8421,.T.);
#8425=DIRECTION('',(-0.0,-1.0,-0.0));
#8426=DIRECTION('',(-0.4053605571553389,0.0,0.9141568895450677));
#8427=AXIS2_PLACEMENT_3D('',#5658,#8425,#8426);
#8428=PLANE('',#8427);
#8429=EDGE_LOOP('',(#8422,#8423,#8424));
#8430=FACE_BOUND('',#8429,.T.);
#8431=ADVANCED_FACE('',(#8430),#8428,.T.);
#8432=DIRECTION('',(0.585584398284127,0.0,-0.8106114435944123));
#8433=VECTOR('',#8432,1000.0);
#8434=LINE('',#5668,#8433);
#8435=EDGE_CURVE('',#5669,#5661,#8434,.T.);
#8436=DIRECTION('',(0.2672283565855474,0.0,0.9636332318037747));
#8437=VECTOR('',#8436,1000.0);
#8438=LINE('',#5660,#8437);
#8439=EDGE_CURVE('',#5661,#5659,#8438,.T.);
#8440=ORIENTED_EDGE('',*,*,#8421,.F.);
#8441=ORIENTED_EDGE('',*,*,#8435,.T.);
#8442=ORIENTED_EDGE('',*,*,#8439,.T.);
#8443=DIRECTION('',(-0.0,-1.0,-0.0));
#8444=AXIS2_PLACEMENT_3D('',#5658,#8443,#510);
#8445=PLANE('',#8444);
#8446=EDGE_LOOP('',(#8440,#8441,#8442));
#8447=FACE_BOUND('',#8446,.T.);
#8448=ADVANCED_FACE('',(#8447),#8445,.T.);
#8449=DIRECTION('',(0.24810066746793788,0.0,-0.968734256027918));
#8450=VECTOR('',#8449,1000.0);
#8451=LINE('',#5668,#8450);
#8452=EDGE_CURVE('',#5669,#5667,#8451,.T.);
#8453=DIRECTION('',(0.9999808304259458,0.0,0.006191831767384181));
#8454=VECTOR('',#8453,1000.0);
#8455=LINE('',#5666,#8454);
#8456=EDGE_CURVE('',#5667,#5661,#8455,.T.);
#8457=ORIENTED_EDGE('',*,*,#8435,.F.);
#8458=ORIENTED_EDGE('',*,*,#8452,.T.);
#8459=ORIENTED_EDGE('',*,*,#8456,.T.);
#8460=DIRECTION('',(-0.0,-1.0,-0.0));
#8461=DIRECTION('',(-0.585584398284127,0.0,0.8106114435944123));
#8462=AXIS2_PLACEMENT_3D('',#5660,#8460,#8461);
#8463=PLANE('',#8462);
#8464=EDGE_LOOP('',(#8457,#8458,#8459));
#8465=FACE_BOUND('',#8464,.T.);
#8466=ADVANCED_FACE('',(#8465),#8463,.T.);
#8467=DIRECTION('',(0.26646207146272954,0.0,-0.9638454048610655));
#8468=VECTOR('',#8467,1000.0);
#8469=LINE('',#5666,#8468);
#8470=EDGE_CURVE('',#5667,#5663,#8469,.T.);
#8471=DIRECTION('',(0.17717451729693184,0.0,0.9841794503141179));
#8472=VECTOR('',#8471,1000.0);
#8473=LINE('',#5662,#8472);
#8474=EDGE_CURVE('',#5663,#5661,#8473,.T.);
#8475=ORIENTED_EDGE('',*,*,#8456,.F.);
#8476=ORIENTED_EDGE('',*,*,#8470,.T.);
#8477=ORIENTED_EDGE('',*,*,#8474,.T.);
#8478=DIRECTION('',(0.0,-1.0,-0.0));
#8479=DIRECTION('',(-0.9999808304259458,0.0,-0.006191831767384181));
#8480=AXIS2_PLACEMENT_3D('',#5660,#8478,#8479);
#8481=PLANE('',#8480);
#8482=EDGE_LOOP('',(#8475,#8476,#8477));
#8483=FACE_BOUND('',#8482,.T.);
#8484=ADVANCED_FACE('',(#8483),#8481,.T.);
#8485=DIRECTION('',(0.1817006481774881,0.0,-0.983353890749348));
#8486=VECTOR('',#8485,1000.0);
#8487=LINE('',#5666,#8486);
#8488=EDGE_CURVE('',#5667,#5665,#8487,.T.);
#8489=LINE('',#5664,#492);
#8490=EDGE_CURVE('',#5665,#5663,#8489,.T.);
#8491=ORIENTED_EDGE('',*,*,#8470,.F.);
#8492=ORIENTED_EDGE('',*,*,#8488,.T.);
#8493=ORIENTED_EDGE('',*,*,#8490,.T.);
#8494=DIRECTION('',(-0.0,-1.0,-0.0));
#8495=DIRECTION('',(-0.26646207146272954,0.0,0.9638454048610655));
#8496=AXIS2_PLACEMENT_3D('',#5662,#8494,#8495);
#8497=PLANE('',#8496);
#8498=EDGE_LOOP('',(#8491,#8492,#8493));
#8499=FACE_BOUND('',#8498,.T.);
#8500=ADVANCED_FACE('',(#8499),#8497,.T.);
#8501=LINE('',#5672,#1194);
#8502=EDGE_CURVE('',#5673,#5703,#8501,.T.);
#8503=DIRECTION('',(-0.18568470722729943,0.0,-0.9826093778821328));
#8504=VECTOR('',#8503,1000.0);
#8505=LINE('',#5702,#8504);
#8506=EDGE_CURVE('',#5703,#5671,#8505,.T.);
#8507=LINE('',#5670,#492);
#8508=EDGE_CURVE('',#5671,#5673,#8507,.T.);
#8509=ORIENTED_EDGE('',*,*,#8502,.T.);
#8510=ORIENTED_EDGE('',*,*,#8506,.T.);
#8511=ORIENTED_EDGE('',*,*,#8508,.T.);
#8512=AXIS2_PLACEMENT_3D('',#5672,#727,#11);
#8513=PLANE('',#8512);
#8514=EDGE_LOOP('',(#8509,#8510,#8511));
#8515=FACE_BOUND('',#8514,.T.);
#8516=ADVANCED_FACE('',(#8515),#8513,.T.);
#8517=LINE('',#5702,#511);
#8518=EDGE_CURVE('',#5703,#5701,#8517,.T.);
#8519=DIRECTION('',(-0.007085114733609375,0.0,-0.9999749002596073));
#8520=VECTOR('',#8519,1000.0);
#8521=LINE('',#5700,#8520);
#8522=EDGE_CURVE('',#5701,#5671,#8521,.T.);
#8523=ORIENTED_EDGE('',*,*,#8506,.F.);
#8524=ORIENTED_EDGE('',*,*,#8518,.T.);
#8525=ORIENTED_EDGE('',*,*,#8522,.T.);
#8526=DIRECTION('',(0.18568470722729943,0.0,0.9826093778821328));
#8527=AXIS2_PLACEMENT_3D('',#5670,#475,#8526);
#8528=PLANE('',#8527);
#8529=EDGE_LOOP('',(#8523,#8524,#8525));
#8530=FACE_BOUND('',#8529,.T.);
#8531=ADVANCED_FACE('',(#8530),#8528,.T.);
#8532=DIRECTION('',(-0.9956959514402997,0.0,-0.0926799454326357));
#8533=VECTOR('',#8532,1000.0);
#8534=LINE('',#5700,#8533);
#8535=EDGE_CURVE('',#5701,#5699,#8534,.T.);
#8536=DIRECTION('',(0.1286405057221077,0.0,-0.991691292836415));
#8537=VECTOR('',#8536,1000.0);
#8538=LINE('',#5698,#8537);
#8539=EDGE_CURVE('',#5699,#5671,#8538,.T.);
#8540=ORIENTED_EDGE('',*,*,#8522,.F.);
#8541=ORIENTED_EDGE('',*,*,#8535,.T.);
#8542=ORIENTED_EDGE('',*,*,#8539,.T.);
#8543=DIRECTION('',(0.007085114733609375,0.0,0.9999749002596073));
#8544=AXIS2_PLACEMENT_3D('',#5670,#727,#8543);
#8545=PLANE('',#8544);
#8546=EDGE_LOOP('',(#8540,#8541,#8542));
#8547=FACE_BOUND('',#8546,.T.);
#8548=ADVANCED_FACE('',(#8547),#8545,.T.);
#8549=DIRECTION('',(0.08510013496973333,0.0,-0.996372403786924));
#8550=VECTOR('',#8549,1000.0);
#8551=LINE('',#5686,#8550);
#8552=EDGE_CURVE('',#5687,#5685,#8551,.T.);
#8553=DIRECTION('',(0.8044923145330106,0.0,-0.5939630593372954));
#8554=VECTOR('',#8553,1000.0);
#8555=LINE('',#5684,#8554);
#8556=EDGE_CURVE('',#5685,#5671,#8555,.T.);
#8557=DIRECTION('',(-0.7149454339449055,0.0,0.69918025321181));
#8558=VECTOR('',#8557,1000.0);
#8559=LINE('',#5670,#8558);
#8560=EDGE_CURVE('',#5671,#5687,#8559,.T.);
#8561=ORIENTED_EDGE('',*,*,#8552,.T.);
#8562=ORIENTED_EDGE('',*,*,#8556,.T.);
#8563=ORIENTED_EDGE('',*,*,#8560,.T.);
#8564=AXIS2_PLACEMENT_3D('',#5686,#475,#8549);
#8565=PLANE('',#8564);
#8566=EDGE_LOOP('',(#8561,#8562,#8563));
#8567=FACE_BOUND('',#8566,.T.);
#8568=ADVANCED_FACE('',(#8567),#8565,.T.);
#8569=DIRECTION('',(0.2830394136486742,0.0,-0.9591082787263463));
#8570=VECTOR('',#8569,1000.0);
#8571=LINE('',#5684,#8570);
#8572=EDGE_CURVE('',#5685,#5683,#8571,.T.);
#8573=DIRECTION('',(0.8705832612912053,0.0,-0.49202112267622106));
#8574=VECTOR('',#8573,1000.0);
#8575=LINE('',#5682,#8574);
#8576=EDGE_CURVE('',#5683,#5671,#8575,.T.);
#8577=ORIENTED_EDGE('',*,*,#8556,.F.);
#8578=ORIENTED_EDGE('',*,*,#8572,.T.);
#8579=ORIENTED_EDGE('',*,*,#8576,.T.);
#8580=DIRECTION('',(-0.0,-1.0,-0.0));
#8581=DIRECTION('',(-0.8044923145330106,0.0,0.5939630593372954));
#8582=AXIS2_PLACEMENT_3D('',#5670,#8580,#8581);
#8583=PLANE('',#8582);
#8584=EDGE_LOOP('',(#8577,#8578,#8579));
#8585=FACE_BOUND('',#8584,.T.);
#8586=ADVANCED_FACE('',(#8585),#8583,.T.);
#8587=DIRECTION('',(0.7837250865382954,0.0,-0.6211078720564902));
#8588=VECTOR('',#8587,1000.0);
#8589=LINE('',#5682,#8588);
#8590=EDGE_CURVE('',#5683,#5675,#8589,.T.);
#8591=LINE('',#5674,#1467);
#8592=EDGE_CURVE('',#5675,#5671,#8591,.T.);
#8593=ORIENTED_EDGE('',*,*,#8576,.F.);
#8594=ORIENTED_EDGE('',*,*,#8590,.T.);
#8595=ORIENTED_EDGE('',*,*,#8592,.T.);
#8596=DIRECTION('',(-0.0,-1.0,-0.0));
#8597=DIRECTION('',(-0.8705832612912053,0.0,0.49202112267622106));
#8598=AXIS2_PLACEMENT_3D('',#5670,#8596,#8597);
#8599=PLANE('',#8598);
#8600=EDGE_LOOP('',(#8593,#8594,#8595));
#8601=FACE_BOUND('',#8600,.T.);
#8602=ADVANCED_FACE('',(#8601),#8599,.T.);
#8603=DIRECTION('',(-0.9545667305493845,0.0,-0.29799724315546744));
#8604=VECTOR('',#8603,1000.0);
#8605=LINE('',#5698,#8604);
#8606=EDGE_CURVE('',#5699,#5697,#8605,.T.);
#8607=DIRECTION('',(0.24010469808665505,0.0,-0.9707469979128014));
#8608=VECTOR('',#8607,1000.0);
#8609=LINE('',#5696,#8608);
#8610=EDGE_CURVE('',#5697,#5671,#8609,.T.);
#8611=ORIENTED_EDGE('',*,*,#8606,.T.);
#8612=ORIENTED_EDGE('',*,*,#8610,.T.);
#8613=ORIENTED_EDGE('',*,*,#8539,.F.);
#8614=DIRECTION('',(0.0,-1.0,-0.0));
#8615=DIRECTION('',(-0.9545667305493845,0.0,-0.29799724315546744));
#8616=AXIS2_PLACEMENT_3D('',#5698,#8614,#8615);
#8617=PLANE('',#8616);
#8618=EDGE_LOOP('',(#8611,#8612,#8613));
#8619=FACE_BOUND('',#8618,.T.);
#8620=ADVANCED_FACE('',(#8619),#8617,.T.);
#8621=DIRECTION('',(-0.8598201513489923,0.0,-0.5105970106984529));
#8622=VECTOR('',#8621,1000.0);
#8623=LINE('',#5696,#8622);
#8624=EDGE_CURVE('',#5697,#5695,#8623,.T.);
#8625=DIRECTION('',(0.33743580622749414,0.0,-0.9413485415485601));
#8626=VECTOR('',#8625,1000.0);
#8627=LINE('',#5694,#8626);
#8628=EDGE_CURVE('',#5695,#5671,#8627,.T.);
#8629=ORIENTED_EDGE('',*,*,#8610,.F.);
#8630=ORIENTED_EDGE('',*,*,#8624,.T.);
#8631=ORIENTED_EDGE('',*,*,#8628,.T.);
#8632=DIRECTION('',(-0.24010469808665505,0.0,0.9707469979128014));
#8633=AXIS2_PLACEMENT_3D('',#5670,#727,#8632);
#8634=PLANE('',#8633);
#8635=EDGE_LOOP('',(#8629,#8630,#8631));
#8636=FACE_BOUND('',#8635,.T.);
#8637=ADVANCED_FACE('',(#8636),#8634,.T.);
#8638=DIRECTION('',(-0.7114693660477693,0.0,-0.702717113193912));
#8639=VECTOR('',#8638,1000.0);
#8640=LINE('',#5694,#8639);
#8641=EDGE_CURVE('',#5695,#5693,#8640,.T.);
#8642=DIRECTION('',(0.4294800040173132,0.0,-0.9030763678390045));
#8643=VECTOR('',#8642,1000.0);
#8644=LINE('',#5692,#8643);
#8645=EDGE_CURVE('',#5693,#5671,#8644,.T.);
#8646=ORIENTED_EDGE('',*,*,#8628,.F.);
#8647=ORIENTED_EDGE('',*,*,#8641,.T.);
#8648=ORIENTED_EDGE('',*,*,#8645,.T.);
#8649=DIRECTION('',(-0.33743580622749414,0.0,0.9413485415485601));
#8650=AXIS2_PLACEMENT_3D('',#5670,#727,#8649);
#8651=PLANE('',#8650);
#8652=EDGE_LOOP('',(#8646,#8647,#8648));
#8653=FACE_BOUND('',#8652,.T.);
#8654=ADVANCED_FACE('',(#8653),#8651,.T.);
#8655=DIRECTION('',(-0.5219003758523301,0.0,-0.8530064464499648));
#8656=VECTOR('',#8655,1000.0);
#8657=LINE('',#5692,#8656);
#8658=EDGE_CURVE('',#5693,#5691,#8657,.T.);
#8659=DIRECTION('',(0.5175905432305783,0.0,-0.8556284412981342));
#8660=VECTOR('',#8659,1000.0);
#8661=LINE('',#5690,#8660);
#8662=EDGE_CURVE('',#5691,#5671,#8661,.T.);
#8663=ORIENTED_EDGE('',*,*,#8658,.T.);
#8664=ORIENTED_EDGE('',*,*,#8662,.T.);
#8665=ORIENTED_EDGE('',*,*,#8645,.F.);
#8666=DIRECTION('',(0.0,-1.0,-0.0));
#8667=AXIS2_PLACEMENT_3D('',#5692,#8666,#8655);
#8668=PLANE('',#8667);
#8669=EDGE_LOOP('',(#8663,#8664,#8665));
#8670=FACE_BOUND('',#8669,.T.);
#8671=ADVANCED_FACE('',(#8670),#8668,.T.);
#8672=DIRECTION('',(-0.2978586284573995,0.0,-0.9546099923285304));
#8673=VECTOR('',#8672,1000.0);
#8674=LINE('',#5690,#8673);
#8675=EDGE_CURVE('',#5691,#5689,#8674,.T.);
#8676=DIRECTION('',(0.6162242876643218,0.0,-0.7875707125665601));
#8677=VECTOR('',#8676,1000.0);
#8678=LINE('',#5688,#8677);
#8679=EDGE_CURVE('',#5689,#5671,#8678,.T.);
#8680=ORIENTED_EDGE('',*,*,#8662,.F.);
#8681=ORIENTED_EDGE('',*,*,#8675,.T.);
#8682=ORIENTED_EDGE('',*,*,#8679,.T.);
#8683=DIRECTION('',(-0.5175905432305783,0.0,0.8556284412981342));
#8684=AXIS2_PLACEMENT_3D('',#5670,#727,#8683);
#8685=PLANE('',#8684);
#8686=EDGE_LOOP('',(#8680,#8681,#8682));
#8687=FACE_BOUND('',#8686,.T.);
#8688=ADVANCED_FACE('',(#8687),#8685,.T.);
#8689=DIRECTION('',(-0.0870634181174689,0.0,-0.9962027711393412));
#8690=VECTOR('',#8689,1000.0);
#8691=LINE('',#5688,#8690);
#8692=EDGE_CURVE('',#5689,#5687,#8691,.T.);
#8693=ORIENTED_EDGE('',*,*,#8679,.F.);
#8694=ORIENTED_EDGE('',*,*,#8692,.T.);
#8695=ORIENTED_EDGE('',*,*,#8560,.F.);
#8696=DIRECTION('',(-0.6162242876643218,0.0,0.7875707125665601));
#8697=AXIS2_PLACEMENT_3D('',#5670,#727,#8696);
#8698=PLANE('',#8697);
#8699=EDGE_LOOP('',(#8693,#8694,#8695));
#8700=FACE_BOUND('',#8699,.T.);
#8701=ADVANCED_FACE('',(#8700),#8698,.T.);
#8702=DIRECTION('',(0.6856199895360268,0.0,-0.7279596348346649));
#8703=VECTOR('',#8702,1000.0);
#8704=LINE('',#5680,#8703);
#8705=EDGE_CURVE('',#5681,#5679,#8704,.T.);
#8706=DIRECTION('',(-0.5925778002049825,0.0,0.8055132219301082));
#8707=VECTOR('',#8706,1000.0);
#8708=LINE('',#5678,#8707);
#8709=EDGE_CURVE('',#5679,#5683,#8708,.T.);
#8710=DIRECTION('',(0.4907440539401445,0.0,-0.8713037779800984));
#8711=VECTOR('',#8710,1000.0);
#8712=LINE('',#5682,#8711);
#8713=EDGE_CURVE('',#5683,#5681,#8712,.T.);
#8714=ORIENTED_EDGE('',*,*,#8705,.T.);
#8715=ORIENTED_EDGE('',*,*,#8709,.T.);
#8716=ORIENTED_EDGE('',*,*,#8713,.T.);
#8717=AXIS2_PLACEMENT_3D('',#5680,#475,#8702);
#8718=PLANE('',#8717);
#8719=EDGE_LOOP('',(#8714,#8715,#8716));
#8720=FACE_BOUND('',#8719,.T.);
#8721=ADVANCED_FACE('',(#8720),#8718,.T.);
#8722=DIRECTION('',(0.8399956978457092,0.0,-0.5425930589315536));
#8723=VECTOR('',#8722,1000.0);
#8724=LINE('',#5678,#8723);
#8725=EDGE_CURVE('',#5679,#5677,#8724,.T.);
#8726=DIRECTION('',(-0.6979422238865062,0.0,0.7161540700969018));
#8727=VECTOR('',#8726,1000.0);
#8728=LINE('',#5676,#8727);
#8729=EDGE_CURVE('',#5677,#5683,#8728,.T.);
#8730=ORIENTED_EDGE('',*,*,#8709,.F.);
#8731=ORIENTED_EDGE('',*,*,#8725,.T.);
#8732=ORIENTED_EDGE('',*,*,#8729,.T.);
#8733=DIRECTION('',(0.5925778002049825,0.0,-0.8055132219301082));
#8734=AXIS2_PLACEMENT_3D('',#5682,#475,#8733);
#8735=PLANE('',#8734);
#8736=EDGE_LOOP('',(#8730,#8731,#8732));
#8737=FACE_BOUND('',#8736,.T.);
#8738=ADVANCED_FACE('',(#8737),#8735,.T.);
#8739=DIRECTION('',(0.9438547907948388,0.0,-0.33036061189801535));
#8740=VECTOR('',#8739,1000.0);
#8741=LINE('',#5676,#8740);
#8742=EDGE_CURVE('',#5677,#5675,#8741,.T.);
#8743=ORIENTED_EDGE('',*,*,#8729,.F.);
#8744=ORIENTED_EDGE('',*,*,#8742,.T.);
#8745=ORIENTED_EDGE('',*,*,#8590,.F.);
#8746=DIRECTION('',(0.6979422238865062,0.0,-0.7161540700969018));
#8747=AXIS2_PLACEMENT_3D('',#5682,#475,#8746);
#8748=PLANE('',#8747);
#8749=EDGE_LOOP('',(#8743,#8744,#8745));
#8750=FACE_BOUND('',#8749,.T.);
#8751=ADVANCED_FACE('',(#8750),#8748,.T.);
#8752=CLOSED_SHELL('',(#5721,#5739,#5754,#5772,#5792,#5808,#5825,#5842,#5855,#5876,#5894,#5913,#5929,#5946,#5967,#5981,#6000,#6016,#6030,#6046,#6065,#6079,#6095,#6109,#6124,#6138,#6153,#6171,#6187,#6203,#6219,#6235,#6250,#6265,#6280,#6301,#6319,#6337,#6352,#6365,#6378,#6392,#6409,#6424,#6442,#6457,#6477,#6493,#6507,#6522,#6537,#6550,#6568,#6583,#6596,#6612,#6627,#6641,#6652,#6666,#6681,#6692,#6708,#6723,#6736,#6751,#6762,#6774,#6789,#6800,#6816,#6833,#6850,#6864,#6877,#6893,#6911,#6925,#6944,#6958,#6971,#6985,#6997,#7015,#7033,#7048,#7065,#7080,#7093,#7109,#7121,#7136,#7150,#7164,#7180,#7195,#7213,#7228,#7246,#7261,#7276,#7290,#7305,#7318,#7331,#7341,#7355,#7368,#7380,#7396,#7410,#7424,#7439,#7453,#7467,#7478,#7500,#7517,#7533,#7550,#7568,#7589,#7607,#7625,#7642,#7657,#7672,#7689,#7706,#7718,#7733,#7748,#7760,#7775,#7792,#7805,#7818,#7832,#7848,#7860,#7879,#7890,#7907,#7921,#7936,#7949,#7964,#7976,#7986,#8006,#8023,#8039,#8053,#8075,#8092,#8108,#8125,#8141,#8154,#8171,#8184,#8201,#8214,#8230,#8245,#8258,#8273,#8290,#8306,#8319,#8336,#8353,#8371,#8387,#8399,#8417,#8431,#8448,#8466,#8484,#8500,#8516,#8531,#8548,#8568,#8586,#8602,#8620,#8637,#8654,#8671,#8688,#8701,#8721,#8738,#8751));
#8753=MANIFOLD_SOLID_BREP('',#8752);
#8754=COLOUR_RGB('',1.0,1.0,1.0);
#8755=FILL_AREA_STYLE_COLOUR('',#8754);
#8756=FILL_AREA_STYLE('',(#8755));
#8757=SURFACE_STYLE_FILL_AREA(#8756);
#8758=SURFACE_SIDE_STYLE('',(#8757));
#8759=SURFACE_STYLE_USAGE(.BOTH.,#8758);
#8760=PRESENTATION_STYLE_ASSIGNMENT((#8759));
#8761=STYLED_ITEM('',(#8760),#8753);
#8762=ADVANCED_BREP_SHAPE_REPRESENTATION('',(#8753),*);
#8763=PRODUCT_DEFINITION('','',*,*);
#8764=PRODUCT_DEFINITION_SHAPE('','',#8763);
#8765=SHAPE_REPRESENTATION('',(#13),*);
#8766=SHAPE_DEFINITION_REPRESENTATION(#8764,#8765);
#8767=SHAPE_REPRESENTATION_RELATIONSHIP('','',#8765,#8762);
#8768=CARTESIAN_POINT('',(-1.0,-0.25,0.25));
#8769=VERTEX_POINT('',#8768);
#8770=CARTESIAN_POINT('',(-1.0,-0.25,1.25));
#8771=VERTEX_POINT('',#8770);
#8772=CARTESIAN_POINT('',(-0.992131,-0.143382,1.25));
#8773=VERTEX_POINT('',#8772);
#8774=CARTESIAN_POINT('',(-0.992131,-0.143382,0.25));
#8775=VERTEX_POINT('',#8774);
#8776=CARTESIAN_POINT('',(-0.972928,-0.038212,1.25));
#8777=VERTEX_POINT('',#8776);
#8778=CARTESIAN_POINT('',(-0.972928,-0.038212,0.25));
#8779=VERTEX_POINT('',#8778);
#8780=CARTESIAN_POINT('',(-0.942608,0.064307,1.25));
#8781=VERTEX_POINT('',#8780);
#8782=CARTESIAN_POINT('',(-0.942608,0.064307,0.25));
#8783=VERTEX_POINT('',#8782);
#8784=CARTESIAN_POINT('',(-0.90152,0.163005,1.25));
#8785=VERTEX_POINT('',#8784);
#8786=CARTESIAN_POINT('',(-0.90152,0.163005,0.25));
#8787=VERTEX_POINT('',#8786);
#8788=CARTESIAN_POINT('',(-0.850132,0.256753,1.25));
#8789=VERTEX_POINT('',#8788);
#8790=CARTESIAN_POINT('',(-0.850132,0.256753,0.25));
#8791=VERTEX_POINT('',#8790);
#8792=CARTESIAN_POINT('',(-0.789032,0.34448,1.25));
#8793=VERTEX_POINT('',#8792);
#8794=CARTESIAN_POINT('',(-0.789032,0.34448,0.25));
#8795=VERTEX_POINT('',#8794);
#8796=CARTESIAN_POINT('',(-0.718917,0.425185,1.25));
#8797=VERTEX_POINT('',#8796);
#8798=CARTESIAN_POINT('',(-0.718917,0.425185,0.25));
#8799=VERTEX_POINT('',#8798);
#8800=CARTESIAN_POINT('',(-0.640589,0.497946,1.25));
#8801=VERTEX_POINT('',#8800);
#8802=CARTESIAN_POINT('',(-0.640589,0.497946,0.25));
#8803=VERTEX_POINT('',#8802);
#8804=CARTESIAN_POINT('',(-0.554942,0.561931,1.25));
#8805=VERTEX_POINT('',#8804);
#8806=CARTESIAN_POINT('',(-0.554942,0.561931,0.25));
#8807=VERTEX_POINT('',#8806);
#8808=CARTESIAN_POINT('',(-0.462955,0.616408,1.25));
#8809=VERTEX_POINT('',#8808);
#8810=CARTESIAN_POINT('',(-0.462955,0.616408,0.25));
#8811=VERTEX_POINT('',#8810);
#8812=CARTESIAN_POINT('',(-0.365679,0.660756,1.25));
#8813=VERTEX_POINT('',#8812);
#8814=CARTESIAN_POINT('',(-0.365679,0.660756,0.25));
#8815=VERTEX_POINT('',#8814);
#8816=CARTESIAN_POINT('',(-0.264225,0.694469,1.25));
#8817=VERTEX_POINT('',#8816);
#8818=CARTESIAN_POINT('',(-0.264225,0.694469,0.25));
#8819=VERTEX_POINT('',#8818);
#8820=CARTESIAN_POINT('',(-0.159752,0.71716,1.25));
#8821=VERTEX_POINT('',#8820);
#8822=CARTESIAN_POINT('',(-0.159752,0.71716,0.25));
#8823=VERTEX_POINT('',#8822);
#8824=CARTESIAN_POINT('',(-0.053454,0.728571,1.25));
#8825=VERTEX_POINT('',#8824);
#8826=CARTESIAN_POINT('',(-0.053454,0.728571,0.25));
#8827=VERTEX_POINT('',#8826);
#8828=CARTESIAN_POINT('',(0.053454,0.728571,1.25));
#8829=VERTEX_POINT('',#8828);
#8830=CARTESIAN_POINT('',(0.053454,0.728571,0.25));
#8831=VERTEX_POINT('',#8830);
#8832=CARTESIAN_POINT('',(0.159752,0.71716,1.25));
#8833=VERTEX_POINT('',#8832);
#8834=CARTESIAN_POINT('',(0.159752,0.71716,0.25));
#8835=VERTEX_POINT('',#8834);
#8836=CARTESIAN_POINT('',(0.264225,0.694469,1.25));
#8837=VERTEX_POINT('',#8836);
#8838=CARTESIAN_POINT('',(0.264225,0.694469,0.25));
#8839=VERTEX_POINT('',#8838);
#8840=CARTESIAN_POINT('',(0.365679,0.660756,1.25));
#8841=VERTEX_POINT('',#8840);
#8842=CARTESIAN_POINT('',(0.365679,0.660756,0.25));
#8843=VERTEX_POINT('',#8842);
#8844=CARTESIAN_POINT('',(0.462955,0.616408,1.25));
#8845=VERTEX_POINT('',#8844);
#8846=CARTESIAN_POINT('',(0.462955,0.616408,0.25));
#8847=VERTEX_POINT('',#8846);
#8848=CARTESIAN_POINT('',(0.554942,0.561931,1.25));
#8849=VERTEX_POINT('',#8848);
#8850=CARTESIAN_POINT('',(0.554942,0.561931,0.25));
#8851=VERTEX_POINT('',#8850);
#8852=CARTESIAN_POINT('',(0.640589,0.497946,1.25));
#8853=VERTEX_POINT('',#8852);
#8854=CARTESIAN_POINT('',(0.640589,0.497946,0.25));
#8855=VERTEX_POINT('',#8854);
#8856=CARTESIAN_POINT('',(0.718917,0.425185,1.25));
#8857=VERTEX_POINT('',#8856);
#8858=CARTESIAN_POINT('',(0.718917,0.425185,0.25));
#8859=VERTEX_POINT('',#8858);
#8860=CARTESIAN_POINT('',(0.789032,0.34448,1.25));
#8861=VERTEX_POINT('',#8860);
#8862=CARTESIAN_POINT('',(0.789032,0.34448,0.25));
#8863=VERTEX_POINT('',#8862);
#8864=CARTESIAN_POINT('',(0.850132,0.256753,1.25));
#8865=VERTEX_POINT('',#8864);
#8866=CARTESIAN_POINT('',(0.850132,0.256753,0.25));
#8867=VERTEX_POINT('',#8866);
#8868=CARTESIAN_POINT('',(0.90152,0.163005,1.25));
#8869=VERTEX_POINT('',#8868);
#8870=CARTESIAN_POINT('',(0.90152,0.163005,0.25));
#8871=VERTEX_POINT('',#8870);
#8872=CARTESIAN_POINT('',(0.942608,0.064307,1.25));
#8873=VERTEX_POINT('',#8872);
#8874=CARTESIAN_POINT('',(0.942608,0.064307,0.25));
#8875=VERTEX_POINT('',#8874);
#8876=CARTESIAN_POINT('',(0.972928,-0.038212,1.25));
#8877=VERTEX_POINT('',#8876);
#8878=CARTESIAN_POINT('',(0.972928,-0.038212,0.25));
#8879=VERTEX_POINT('',#8878);
#8880=CARTESIAN_POINT('',(0.992131,-0.143382,1.25));
#8881=VERTEX_POINT('',#8880);
#8882=CARTESIAN_POINT('',(0.992131,-0.143382,0.25));
#8883=VERTEX_POINT('',#8882);
#8884=CARTESIAN_POINT('',(1.0,-0.25,1.25));
#8885=VERTEX_POINT('',#8884);
#8886=CARTESIAN_POINT('',(1.0,-0.25,0.25));
#8887=VERTEX_POINT('',#8886);
#8888=CARTESIAN_POINT('',(0.25,-0.77,1.15));
#8889=VERTEX_POINT('',#8888);
#8890=CARTESIAN_POINT('',(0.25,-0.77,0.35));
#8891=VERTEX_POINT('',#8890);
#8892=CARTESIAN_POINT('',(0.25,-0.75,1.15));
#8893=VERTEX_POINT('',#8892);
#8894=CARTESIAN_POINT('',(0.25,-0.75,0.35));
#8895=VERTEX_POINT('',#8894);
#8896=CARTESIAN_POINT('',(-0.25,-0.77,0.35));
#8897=VERTEX_POINT('',#8896);
#8898=CARTESIAN_POINT('',(-0.25,-0.77,1.15));
#8899=VERTEX_POINT('',#8898);
#8900=CARTESIAN_POINT('',(-0.25,-0.75,0.35));
#8901=VERTEX_POINT('',#8900);
#8902=CARTESIAN_POINT('',(-0.25,-0.75,1.15));
#8903=VERTEX_POINT('',#8902);
#8904=CARTESIAN_POINT('',(-0.35,-0.77,1.25));
#8905=VERTEX_POINT('',#8904);
#8906=CARTESIAN_POINT('',(0.35,-0.77,1.25));
#8907=VERTEX_POINT('',#8906);
#8908=CARTESIAN_POINT('',(-0.35,-0.75,1.25));
#8909=VERTEX_POINT('',#8908);
#8910=CARTESIAN_POINT('',(0.35,-0.75,1.25));
#8911=VERTEX_POINT('',#8910);
#8912=CARTESIAN_POINT('',(-0.37,-0.77,0.23));
#8913=VERTEX_POINT('',#8912);
#8914=CARTESIAN_POINT('',(0.37,-0.77,0.23));
#8915=VERTEX_POINT('',#8914);
#8916=CARTESIAN_POINT('',(0.25,-0.75,0.25));
#8917=VERTEX_POINT('',#8916);
#8918=CARTESIAN_POINT('',(-0.25,-0.75,0.25));
#8919=VERTEX_POINT('',#8918);
#8920=CARTESIAN_POINT('',(0.25,-0.57,0.25));
#8921=VERTEX_POINT('',#8920);
#8922=CARTESIAN_POINT('',(-0.25,-0.57,0.25));
#8923=VERTEX_POINT('',#8922);
#8924=CARTESIAN_POINT('',(0.25,-0.57,0.35));
#8925=VERTEX_POINT('',#8924);
#8926=CARTESIAN_POINT('',(0.37,-0.57,0.23));
#8927=VERTEX_POINT('',#8926);
#8928=CARTESIAN_POINT('',(-0.37,-0.57,0.23));
#8929=VERTEX_POINT('',#8928);
#8930=CARTESIAN_POINT('',(-0.25,-0.57,0.35));
#8931=VERTEX_POINT('',#8930);
#8932=CARTESIAN_POINT('',(1.42,-0.75,1.25));
#8933=VERTEX_POINT('',#8932);
#8934=CARTESIAN_POINT('',(1.07,-0.75,1.25));
#8935=VERTEX_POINT('',#8934);
#8936=CARTESIAN_POINT('',(1.42,-0.77,1.25));
#8937=VERTEX_POINT('',#8936);
#8938=CARTESIAN_POINT('',(1.07,-0.77,1.25));
#8939=VERTEX_POINT('',#8938);
#8940=CARTESIAN_POINT('',(1.42,-0.25,1.25));
#8941=VERTEX_POINT('',#8940);
#8942=CARTESIAN_POINT('',(1.423038,-0.25,1.21527));
#8943=VERTEX_POINT('',#8942);
#8944=CARTESIAN_POINT('',(1.432061,-0.25,1.181596));
#8945=VERTEX_POINT('',#8944);
#8946=CARTESIAN_POINT('',(1.446795,-0.25,0.33));
#8947=VERTEX_POINT('',#8946);
#8948=CARTESIAN_POINT('',(1.432061,-0.25,0.298404));
#8949=VERTEX_POINT('',#8948);
#8950=CARTESIAN_POINT('',(1.423038,-0.25,0.26473));
#8951=VERTEX_POINT('',#8950);
#8952=CARTESIAN_POINT('',(1.07,-0.25,0.25));
#8953=VERTEX_POINT('',#8952);
#8954=CARTESIAN_POINT('',(1.421003,-0.25,0.25));
#8955=VERTEX_POINT('',#8954);
#8956=CARTESIAN_POINT('',(1.466791,-0.25,0.358558));
#8957=VERTEX_POINT('',#8956);
#8958=CARTESIAN_POINT('',(1.491442,-0.25,0.383209));
#8959=VERTEX_POINT('',#8958);
#8960=CARTESIAN_POINT('',(1.52,-0.25,0.403205));
#8961=VERTEX_POINT('',#8960);
#8962=CARTESIAN_POINT('',(1.551596,-0.25,1.062062));
#8963=VERTEX_POINT('',#8962);
#8964=CARTESIAN_POINT('',(1.52,-0.25,1.076795));
#8965=VERTEX_POINT('',#8964);
#8966=CARTESIAN_POINT('',(1.491442,-0.25,1.096791));
#8967=VERTEX_POINT('',#8966);
#8968=CARTESIAN_POINT('',(1.466791,-0.25,1.121443));
#8969=VERTEX_POINT('',#8968);
#8970=CARTESIAN_POINT('',(1.446795,-0.25,1.15));
#8971=VERTEX_POINT('',#8970);
#8972=CARTESIAN_POINT('',(1.58527,-0.25,0.426962));
#8973=VERTEX_POINT('',#8972);
#8974=CARTESIAN_POINT('',(1.6,-0.25,0.428997));
#8975=VERTEX_POINT('',#8974);
#8976=CARTESIAN_POINT('',(1.6,-0.25,1.051003));
#8977=VERTEX_POINT('',#8976);
#8978=CARTESIAN_POINT('',(1.551596,-0.25,0.417939));
#8979=VERTEX_POINT('',#8978);
#8980=CARTESIAN_POINT('',(1.58527,-0.25,1.053038));
#8981=VERTEX_POINT('',#8980);
#8982=CARTESIAN_POINT('',(1.42,-0.23,0.23));
#8983=VERTEX_POINT('',#8982);
#8984=CARTESIAN_POINT('',(1.07,-0.23,0.23));
#8985=VERTEX_POINT('',#8984);
#8986=CARTESIAN_POINT('',(1.423038,-0.23,0.26473));
#8987=VERTEX_POINT('',#8986);
#8988=CARTESIAN_POINT('',(1.07,-0.23,0.25));
#8989=VERTEX_POINT('',#8988);
#8990=CARTESIAN_POINT('',(1.432061,-0.23,0.298404));
#8991=VERTEX_POINT('',#8990);
#8992=CARTESIAN_POINT('',(1.446795,-0.23,0.33));
#8993=VERTEX_POINT('',#8992);
#8994=CARTESIAN_POINT('',(1.42,-0.23,1.25));
#8995=VERTEX_POINT('',#8994);
#8996=CARTESIAN_POINT('',(1.423038,-0.23,1.21527));
#8997=VERTEX_POINT('',#8996);
#8998=CARTESIAN_POINT('',(1.0,-0.23,1.25));
#8999=VERTEX_POINT('',#8998);
#9000=CARTESIAN_POINT('',(1.432061,-0.23,1.181596));
#9001=VERTEX_POINT('',#9000);
#9002=CARTESIAN_POINT('',(1.0,-0.23,0.25));
#9003=VERTEX_POINT('',#9002);
#9004=CARTESIAN_POINT('',(1.446795,-0.23,1.15));
#9005=VERTEX_POINT('',#9004);
#9006=CARTESIAN_POINT('',(1.62,-0.23,0.43));
#9007=VERTEX_POINT('',#9006);
#9008=CARTESIAN_POINT('',(1.58527,-0.23,0.426962));
#9009=VERTEX_POINT('',#9008);
#9010=CARTESIAN_POINT('',(1.62,-0.23,1.05));
#9011=VERTEX_POINT('',#9010);
#9012=CARTESIAN_POINT('',(1.551596,-0.23,0.417939));
#9013=VERTEX_POINT('',#9012);
#9014=CARTESIAN_POINT('',(1.52,-0.23,1.076795));
#9015=VERTEX_POINT('',#9014);
#9016=CARTESIAN_POINT('',(1.491442,-0.23,1.096791));
#9017=VERTEX_POINT('',#9016);
#9018=CARTESIAN_POINT('',(1.466791,-0.23,1.121443));
#9019=VERTEX_POINT('',#9018);
#9020=CARTESIAN_POINT('',(1.551596,-0.23,1.062062));
#9021=VERTEX_POINT('',#9020);
#9022=CARTESIAN_POINT('',(1.58527,-0.23,1.053038));
#9023=VERTEX_POINT('',#9022);
#9024=CARTESIAN_POINT('',(1.52,-0.23,0.403205));
#9025=VERTEX_POINT('',#9024);
#9026=CARTESIAN_POINT('',(1.491442,-0.23,0.383209));
#9027=VERTEX_POINT('',#9026);
#9028=CARTESIAN_POINT('',(1.466791,-0.23,0.358558));
#9029=VERTEX_POINT('',#9028);
#9030=CARTESIAN_POINT('',(1.6,-0.75,1.051003));
#9031=VERTEX_POINT('',#9030);
#9032=CARTESIAN_POINT('',(1.6,-0.75,0.428997));
#9033=VERTEX_POINT('',#9032);
#9034=CARTESIAN_POINT('',(1.62,-0.77,0.43));
#9035=VERTEX_POINT('',#9034);
#9036=CARTESIAN_POINT('',(1.62,-0.77,1.05));
#9037=VERTEX_POINT('',#9036);
#9038=CARTESIAN_POINT('',(1.423038,-0.77,1.21527));
#9039=VERTEX_POINT('',#9038);
#9040=CARTESIAN_POINT('',(1.52,-0.77,0.403205));
#9041=VERTEX_POINT('',#9040);
#9042=CARTESIAN_POINT('',(1.491442,-0.77,0.383209));
#9043=VERTEX_POINT('',#9042);
#9044=CARTESIAN_POINT('',(1.466791,-0.77,0.358558));
#9045=VERTEX_POINT('',#9044);
#9046=CARTESIAN_POINT('',(1.58527,-0.77,0.426962));
#9047=VERTEX_POINT('',#9046);
#9048=CARTESIAN_POINT('',(1.551596,-0.77,1.062062));
#9049=VERTEX_POINT('',#9048);
#9050=CARTESIAN_POINT('',(1.52,-0.77,1.076795));
#9051=VERTEX_POINT('',#9050);
#9052=CARTESIAN_POINT('',(1.551596,-0.77,0.417939));
#9053=VERTEX_POINT('',#9052);
#9054=CARTESIAN_POINT('',(1.58527,-0.77,1.053038));
#9055=VERTEX_POINT('',#9054);
#9056=CARTESIAN_POINT('',(1.432061,-0.77,1.181596));
#9057=VERTEX_POINT('',#9056);
#9058=CARTESIAN_POINT('',(1.42,-0.77,0.23));
#9059=VERTEX_POINT('',#9058);
#9060=CARTESIAN_POINT('',(1.423038,-0.77,0.26473));
#9061=VERTEX_POINT('',#9060);
#9062=CARTESIAN_POINT('',(1.07,-0.77,0.23));
#9063=VERTEX_POINT('',#9062);
#9064=CARTESIAN_POINT('',(1.432061,-0.77,0.298404));
#9065=VERTEX_POINT('',#9064);
#9066=CARTESIAN_POINT('',(1.446795,-0.77,0.33));
#9067=VERTEX_POINT('',#9066);
#9068=CARTESIAN_POINT('',(1.491442,-0.77,1.096791));
#9069=VERTEX_POINT('',#9068);
#9070=CARTESIAN_POINT('',(1.466791,-0.77,1.121443));
#9071=VERTEX_POINT('',#9070);
#9072=CARTESIAN_POINT('',(1.446795,-0.77,1.15));
#9073=VERTEX_POINT('',#9072);
#9074=CARTESIAN_POINT('',(1.07,-0.75,0.25));
#9075=VERTEX_POINT('',#9074);
#9076=CARTESIAN_POINT('',(1.423038,-0.75,0.26473));
#9077=VERTEX_POINT('',#9076);
#9078=CARTESIAN_POINT('',(1.421003,-0.75,0.25));
#9079=VERTEX_POINT('',#9078);
#9080=CARTESIAN_POINT('',(1.52,-0.75,0.403205));
#9081=VERTEX_POINT('',#9080);
#9082=CARTESIAN_POINT('',(1.491442,-0.75,0.383209));
#9083=VERTEX_POINT('',#9082);
#9084=CARTESIAN_POINT('',(1.423038,-0.75,1.21527));
#9085=VERTEX_POINT('',#9084);
#9086=CARTESIAN_POINT('',(1.551596,-0.75,1.062062));
#9087=VERTEX_POINT('',#9086);
#9088=CARTESIAN_POINT('',(1.52,-0.75,1.076795));
#9089=VERTEX_POINT('',#9088);
#9090=CARTESIAN_POINT('',(1.491442,-0.75,1.096791));
#9091=VERTEX_POINT('',#9090);
#9092=CARTESIAN_POINT('',(1.432061,-0.75,1.181596));
#9093=VERTEX_POINT('',#9092);
#9094=CARTESIAN_POINT('',(1.446795,-0.75,1.15));
#9095=VERTEX_POINT('',#9094);
#9096=CARTESIAN_POINT('',(1.466791,-0.75,1.121443));
#9097=VERTEX_POINT('',#9096);
#9098=CARTESIAN_POINT('',(1.466791,-0.75,0.358558));
#9099=VERTEX_POINT('',#9098);
#9100=CARTESIAN_POINT('',(1.446795,-0.75,0.33));
#9101=VERTEX_POINT('',#9100);
#9102=CARTESIAN_POINT('',(1.432061,-0.75,0.298404));
#9103=VERTEX_POINT('',#9102);
#9104=CARTESIAN_POINT('',(1.58527,-0.75,1.053038));
#9105=VERTEX_POINT('',#9104);
#9106=CARTESIAN_POINT('',(1.58527,-0.75,0.426962));
#9107=VERTEX_POINT('',#9106);
#9108=CARTESIAN_POINT('',(1.551596,-0.75,0.417939));
#9109=VERTEX_POINT('',#9108);
#9110=CARTESIAN_POINT('',(1.425978,-0.75,1.201468));
#9111=VERTEX_POINT('',#9110);
#9112=CARTESIAN_POINT('',(1.552309,-0.75,1.061803));
#9113=VERTEX_POINT('',#9112);
#9114=CARTESIAN_POINT('',(1.443553,-0.75,1.155838));
#9115=VERTEX_POINT('',#9114);
#9116=CARTESIAN_POINT('',(1.471676,-0.75,1.115836));
#9117=VERTEX_POINT('',#9116);
#9118=CARTESIAN_POINT('',(1.508665,-0.75,1.083854));
#9119=VERTEX_POINT('',#9118);
#9120=CARTESIAN_POINT('',(1.430699,-0.75,0.294539));
#9121=VERTEX_POINT('',#9120);
#9122=CARTESIAN_POINT('',(1.478579,-0.75,0.371421));
#9123=VERTEX_POINT('',#9122);
#9124=CARTESIAN_POINT('',(1.45023,-0.75,0.335726));
#9125=VERTEX_POINT('',#9124);
#9126=CARTESIAN_POINT('',(1.514274,-0.75,0.39977));
#9127=VERTEX_POINT('',#9126);
#9128=CARTESIAN_POINT('',(1.555461,-0.75,0.4193));
#9129=VERTEX_POINT('',#9128);
#9130=CARTESIAN_POINT('',(-1.443553,-0.75,1.155838));
#9131=VERTEX_POINT('',#9130);
#9132=CARTESIAN_POINT('',(-1.471676,-0.75,1.115836));
#9133=VERTEX_POINT('',#9132);
#9134=CARTESIAN_POINT('',(-1.508665,-0.75,1.083854));
#9135=VERTEX_POINT('',#9134);
#9136=CARTESIAN_POINT('',(-1.421003,-0.75,0.25));
#9137=VERTEX_POINT('',#9136);
#9138=CARTESIAN_POINT('',(-1.552309,-0.75,1.061803));
#9139=VERTEX_POINT('',#9138);
#9140=CARTESIAN_POINT('',(-1.430699,-0.75,0.294539));
#9141=VERTEX_POINT('',#9140);
#9142=CARTESIAN_POINT('',(-1.6,-0.75,1.051003));
#9143=VERTEX_POINT('',#9142);
#9144=CARTESIAN_POINT('',(-1.6,-0.75,0.428997));
#9145=VERTEX_POINT('',#9144);
#9146=CARTESIAN_POINT('',(-1.555461,-0.75,0.4193));
#9147=VERTEX_POINT('',#9146);
#9148=CARTESIAN_POINT('',(-1.514274,-0.75,0.39977));
#9149=VERTEX_POINT('',#9148);
#9150=CARTESIAN_POINT('',(-1.425978,-0.75,1.201468));
#9151=VERTEX_POINT('',#9150);
#9152=CARTESIAN_POINT('',(-1.42,-0.75,1.25));
#9153=VERTEX_POINT('',#9152);
#9154=CARTESIAN_POINT('',(-1.478579,-0.75,0.371421));
#9155=VERTEX_POINT('',#9154);
#9156=CARTESIAN_POINT('',(-1.45023,-0.75,0.335726));
#9157=VERTEX_POINT('',#9156);
#9158=CARTESIAN_POINT('',(-1.421003,-0.25,0.25));
#9159=VERTEX_POINT('',#9158);
#9160=CARTESIAN_POINT('',(-1.6,-0.25,1.051003));
#9161=VERTEX_POINT('',#9160);
#9162=CARTESIAN_POINT('',(-1.6,-0.25,0.428997));
#9163=VERTEX_POINT('',#9162);
#9164=CARTESIAN_POINT('',(-1.42,-0.25,1.25));
#9165=VERTEX_POINT('',#9164);
#9166=CARTESIAN_POINT('',(-1.508665,-0.25,1.083854));
#9167=VERTEX_POINT('',#9166);
#9168=CARTESIAN_POINT('',(-1.471676,-0.25,1.115836));
#9169=VERTEX_POINT('',#9168);
#9170=CARTESIAN_POINT('',(1.443553,-0.25,1.155838));
#9171=VERTEX_POINT('',#9170);
#9172=CARTESIAN_POINT('',(-1.552309,-0.25,1.061803));
#9173=VERTEX_POINT('',#9172);
#9174=CARTESIAN_POINT('',(-1.430699,-0.25,0.294539));
#9175=VERTEX_POINT('',#9174);
#9176=CARTESIAN_POINT('',(-1.45023,-0.25,0.335726));
#9177=VERTEX_POINT('',#9176);
#9178=CARTESIAN_POINT('',(1.552309,-0.25,1.061803));
#9179=VERTEX_POINT('',#9178);
#9180=CARTESIAN_POINT('',(1.430699,-0.25,0.294539));
#9181=VERTEX_POINT('',#9180);
#9182=CARTESIAN_POINT('',(1.45023,-0.25,0.335726));
#9183=VERTEX_POINT('',#9182);
#9184=CARTESIAN_POINT('',(-1.555461,-0.25,0.4193));
#9185=VERTEX_POINT('',#9184);
#9186=CARTESIAN_POINT('',(-1.425978,-0.25,1.201468));
#9187=VERTEX_POINT('',#9186);
#9188=CARTESIAN_POINT('',(1.471676,-0.25,1.115836));
#9189=VERTEX_POINT('',#9188);
#9190=CARTESIAN_POINT('',(1.508665,-0.25,1.083854));
#9191=VERTEX_POINT('',#9190);
#9192=CARTESIAN_POINT('',(-1.478579,-0.25,0.371421));
#9193=VERTEX_POINT('',#9192);
#9194=CARTESIAN_POINT('',(-1.514274,-0.25,0.39977));
#9195=VERTEX_POINT('',#9194);
#9196=CARTESIAN_POINT('',(-1.443553,-0.25,1.155838));
#9197=VERTEX_POINT('',#9196);
#9198=CARTESIAN_POINT('',(1.425978,-0.25,1.201468));
#9199=VERTEX_POINT('',#9198);
#9200=CARTESIAN_POINT('',(1.555461,-0.25,0.4193));
#9201=VERTEX_POINT('',#9200);
#9202=CARTESIAN_POINT('',(1.514274,-0.25,0.39977));
#9203=VERTEX_POINT('',#9202);
#9204=CARTESIAN_POINT('',(1.478579,-0.25,0.371421));
#9205=VERTEX_POINT('',#9204);
#9206=CARTESIAN_POINT('',(-1.0,-0.23,0.25));
#9207=VERTEX_POINT('',#9206);
#9208=CARTESIAN_POINT('',(-1.421003,-0.23,0.25));
#9209=VERTEX_POINT('',#9208);
#9210=CARTESIAN_POINT('',(-1.42,-0.23,1.25));
#9211=VERTEX_POINT('',#9210);
#9212=CARTESIAN_POINT('',(-1.0,-0.23,1.25));
#9213=VERTEX_POINT('',#9212);
#9214=CARTESIAN_POINT('',(-1.423038,-0.75,1.21527));
#9215=VERTEX_POINT('',#9214);
#9216=CARTESIAN_POINT('',(-1.07,-0.75,1.25));
#9217=VERTEX_POINT('',#9216);
#9218=CARTESIAN_POINT('',(-1.551596,-0.75,1.062062));
#9219=VERTEX_POINT('',#9218);
#9220=CARTESIAN_POINT('',(-1.52,-0.75,1.076795));
#9221=VERTEX_POINT('',#9220);
#9222=CARTESIAN_POINT('',(-1.07,-0.75,0.25));
#9223=VERTEX_POINT('',#9222);
#9224=CARTESIAN_POINT('',(-1.491442,-0.75,1.096791));
#9225=VERTEX_POINT('',#9224);
#9226=CARTESIAN_POINT('',(-1.466791,-0.75,1.121443));
#9227=VERTEX_POINT('',#9226);
#9228=CARTESIAN_POINT('',(-1.446795,-0.75,1.15));
#9229=VERTEX_POINT('',#9228);
#9230=CARTESIAN_POINT('',(-1.432061,-0.75,1.181596));
#9231=VERTEX_POINT('',#9230);
#9232=CARTESIAN_POINT('',(-1.426907,-0.75,0.282106));
#9233=VERTEX_POINT('',#9232);
#9234=CARTESIAN_POINT('',(-1.437955,-0.75,0.312824));
#9235=VERTEX_POINT('',#9234);
#9236=CARTESIAN_POINT('',(-1.453854,-0.75,0.341335));
#9237=VERTEX_POINT('',#9236);
#9238=CARTESIAN_POINT('',(-1.474179,-0.75,0.36688));
#9239=VERTEX_POINT('',#9238);
#9240=CARTESIAN_POINT('',(-1.498388,-0.75,0.388778));
#9241=VERTEX_POINT('',#9240);
#9242=CARTESIAN_POINT('',(-1.587465,-0.75,0.427336));
#9243=VERTEX_POINT('',#9242);
#9244=CARTESIAN_POINT('',(-1.58527,-0.75,1.053038));
#9245=VERTEX_POINT('',#9244);
#9246=CARTESIAN_POINT('',(-1.555796,-0.75,0.419414));
#9247=VERTEX_POINT('',#9246);
#9248=CARTESIAN_POINT('',(-1.525838,-0.75,0.406447));
#9249=VERTEX_POINT('',#9248);
#9250=CARTESIAN_POINT('',(-1.07,-0.77,0.25));
#9251=VERTEX_POINT('',#9250);
#9252=CARTESIAN_POINT('',(-1.07,-0.77,1.25));
#9253=VERTEX_POINT('',#9252);
#9254=CARTESIAN_POINT('',(-1.426907,-0.77,0.282106));
#9255=VERTEX_POINT('',#9254);
#9256=CARTESIAN_POINT('',(-1.421003,-0.77,0.25));
#9257=VERTEX_POINT('',#9256);
#9258=CARTESIAN_POINT('',(-1.42,-0.77,1.25));
#9259=VERTEX_POINT('',#9258);
#9260=CARTESIAN_POINT('',(-1.423038,-0.77,1.21527));
#9261=VERTEX_POINT('',#9260);
#9262=CARTESIAN_POINT('',(-1.432061,-0.77,1.181596));
#9263=VERTEX_POINT('',#9262);
#9264=CARTESIAN_POINT('',(-1.446795,-0.77,1.15));
#9265=VERTEX_POINT('',#9264);
#9266=CARTESIAN_POINT('',(-1.466791,-0.77,1.121443));
#9267=VERTEX_POINT('',#9266);
#9268=CARTESIAN_POINT('',(-1.491442,-0.77,1.096791));
#9269=VERTEX_POINT('',#9268);
#9270=CARTESIAN_POINT('',(-1.52,-0.77,1.076795));
#9271=VERTEX_POINT('',#9270);
#9272=CARTESIAN_POINT('',(-1.551596,-0.77,1.062062));
#9273=VERTEX_POINT('',#9272);
#9274=CARTESIAN_POINT('',(-1.62,-0.77,1.05));
#9275=VERTEX_POINT('',#9274);
#9276=CARTESIAN_POINT('',(-1.62,-0.77,0.43));
#9277=VERTEX_POINT('',#9276);
#9278=CARTESIAN_POINT('',(-1.58527,-0.77,1.053038));
#9279=VERTEX_POINT('',#9278);
#9280=CARTESIAN_POINT('',(-1.587465,-0.77,0.427336));
#9281=VERTEX_POINT('',#9280);
#9282=CARTESIAN_POINT('',(-1.498388,-0.77,0.388778));
#9283=VERTEX_POINT('',#9282);
#9284=CARTESIAN_POINT('',(-1.474179,-0.77,0.36688));
#9285=VERTEX_POINT('',#9284);
#9286=CARTESIAN_POINT('',(-1.453854,-0.77,0.341335));
#9287=VERTEX_POINT('',#9286);
#9288=CARTESIAN_POINT('',(-1.437955,-0.77,0.312824));
#9289=VERTEX_POINT('',#9288);
#9290=CARTESIAN_POINT('',(-1.555796,-0.77,0.419414));
#9291=VERTEX_POINT('',#9290);
#9292=CARTESIAN_POINT('',(-1.525838,-0.77,0.406447));
#9293=VERTEX_POINT('',#9292);
#9294=CARTESIAN_POINT('',(-1.62,-0.23,1.05));
#9295=VERTEX_POINT('',#9294);
#9296=CARTESIAN_POINT('',(-1.62,-0.23,0.43));
#9297=VERTEX_POINT('',#9296);
#9298=CARTESIAN_POINT('',(-1.423038,-0.23,1.21527));
#9299=VERTEX_POINT('',#9298);
#9300=CARTESIAN_POINT('',(-1.453854,-0.23,0.341335));
#9301=VERTEX_POINT('',#9300);
#9302=CARTESIAN_POINT('',(-1.58527,-0.23,1.053038));
#9303=VERTEX_POINT('',#9302);
#9304=CARTESIAN_POINT('',(-1.437955,-0.23,0.312824));
#9305=VERTEX_POINT('',#9304);
#9306=CARTESIAN_POINT('',(-1.551596,-0.23,1.062062));
#9307=VERTEX_POINT('',#9306);
#9308=CARTESIAN_POINT('',(-1.426907,-0.23,0.282106));
#9309=VERTEX_POINT('',#9308);
#9310=CARTESIAN_POINT('',(-1.52,-0.23,1.076795));
#9311=VERTEX_POINT('',#9310);
#9312=CARTESIAN_POINT('',(-1.491442,-0.23,1.096791));
#9313=VERTEX_POINT('',#9312);
#9314=CARTESIAN_POINT('',(-1.466791,-0.23,1.121443));
#9315=VERTEX_POINT('',#9314);
#9316=CARTESIAN_POINT('',(-1.446795,-0.23,1.15));
#9317=VERTEX_POINT('',#9316);
#9318=CARTESIAN_POINT('',(-1.432061,-0.23,1.181596));
#9319=VERTEX_POINT('',#9318);
#9320=CARTESIAN_POINT('',(-1.474179,-0.23,0.36688));
#9321=VERTEX_POINT('',#9320);
#9322=CARTESIAN_POINT('',(-1.498388,-0.23,0.388778));
#9323=VERTEX_POINT('',#9322);
#9324=CARTESIAN_POINT('',(-1.525838,-0.23,0.406447));
#9325=VERTEX_POINT('',#9324);
#9326=CARTESIAN_POINT('',(-1.587465,-0.23,0.427336));
#9327=VERTEX_POINT('',#9326);
#9328=CARTESIAN_POINT('',(-1.555796,-0.23,0.419414));
#9329=VERTEX_POINT('',#9328);
#9330=CARTESIAN_POINT('',(-1.423038,-0.25,1.21527));
#9331=VERTEX_POINT('',#9330);
#9332=CARTESIAN_POINT('',(-1.432061,-0.25,1.181596));
#9333=VERTEX_POINT('',#9332);
#9334=CARTESIAN_POINT('',(-1.446795,-0.25,1.15));
#9335=VERTEX_POINT('',#9334);
#9336=CARTESIAN_POINT('',(-1.466791,-0.25,1.121443));
#9337=VERTEX_POINT('',#9336);
#9338=CARTESIAN_POINT('',(-1.491442,-0.25,1.096791));
#9339=VERTEX_POINT('',#9338);
#9340=CARTESIAN_POINT('',(-1.52,-0.25,1.076795));
#9341=VERTEX_POINT('',#9340);
#9342=CARTESIAN_POINT('',(-1.551596,-0.25,1.062062));
#9343=VERTEX_POINT('',#9342);
#9344=CARTESIAN_POINT('',(-1.426907,-0.25,0.282106));
#9345=VERTEX_POINT('',#9344);
#9346=CARTESIAN_POINT('',(-1.498388,-0.25,0.388778));
#9347=VERTEX_POINT('',#9346);
#9348=CARTESIAN_POINT('',(-1.474179,-0.25,0.36688));
#9349=VERTEX_POINT('',#9348);
#9350=CARTESIAN_POINT('',(-1.453854,-0.25,0.341335));
#9351=VERTEX_POINT('',#9350);
#9352=CARTESIAN_POINT('',(-1.437955,-0.25,0.312824));
#9353=VERTEX_POINT('',#9352);
#9354=CARTESIAN_POINT('',(-1.58527,-0.25,1.053038));
#9355=VERTEX_POINT('',#9354);
#9356=CARTESIAN_POINT('',(-1.587465,-0.25,0.427336));
#9357=VERTEX_POINT('',#9356);
#9358=CARTESIAN_POINT('',(-1.555796,-0.25,0.419414));
#9359=VERTEX_POINT('',#9358);
#9360=CARTESIAN_POINT('',(-1.525838,-0.25,0.406447));
#9361=VERTEX_POINT('',#9360);
#9362=CARTESIAN_POINT('',(-1.07,-0.23,0.25));
#9363=VERTEX_POINT('',#9362);
#9364=CARTESIAN_POINT('',(-1.42,-0.23,0.23));
#9365=VERTEX_POINT('',#9364);
#9366=CARTESIAN_POINT('',(-1.07,-0.23,0.23));
#9367=VERTEX_POINT('',#9366);
#9368=CARTESIAN_POINT('',(-1.07,-0.77,0.23));
#9369=VERTEX_POINT('',#9368);
#9370=CARTESIAN_POINT('',(-1.42,-0.77,0.23));
#9371=VERTEX_POINT('',#9370);
#9372=LINE('',#8768,#1194);
#9373=EDGE_CURVE('',#8769,#8771,#9372,.T.);
#9374=DIRECTION('',(0.07360534735207423,0.9972874474499218,0.0));
#9375=VECTOR('',#9374,1000.0);
#9376=LINE('',#8770,#9375);
#9377=EDGE_CURVE('',#8771,#8773,#9376,.T.);
#9378=DIRECTION('',(-0.007824413179849797,-0.10601388796660619,-0.9943338645126168));
#9379=VECTOR('',#9378,1000.0);
#9380=LINE('',#8772,#9379);
#9381=EDGE_CURVE('',#8773,#8769,#9380,.T.);
#9382=ORIENTED_EDGE('',*,*,#9373,.T.);
#9383=ORIENTED_EDGE('',*,*,#9377,.T.);
#9384=ORIENTED_EDGE('',*,*,#9381,.T.);
#9385=DIRECTION('',(-0.9972874474499218,0.07360534735207423,0.0));
#9386=AXIS2_PLACEMENT_3D('',#8768,#9385,#11);
#9387=PLANE('',#9386);
#9388=EDGE_LOOP('',(#9382,#9383,#9384));
#9389=FACE_BOUND('',#9388,.T.);
#9390=ADVANCED_FACE('',(#9389),#9387,.T.);
#9391=DIRECTION('',(0.0,0.0,-1.0));
#9392=VECTOR('',#9391,1000.0);
#9393=LINE('',#8772,#9392);
#9394=EDGE_CURVE('',#8773,#8775,#9393,.T.);
#9395=DIRECTION('',(-0.07360534735207423,-0.9972874474499218,0.0));
#9396=VECTOR('',#9395,1000.0);
#9397=LINE('',#8774,#9396);
#9398=EDGE_CURVE('',#8775,#8769,#9397,.T.);
#9399=ORIENTED_EDGE('',*,*,#9381,.F.);
#9400=ORIENTED_EDGE('',*,*,#9394,.T.);
#9401=ORIENTED_EDGE('',*,*,#9398,.T.);
#9402=DIRECTION('',(0.007824413179849797,0.10601388796660619,0.9943338645126168));
#9403=AXIS2_PLACEMENT_3D('',#8768,#9385,#9402);
#9404=PLANE('',#9403);
#9405=EDGE_LOOP('',(#9399,#9400,#9401));
#9406=FACE_BOUND('',#9405,.T.);
#9407=ADVANCED_FACE('',(#9406),#9404,.T.);
#9408=DIRECTION('',(0.17962044493590712,0.9837359888511891,0.0));
#9409=VECTOR('',#9408,1000.0);
#9410=LINE('',#8772,#9409);
#9411=EDGE_CURVE('',#8773,#8777,#9410,.T.);
#9412=DIRECTION('',(-0.019094191642539286,-0.10457408399968025,-0.9943337833952671));
#9413=VECTOR('',#9412,1000.0);
#9414=LINE('',#8776,#9413);
#9415=EDGE_CURVE('',#8777,#8775,#9414,.T.);
#9416=ORIENTED_EDGE('',*,*,#9394,.F.);
#9417=ORIENTED_EDGE('',*,*,#9411,.T.);
#9418=ORIENTED_EDGE('',*,*,#9415,.T.);
#9419=DIRECTION('',(-0.9837359888511891,0.17962044493590712,0.0));
#9420=AXIS2_PLACEMENT_3D('',#8774,#9419,#11);
#9421=PLANE('',#9420);
#9422=EDGE_LOOP('',(#9416,#9417,#9418));
#9423=FACE_BOUND('',#9422,.T.);
#9424=ADVANCED_FACE('',(#9423),#9421,.T.);
#9425=DIRECTION('',(0.0,0.0,-1.0));
#9426=VECTOR('',#9425,1000.0);
#9427=LINE('',#8776,#9426);
#9428=EDGE_CURVE('',#8777,#8779,#9427,.T.);
#9429=DIRECTION('',(-0.17962044493590712,-0.9837359888511891,0.0));
#9430=VECTOR('',#9429,1000.0);
#9431=LINE('',#8778,#9430);
#9432=EDGE_CURVE('',#8779,#8775,#9431,.T.);
#9433=ORIENTED_EDGE('',*,*,#9415,.F.);
#9434=ORIENTED_EDGE('',*,*,#9428,.T.);
#9435=ORIENTED_EDGE('',*,*,#9432,.T.);
#9436=DIRECTION('',(0.019094191642539286,0.10457408399968025,0.9943337833952671));
#9437=AXIS2_PLACEMENT_3D('',#8774,#9419,#9436);
#9438=PLANE('',#9437);
#9439=EDGE_LOOP('',(#9433,#9434,#9435));
#9440=FACE_BOUND('',#9439,.T.);
#9441=ADVANCED_FACE('',(#9440),#9438,.T.);
#9442=DIRECTION('',(0.28360675677223757,0.9589406694437008,0.0));
#9443=VECTOR('',#9442,1000.0);
#9444=LINE('',#8776,#9443);
#9445=EDGE_CURVE('',#8777,#8781,#9444,.T.);
#9446=DIRECTION('',(-0.030148200854266317,-0.1019381069715873,-0.9943338012620812));
#9447=VECTOR('',#9446,1000.0);
#9448=LINE('',#8780,#9447);
#9449=EDGE_CURVE('',#8781,#8779,#9448,.T.);
#9450=ORIENTED_EDGE('',*,*,#9428,.F.);
#9451=ORIENTED_EDGE('',*,*,#9445,.T.);
#9452=ORIENTED_EDGE('',*,*,#9449,.T.);
#9453=DIRECTION('',(-0.9589406694437007,0.28360675677223757,0.0));
#9454=AXIS2_PLACEMENT_3D('',#8778,#9453,#11);
#9455=PLANE('',#9454);
#9456=EDGE_LOOP('',(#9450,#9451,#9452));
#9457=FACE_BOUND('',#9456,.T.);
#9458=ADVANCED_FACE('',(#9457),#9455,.T.);
#9459=DIRECTION('',(0.0,0.0,-1.0));
#9460=VECTOR('',#9459,1000.0);
#9461=LINE('',#8780,#9460);
#9462=EDGE_CURVE('',#8781,#8783,#9461,.T.);
#9463=DIRECTION('',(-0.28360675677223757,-0.9589406694437008,0.0));
#9464=VECTOR('',#9463,1000.0);
#9465=LINE('',#8782,#9464);
#9466=EDGE_CURVE('',#8783,#8779,#9465,.T.);
#9467=ORIENTED_EDGE('',*,*,#9449,.F.);
#9468=ORIENTED_EDGE('',*,*,#9462,.T.);
#9469=ORIENTED_EDGE('',*,*,#9466,.T.);
#9470=DIRECTION('',(0.030148200854266317,0.1019381069715873,0.9943338012620812));
#9471=AXIS2_PLACEMENT_3D('',#8778,#9453,#9470);
#9472=PLANE('',#9471);
#9473=EDGE_LOOP('',(#9467,#9468,#9469));
#9474=FACE_BOUND('',#9473,.T.);
#9475=ADVANCED_FACE('',(#9474),#9472,.T.);
#9476=DIRECTION('',(0.3843271152129998,0.9231969825080959,0.0));
#9477=VECTOR('',#9476,1000.0);
#9478=LINE('',#8780,#9477);
#9479=EDGE_CURVE('',#8781,#8785,#9478,.T.);
#9480=DIRECTION('',(-0.04085518578851002,-0.09813875406333629,-0.9943337662702009));
#9481=VECTOR('',#9480,1000.0);
#9482=LINE('',#8784,#9481);
#9483=EDGE_CURVE('',#8785,#8783,#9482,.T.);
#9484=ORIENTED_EDGE('',*,*,#9462,.F.);
#9485=ORIENTED_EDGE('',*,*,#9479,.T.);
#9486=ORIENTED_EDGE('',*,*,#9483,.T.);
#9487=DIRECTION('',(-0.9231969825080959,0.3843271152129998,0.0));
#9488=AXIS2_PLACEMENT_3D('',#8782,#9487,#11);
#9489=PLANE('',#9488);
#9490=EDGE_LOOP('',(#9484,#9485,#9486));
#9491=FACE_BOUND('',#9490,.T.);
#9492=ADVANCED_FACE('',(#9491),#9489,.T.);
#9493=DIRECTION('',(0.0,0.0,-1.0));
#9494=VECTOR('',#9493,1000.0);
#9495=LINE('',#8784,#9494);
#9496=EDGE_CURVE('',#8785,#8787,#9495,.T.);
#9497=DIRECTION('',(-0.3843271152129998,-0.9231969825080959,0.0));
#9498=VECTOR('',#9497,1000.0);
#9499=LINE('',#8786,#9498);
#9500=EDGE_CURVE('',#8787,#8783,#9499,.T.);
#9501=ORIENTED_EDGE('',*,*,#9483,.F.);
#9502=ORIENTED_EDGE('',*,*,#9496,.T.);
#9503=ORIENTED_EDGE('',*,*,#9500,.T.);
#9504=DIRECTION('',(0.04085518578851002,0.09813875406333629,0.9943337662702009));
#9505=AXIS2_PLACEMENT_3D('',#8782,#9487,#9504);
#9506=PLANE('',#9505);
#9507=EDGE_LOOP('',(#9501,#9502,#9503));
#9508=FACE_BOUND('',#9507,.T.);
#9509=ADVANCED_FACE('',(#9508),#9506,.T.);
#9510=DIRECTION('',(0.4806730049873935,0.8768999157694048,0.0));
#9511=VECTOR('',#9510,1000.0);
#9512=LINE('',#8784,#9511);
#9513=EDGE_CURVE('',#8785,#8789,#9512,.T.);
#9514=DIRECTION('',(-0.05109682623083638,-0.09321680675427046,-0.9943338178336654));
#9515=VECTOR('',#9514,1000.0);
#9516=LINE('',#8788,#9515);
#9517=EDGE_CURVE('',#8789,#8787,#9516,.T.);
#9518=ORIENTED_EDGE('',*,*,#9496,.F.);
#9519=ORIENTED_EDGE('',*,*,#9513,.T.);
#9520=ORIENTED_EDGE('',*,*,#9517,.T.);
#9521=DIRECTION('',(-0.8768999157694047,0.48067300498739346,0.0));
#9522=AXIS2_PLACEMENT_3D('',#8786,#9521,#11);
#9523=PLANE('',#9522);
#9524=EDGE_LOOP('',(#9518,#9519,#9520));
#9525=FACE_BOUND('',#9524,.T.);
#9526=ADVANCED_FACE('',(#9525),#9523,.T.);
#9527=DIRECTION('',(0.0,0.0,-1.0));
#9528=VECTOR('',#9527,1000.0);
#9529=LINE('',#8788,#9528);
#9530=EDGE_CURVE('',#8789,#8791,#9529,.T.);
#9531=DIRECTION('',(-0.4806730049873935,-0.8768999157694048,0.0));
#9532=VECTOR('',#9531,1000.0);
#9533=LINE('',#8790,#9532);
#9534=EDGE_CURVE('',#8791,#8787,#9533,.T.);
#9535=ORIENTED_EDGE('',*,*,#9517,.F.);
#9536=ORIENTED_EDGE('',*,*,#9530,.T.);
#9537=ORIENTED_EDGE('',*,*,#9534,.T.);
#9538=DIRECTION('',(0.05109682623083638,0.09321680675427046,0.9943338178336654));
#9539=AXIS2_PLACEMENT_3D('',#8786,#9521,#9538);
#9540=PLANE('',#9539);
#9541=EDGE_LOOP('',(#9535,#9536,#9537));
#9542=FACE_BOUND('',#9541,.T.);
#9543=ADVANCED_FACE('',(#9542),#9540,.T.);
#9544=DIRECTION('',(0.5715215358558604,0.8205870667107533,0.0));
#9545=VECTOR('',#9544,1000.0);
#9546=LINE('',#8788,#9545);
#9547=EDGE_CURVE('',#8789,#8793,#9546,.T.);
#9548=DIRECTION('',(-0.06075380160117789,-0.08722993049208722,-0.9943339050929272));
#9549=VECTOR('',#9548,1000.0);
#9550=LINE('',#8792,#9549);
#9551=EDGE_CURVE('',#8793,#8791,#9550,.T.);
#9552=ORIENTED_EDGE('',*,*,#9530,.F.);
#9553=ORIENTED_EDGE('',*,*,#9547,.T.);
#9554=ORIENTED_EDGE('',*,*,#9551,.T.);
#9555=DIRECTION('',(-0.8205870667107534,0.5715215358558605,0.0));
#9556=AXIS2_PLACEMENT_3D('',#8790,#9555,#11);
#9557=PLANE('',#9556);
#9558=EDGE_LOOP('',(#9552,#9553,#9554));
#9559=FACE_BOUND('',#9558,.T.);
#9560=ADVANCED_FACE('',(#9559),#9557,.T.);
#9561=DIRECTION('',(0.0,0.0,-1.0));
#9562=VECTOR('',#9561,1000.0);
#9563=LINE('',#8792,#9562);
#9564=EDGE_CURVE('',#8793,#8795,#9563,.T.);
#9565=DIRECTION('',(-0.5715215358558604,-0.8205870667107533,0.0));
#9566=VECTOR('',#9565,1000.0);
#9567=LINE('',#8794,#9566);
#9568=EDGE_CURVE('',#8795,#8791,#9567,.T.);
#9569=ORIENTED_EDGE('',*,*,#9551,.F.);
#9570=ORIENTED_EDGE('',*,*,#9564,.T.);
#9571=ORIENTED_EDGE('',*,*,#9568,.T.);
#9572=DIRECTION('',(0.06075380160117789,0.08722993049208722,0.9943339050929272));
#9573=AXIS2_PLACEMENT_3D('',#8790,#9555,#9572);
#9574=PLANE('',#9573);
#9575=EDGE_LOOP('',(#9569,#9570,#9571));
#9576=FACE_BOUND('',#9575,.T.);
#9577=ADVANCED_FACE('',(#9576),#9574,.T.);
#9578=DIRECTION('',(0.6558417012600729,0.7548984454138803,0.0));
#9579=VECTOR('',#9578,1000.0);
#9580=LINE('',#8792,#9579);
#9581=EDGE_CURVE('',#8793,#8797,#9580,.T.);
#9582=DIRECTION('',(-0.06971771576830524,-0.08024771091893429,-0.9943338197005678));
#9583=VECTOR('',#9582,1000.0);
#9584=LINE('',#8796,#9583);
#9585=EDGE_CURVE('',#8797,#8795,#9584,.T.);
#9586=ORIENTED_EDGE('',*,*,#9564,.F.);
#9587=ORIENTED_EDGE('',*,*,#9581,.T.);
#9588=ORIENTED_EDGE('',*,*,#9585,.T.);
#9589=DIRECTION('',(-0.7548984454138804,0.655841701260073,0.0));
#9590=AXIS2_PLACEMENT_3D('',#8794,#9589,#11);
#9591=PLANE('',#9590);
#9592=EDGE_LOOP('',(#9586,#9587,#9588));
#9593=FACE_BOUND('',#9592,.T.);
#9594=ADVANCED_FACE('',(#9593),#9591,.T.);
#9595=DIRECTION('',(0.0,0.0,-1.0));
#9596=VECTOR('',#9595,1000.0);
#9597=LINE('',#8796,#9596);
#9598=EDGE_CURVE('',#8797,#8799,#9597,.T.);
#9599=DIRECTION('',(-0.6558417012600729,-0.7548984454138803,0.0));
#9600=VECTOR('',#9599,1000.0);
#9601=LINE('',#8798,#9600);
#9602=EDGE_CURVE('',#8799,#8795,#9601,.T.);
#9603=ORIENTED_EDGE('',*,*,#9585,.F.);
#9604=ORIENTED_EDGE('',*,*,#9598,.T.);
#9605=ORIENTED_EDGE('',*,*,#9602,.T.);
#9606=DIRECTION('',(0.06971771576830524,0.08024771091893429,0.9943338197005678));
#9607=AXIS2_PLACEMENT_3D('',#8794,#9589,#9606);
#9608=PLANE('',#9607);
#9609=EDGE_LOOP('',(#9603,#9604,#9605));
#9610=FACE_BOUND('',#9609,.T.);
#9611=ADVANCED_FACE('',(#9610),#9608,.T.);
#9612=DIRECTION('',(0.7326635503005181,0.6805910093889282,0.0));
#9613=VECTOR('',#9612,1000.0);
#9614=LINE('',#8796,#9613);
#9615=EDGE_CURVE('',#8797,#8801,#9614,.T.);
#9616=DIRECTION('',(-0.07788417833393076,-0.0723487220375234,-0.9943338057135468));
#9617=VECTOR('',#9616,1000.0);
#9618=LINE('',#8800,#9617);
#9619=EDGE_CURVE('',#8801,#8799,#9618,.T.);
#9620=ORIENTED_EDGE('',*,*,#9598,.F.);
#9621=ORIENTED_EDGE('',*,*,#9615,.T.);
#9622=ORIENTED_EDGE('',*,*,#9619,.T.);
#9623=DIRECTION('',(-0.6805910093889282,0.7326635503005181,0.0));
#9624=AXIS2_PLACEMENT_3D('',#8798,#9623,#11);
#9625=PLANE('',#9624);
#9626=EDGE_LOOP('',(#9620,#9621,#9622));
#9627=FACE_BOUND('',#9626,.T.);
#9628=ADVANCED_FACE('',(#9627),#9625,.T.);
#9629=DIRECTION('',(0.0,0.0,-1.0));
#9630=VECTOR('',#9629,1000.0);
#9631=LINE('',#8800,#9630);
#9632=EDGE_CURVE('',#8801,#8803,#9631,.T.);
#9633=DIRECTION('',(-0.7326635503005181,-0.6805910093889282,0.0));
#9634=VECTOR('',#9633,1000.0);
#9635=LINE('',#8802,#9634);
#9636=EDGE_CURVE('',#8803,#8799,#9635,.T.);
#9637=ORIENTED_EDGE('',*,*,#9619,.F.);
#9638=ORIENTED_EDGE('',*,*,#9632,.T.);
#9639=ORIENTED_EDGE('',*,*,#9636,.T.);
#9640=DIRECTION('',(0.07788417833393076,0.0723487220375234,0.9943338057135468));
#9641=AXIS2_PLACEMENT_3D('',#8798,#9623,#9640);
#9642=PLANE('',#9641);
#9643=EDGE_LOOP('',(#9637,#9638,#9639));
#9644=FACE_BOUND('',#9643,.T.);
#9645=ADVANCED_FACE('',(#9644),#9642,.T.);
#9646=DIRECTION('',(0.8011221719277828,0.5985008484920569,0.0));
#9647=VECTOR('',#9646,1000.0);
#9648=LINE('',#8800,#9647);
#9649=EDGE_CURVE('',#8801,#8805,#9648,.T.);
#9650=DIRECTION('',(-0.08516170534753338,-0.06362244698193661,-0.9943337810726991));
#9651=VECTOR('',#9650,1000.0);
#9652=LINE('',#8804,#9651);
#9653=EDGE_CURVE('',#8805,#8803,#9652,.T.);
#9654=ORIENTED_EDGE('',*,*,#9632,.F.);
#9655=ORIENTED_EDGE('',*,*,#9649,.T.);
#9656=ORIENTED_EDGE('',*,*,#9653,.T.);
#9657=DIRECTION('',(-0.5985008484920569,0.8011221719277828,0.0));
#9658=AXIS2_PLACEMENT_3D('',#8802,#9657,#11);
#9659=PLANE('',#9658);
#9660=EDGE_LOOP('',(#9654,#9655,#9656));
#9661=FACE_BOUND('',#9660,.T.);
#9662=ADVANCED_FACE('',(#9661),#9659,.T.);
#9663=DIRECTION('',(0.0,0.0,-1.0));
#9664=VECTOR('',#9663,1000.0);
#9665=LINE('',#8804,#9664);
#9666=EDGE_CURVE('',#8805,#8807,#9665,.T.);
#9667=DIRECTION('',(-0.8011221719277828,-0.5985008484920569,0.0));
#9668=VECTOR('',#9667,1000.0);
#9669=LINE('',#8806,#9668);
#9670=EDGE_CURVE('',#8807,#8803,#9669,.T.);
#9671=ORIENTED_EDGE('',*,*,#9653,.F.);
#9672=ORIENTED_EDGE('',*,*,#9666,.T.);
#9673=ORIENTED_EDGE('',*,*,#9670,.T.);
#9674=DIRECTION('',(0.08516170534753338,0.06362244698193661,0.9943337810726991));
#9675=AXIS2_PLACEMENT_3D('',#8802,#9657,#9674);
#9676=PLANE('',#9675);
#9677=EDGE_LOOP('',(#9671,#9672,#9673));
#9678=FACE_BOUND('',#9677,.T.);
#9679=ADVANCED_FACE('',(#9678),#9676,.T.);
#9680=DIRECTION('',(0.8604302232705674,0.5095682789210505,0.0));
#9681=VECTOR('',#9680,1000.0);
#9682=LINE('',#8804,#9681);
#9683=EDGE_CURVE('',#8805,#8809,#9682,.T.);
#9684=DIRECTION('',(-0.09146578772028931,-0.05416832506373943,-0.9943338484817341));
#9685=VECTOR('',#9684,1000.0);
#9686=LINE('',#8808,#9685);
#9687=EDGE_CURVE('',#8809,#8807,#9686,.T.);
#9688=ORIENTED_EDGE('',*,*,#9666,.F.);
#9689=ORIENTED_EDGE('',*,*,#9683,.T.);
#9690=ORIENTED_EDGE('',*,*,#9687,.T.);
#9691=DIRECTION('',(-0.5095682789210506,0.8604302232705674,0.0));
#9692=AXIS2_PLACEMENT_3D('',#8806,#9691,#11);
#9693=PLANE('',#9692);
#9694=EDGE_LOOP('',(#9688,#9689,#9690));
#9695=FACE_BOUND('',#9694,.T.);
#9696=ADVANCED_FACE('',(#9695),#9693,.T.);
#9697=DIRECTION('',(0.0,0.0,-1.0));
#9698=VECTOR('',#9697,1000.0);
#9699=LINE('',#8808,#9698);
#9700=EDGE_CURVE('',#8809,#8811,#9699,.T.);
#9701=DIRECTION('',(-0.8604302232705674,-0.5095682789210505,0.0));
#9702=VECTOR('',#9701,1000.0);
#9703=LINE('',#8810,#9702);
#9704=EDGE_CURVE('',#8811,#8807,#9703,.T.);
#9705=ORIENTED_EDGE('',*,*,#9687,.F.);
#9706=ORIENTED_EDGE('',*,*,#9700,.T.);
#9707=ORIENTED_EDGE('',*,*,#9704,.T.);
#9708=DIRECTION('',(0.09146578772028931,0.05416832506373943,0.9943338484817341));
#9709=AXIS2_PLACEMENT_3D('',#8806,#9691,#9708);
#9710=PLANE('',#9709);
#9711=EDGE_LOOP('',(#9705,#9706,#9707));
#9712=FACE_BOUND('',#9711,.T.);
#9713=ADVANCED_FACE('',(#9712),#9710,.T.);
#9714=DIRECTION('',(0.9099020586299186,0.41482314749907134,0.0));
#9715=VECTOR('',#9714,1000.0);
#9716=LINE('',#8808,#9715);
#9717=EDGE_CURVE('',#8809,#8813,#9716,.T.);
#9718=DIRECTION('',(-0.09672481879547357,-0.044096717216391156,-0.9943338418055178));
#9719=VECTOR('',#9718,1000.0);
#9720=LINE('',#8812,#9719);
#9721=EDGE_CURVE('',#8813,#8811,#9720,.T.);
#9722=ORIENTED_EDGE('',*,*,#9700,.F.);
#9723=ORIENTED_EDGE('',*,*,#9717,.T.);
#9724=ORIENTED_EDGE('',*,*,#9721,.T.);
#9725=DIRECTION('',(-0.41482314749907134,0.9099020586299186,0.0));
#9726=AXIS2_PLACEMENT_3D('',#8810,#9725,#11);
#9727=PLANE('',#9726);
#9728=EDGE_LOOP('',(#9722,#9723,#9724));
#9729=FACE_BOUND('',#9728,.T.);
#9730=ADVANCED_FACE('',(#9729),#9727,.T.);
#9731=DIRECTION('',(0.0,0.0,-1.0));
#9732=VECTOR('',#9731,1000.0);
#9733=LINE('',#8812,#9732);
#9734=EDGE_CURVE('',#8813,#8815,#9733,.T.);
#9735=DIRECTION('',(-0.9099020586299186,-0.41482314749907134,0.0));
#9736=VECTOR('',#9735,1000.0);
#9737=LINE('',#8814,#9736);
#9738=EDGE_CURVE('',#8815,#8811,#9737,.T.);
#9739=ORIENTED_EDGE('',*,*,#9721,.F.);
#9740=ORIENTED_EDGE('',*,*,#9734,.T.);
#9741=ORIENTED_EDGE('',*,*,#9738,.T.);
#9742=DIRECTION('',(0.09672481879547357,0.044096717216391156,0.9943338418055178));
#9743=AXIS2_PLACEMENT_3D('',#8810,#9725,#9742);
#9744=PLANE('',#9743);
#9745=EDGE_LOOP('',(#9739,#9740,#9741));
#9746=FACE_BOUND('',#9745,.T.);
#9747=ADVANCED_FACE('',(#9746),#9744,.T.);
#9748=DIRECTION('',(0.9489775300519648,0.3153436973469936,0.0));
#9749=VECTOR('',#9748,1000.0);
#9750=LINE('',#8812,#9749);
#9751=EDGE_CURVE('',#8813,#8817,#9750,.T.);
#9752=DIRECTION('',(-0.10087913984131079,-0.03352197489966005,-0.9943337851766397));
#9753=VECTOR('',#9752,1000.0);
#9754=LINE('',#8816,#9753);
#9755=EDGE_CURVE('',#8817,#8815,#9754,.T.);
#9756=ORIENTED_EDGE('',*,*,#9734,.F.);
#9757=ORIENTED_EDGE('',*,*,#9751,.T.);
#9758=ORIENTED_EDGE('',*,*,#9755,.T.);
#9759=DIRECTION('',(-0.3153436973469936,0.9489775300519648,0.0));
#9760=AXIS2_PLACEMENT_3D('',#8814,#9759,#11);
#9761=PLANE('',#9760);
#9762=EDGE_LOOP('',(#9756,#9757,#9758));
#9763=FACE_BOUND('',#9762,.T.);
#9764=ADVANCED_FACE('',(#9763),#9761,.T.);
#9765=DIRECTION('',(0.0,0.0,-1.0));
#9766=VECTOR('',#9765,1000.0);
#9767=LINE('',#8816,#9766);
#9768=EDGE_CURVE('',#8817,#8819,#9767,.T.);
#9769=DIRECTION('',(-0.9489775300519648,-0.3153436973469936,0.0));
#9770=VECTOR('',#9769,1000.0);
#9771=LINE('',#8818,#9770);
#9772=EDGE_CURVE('',#8819,#8815,#9771,.T.);
#9773=ORIENTED_EDGE('',*,*,#9755,.F.);
#9774=ORIENTED_EDGE('',*,*,#9768,.T.);
#9775=ORIENTED_EDGE('',*,*,#9772,.T.);
#9776=DIRECTION('',(0.10087913984131079,0.03352197489966005,0.9943337851766397));
#9777=AXIS2_PLACEMENT_3D('',#8814,#9759,#9776);
#9778=PLANE('',#9777);
#9779=EDGE_LOOP('',(#9773,#9774,#9775));
#9780=FACE_BOUND('',#9779,.T.);
#9781=ADVANCED_FACE('',(#9780),#9778,.T.);
#9782=DIRECTION('',(0.9772161931080899,0.21224634726499372,0.0));
#9783=VECTOR('',#9782,1000.0);
#9784=LINE('',#8816,#9783);
#9785=EDGE_CURVE('',#8817,#8821,#9784,.T.);
#9786=DIRECTION('',(-0.10388103309069914,-0.022562427822126828,-0.9943337808878768));
#9787=VECTOR('',#9786,1000.0);
#9788=LINE('',#8820,#9787);
#9789=EDGE_CURVE('',#8821,#8819,#9788,.T.);
#9790=ORIENTED_EDGE('',*,*,#9768,.F.);
#9791=ORIENTED_EDGE('',*,*,#9785,.T.);
#9792=ORIENTED_EDGE('',*,*,#9789,.T.);
#9793=DIRECTION('',(-0.21224634726499372,0.9772161931080899,0.0));
#9794=AXIS2_PLACEMENT_3D('',#8818,#9793,#11);
#9795=PLANE('',#9794);
#9796=EDGE_LOOP('',(#9790,#9791,#9792));
#9797=FACE_BOUND('',#9796,.T.);
#9798=ADVANCED_FACE('',(#9797),#9795,.T.);
#9799=DIRECTION('',(0.0,0.0,-1.0));
#9800=VECTOR('',#9799,1000.0);
#9801=LINE('',#8820,#9800);
#9802=EDGE_CURVE('',#8821,#8823,#9801,.T.);
#9803=DIRECTION('',(-0.9772161931080899,-0.21224634726499372,0.0));
#9804=VECTOR('',#9803,1000.0);
#9805=LINE('',#8822,#9804);
#9806=EDGE_CURVE('',#8823,#8819,#9805,.T.);
#9807=ORIENTED_EDGE('',*,*,#9789,.F.);
#9808=ORIENTED_EDGE('',*,*,#9802,.T.);
#9809=ORIENTED_EDGE('',*,*,#9806,.T.);
#9810=DIRECTION('',(0.10388103309069914,0.022562427822126828,0.9943337808878768));
#9811=AXIS2_PLACEMENT_3D('',#8818,#9793,#9810);
#9812=PLANE('',#9811);
#9813=EDGE_LOOP('',(#9807,#9808,#9809));
#9814=FACE_BOUND('',#9813,.T.);
#9815=ADVANCED_FACE('',(#9814),#9812,.T.);
#9816=DIRECTION('',(0.9942874060647792,0.10673590839531452,0.0));
#9817=VECTOR('',#9816,1000.0);
#9818=LINE('',#8820,#9817);
#9819=EDGE_CURVE('',#8821,#8825,#9818,.T.);
#9820=DIRECTION('',(-0.10569569294541953,-0.011346342849349723,-0.9943337875164117));
#9821=VECTOR('',#9820,1000.0);
#9822=LINE('',#8824,#9821);
#9823=EDGE_CURVE('',#8825,#8823,#9822,.T.);
#9824=ORIENTED_EDGE('',*,*,#9802,.F.);
#9825=ORIENTED_EDGE('',*,*,#9819,.T.);
#9826=ORIENTED_EDGE('',*,*,#9823,.T.);
#9827=DIRECTION('',(-0.10673590839531454,0.9942874060647792,0.0));
#9828=AXIS2_PLACEMENT_3D('',#8822,#9827,#11);
#9829=PLANE('',#9828);
#9830=EDGE_LOOP('',(#9824,#9825,#9826));
#9831=FACE_BOUND('',#9830,.T.);
#9832=ADVANCED_FACE('',(#9831),#9829,.T.);
#9833=DIRECTION('',(0.0,0.0,-1.0));
#9834=VECTOR('',#9833,1000.0);
#9835=LINE('',#8824,#9834);
#9836=EDGE_CURVE('',#8825,#8827,#9835,.T.);
#9837=DIRECTION('',(-0.9942874060647792,-0.10673590839531452,0.0));
#9838=VECTOR('',#9837,1000.0);
#9839=LINE('',#8826,#9838);
#9840=EDGE_CURVE('',#8827,#8823,#9839,.T.);
#9841=ORIENTED_EDGE('',*,*,#9823,.F.);
#9842=ORIENTED_EDGE('',*,*,#9836,.T.);
#9843=ORIENTED_EDGE('',*,*,#9840,.T.);
#9844=DIRECTION('',(0.10569569294541953,0.011346342849349723,0.9943337875164117));
#9845=AXIS2_PLACEMENT_3D('',#8822,#9827,#9844);
#9846=PLANE('',#9845);
#9847=EDGE_LOOP('',(#9841,#9842,#9843));
#9848=FACE_BOUND('',#9847,.T.);
#9849=ADVANCED_FACE('',(#9848),#9846,.T.);
#9850=LINE('',#8824,#492);
#9851=EDGE_CURVE('',#8825,#8829,#9850,.T.);
#9852=VECTOR('',#2297,1000.0);
#9853=LINE('',#8828,#9852);
#9854=EDGE_CURVE('',#8829,#8827,#9853,.T.);
#9855=ORIENTED_EDGE('',*,*,#9836,.F.);
#9856=ORIENTED_EDGE('',*,*,#9851,.T.);
#9857=ORIENTED_EDGE('',*,*,#9854,.T.);
#9858=AXIS2_PLACEMENT_3D('',#8826,#462,#11);
#9859=PLANE('',#9858);
#9860=EDGE_LOOP('',(#9855,#9856,#9857));
#9861=FACE_BOUND('',#9860,.T.);
#9862=ADVANCED_FACE('',(#9861),#9859,.T.);
#9863=DIRECTION('',(0.0,0.0,-1.0));
#9864=VECTOR('',#9863,1000.0);
#9865=LINE('',#8828,#9864);
#9866=EDGE_CURVE('',#8829,#8831,#9865,.T.);
#9867=LINE('',#8830,#511);
#9868=EDGE_CURVE('',#8831,#8827,#9867,.T.);
#9869=ORIENTED_EDGE('',*,*,#9854,.F.);
#9870=ORIENTED_EDGE('',*,*,#9866,.T.);
#9871=ORIENTED_EDGE('',*,*,#9868,.T.);
#9872=AXIS2_PLACEMENT_3D('',#8826,#8069,#1477);
#9873=PLANE('',#9872);
#9874=EDGE_LOOP('',(#9869,#9870,#9871));
#9875=FACE_BOUND('',#9874,.T.);
#9876=ADVANCED_FACE('',(#9875),#9873,.T.);
#9877=DIRECTION('',(0.9942874060647792,-0.10673590839531452,0.0));
#9878=VECTOR('',#9877,1000.0);
#9879=LINE('',#8828,#9878);
#9880=EDGE_CURVE('',#8829,#8833,#9879,.T.);
#9881=DIRECTION('',(-0.10569569294541953,0.011346342849349723,-0.9943337875164117));
#9882=VECTOR('',#9881,1000.0);
#9883=LINE('',#8832,#9882);
#9884=EDGE_CURVE('',#8833,#8831,#9883,.T.);
#9885=ORIENTED_EDGE('',*,*,#9866,.F.);
#9886=ORIENTED_EDGE('',*,*,#9880,.T.);
#9887=ORIENTED_EDGE('',*,*,#9884,.T.);
#9888=DIRECTION('',(0.10673590839531454,0.9942874060647792,-0.0));
#9889=AXIS2_PLACEMENT_3D('',#8830,#9888,#11);
#9890=PLANE('',#9889);
#9891=EDGE_LOOP('',(#9885,#9886,#9887));
#9892=FACE_BOUND('',#9891,.T.);
#9893=ADVANCED_FACE('',(#9892),#9890,.T.);
#9894=DIRECTION('',(0.0,0.0,-1.0));
#9895=VECTOR('',#9894,1000.0);
#9896=LINE('',#8832,#9895);
#9897=EDGE_CURVE('',#8833,#8835,#9896,.T.);
#9898=DIRECTION('',(-0.9942874060647792,0.10673590839531452,0.0));
#9899=VECTOR('',#9898,1000.0);
#9900=LINE('',#8834,#9899);
#9901=EDGE_CURVE('',#8835,#8831,#9900,.T.);
#9902=ORIENTED_EDGE('',*,*,#9884,.F.);
#9903=ORIENTED_EDGE('',*,*,#9897,.T.);
#9904=ORIENTED_EDGE('',*,*,#9901,.T.);
#9905=DIRECTION('',(0.10673590839531454,0.9942874060647792,0.0));
#9906=DIRECTION('',(0.10569569294541953,-0.011346342849349723,0.9943337875164117));
#9907=AXIS2_PLACEMENT_3D('',#8830,#9905,#9906);
#9908=PLANE('',#9907);
#9909=EDGE_LOOP('',(#9902,#9903,#9904));
#9910=FACE_BOUND('',#9909,.T.);
#9911=ADVANCED_FACE('',(#9910),#9908,.T.);
#9912=DIRECTION('',(0.9772161931080899,-0.21224634726499372,0.0));
#9913=VECTOR('',#9912,1000.0);
#9914=LINE('',#8832,#9913);
#9915=EDGE_CURVE('',#8833,#8837,#9914,.T.);
#9916=DIRECTION('',(-0.10388103309069914,0.022562427822126828,-0.9943337808878768));
#9917=VECTOR('',#9916,1000.0);
#9918=LINE('',#8836,#9917);
#9919=EDGE_CURVE('',#8837,#8835,#9918,.T.);
#9920=ORIENTED_EDGE('',*,*,#9897,.F.);
#9921=ORIENTED_EDGE('',*,*,#9915,.T.);
#9922=ORIENTED_EDGE('',*,*,#9919,.T.);
#9923=DIRECTION('',(0.21224634726499372,0.9772161931080899,-0.0));
#9924=AXIS2_PLACEMENT_3D('',#8834,#9923,#11);
#9925=PLANE('',#9924);
#9926=EDGE_LOOP('',(#9920,#9921,#9922));
#9927=FACE_BOUND('',#9926,.T.);
#9928=ADVANCED_FACE('',(#9927),#9925,.T.);
#9929=DIRECTION('',(0.0,0.0,-1.0));
#9930=VECTOR('',#9929,1000.0);
#9931=LINE('',#8836,#9930);
#9932=EDGE_CURVE('',#8837,#8839,#9931,.T.);
#9933=DIRECTION('',(-0.9772161931080899,0.21224634726499372,0.0));
#9934=VECTOR('',#9933,1000.0);
#9935=LINE('',#8838,#9934);
#9936=EDGE_CURVE('',#8839,#8835,#9935,.T.);
#9937=ORIENTED_EDGE('',*,*,#9919,.F.);
#9938=ORIENTED_EDGE('',*,*,#9932,.T.);
#9939=ORIENTED_EDGE('',*,*,#9936,.T.);
#9940=DIRECTION('',(0.21224634726499372,0.9772161931080899,0.0));
#9941=DIRECTION('',(0.10388103309069914,-0.022562427822126828,0.9943337808878768));
#9942=AXIS2_PLACEMENT_3D('',#8834,#9940,#9941);
#9943=PLANE('',#9942);
#9944=EDGE_LOOP('',(#9937,#9938,#9939));
#9945=FACE_BOUND('',#9944,.T.);
#9946=ADVANCED_FACE('',(#9945),#9943,.T.);
#9947=DIRECTION('',(0.9489775300519648,-0.3153436973469936,0.0));
#9948=VECTOR('',#9947,1000.0);
#9949=LINE('',#8836,#9948);
#9950=EDGE_CURVE('',#8837,#8841,#9949,.T.);
#9951=DIRECTION('',(-0.10087913984131079,0.03352197489966005,-0.9943337851766397));
#9952=VECTOR('',#9951,1000.0);
#9953=LINE('',#8840,#9952);
#9954=EDGE_CURVE('',#8841,#8839,#9953,.T.);
#9955=ORIENTED_EDGE('',*,*,#9932,.F.);
#9956=ORIENTED_EDGE('',*,*,#9950,.T.);
#9957=ORIENTED_EDGE('',*,*,#9954,.T.);
#9958=DIRECTION('',(0.3153436973469936,0.9489775300519648,-0.0));
#9959=AXIS2_PLACEMENT_3D('',#8838,#9958,#11);
#9960=PLANE('',#9959);
#9961=EDGE_LOOP('',(#9955,#9956,#9957));
#9962=FACE_BOUND('',#9961,.T.);
#9963=ADVANCED_FACE('',(#9962),#9960,.T.);
#9964=DIRECTION('',(0.0,0.0,-1.0));
#9965=VECTOR('',#9964,1000.0);
#9966=LINE('',#8840,#9965);
#9967=EDGE_CURVE('',#8841,#8843,#9966,.T.);
#9968=DIRECTION('',(-0.9489775300519648,0.3153436973469936,0.0));
#9969=VECTOR('',#9968,1000.0);
#9970=LINE('',#8842,#9969);
#9971=EDGE_CURVE('',#8843,#8839,#9970,.T.);
#9972=ORIENTED_EDGE('',*,*,#9954,.F.);
#9973=ORIENTED_EDGE('',*,*,#9967,.T.);
#9974=ORIENTED_EDGE('',*,*,#9971,.T.);
#9975=DIRECTION('',(0.3153436973469936,0.9489775300519648,0.0));
#9976=DIRECTION('',(0.10087913984131079,-0.03352197489966005,0.9943337851766397));
#9977=AXIS2_PLACEMENT_3D('',#8838,#9975,#9976);
#9978=PLANE('',#9977);
#9979=EDGE_LOOP('',(#9972,#9973,#9974));
#9980=FACE_BOUND('',#9979,.T.);
#9981=ADVANCED_FACE('',(#9980),#9978,.T.);
#9982=DIRECTION('',(0.9099020586299186,-0.41482314749907134,0.0));
#9983=VECTOR('',#9982,1000.0);
#9984=LINE('',#8840,#9983);
#9985=EDGE_CURVE('',#8841,#8845,#9984,.T.);
#9986=DIRECTION('',(-0.09672481879547357,0.044096717216391156,-0.9943338418055178));
#9987=VECTOR('',#9986,1000.0);
#9988=LINE('',#8844,#9987);
#9989=EDGE_CURVE('',#8845,#8843,#9988,.T.);
#9990=ORIENTED_EDGE('',*,*,#9967,.F.);
#9991=ORIENTED_EDGE('',*,*,#9985,.T.);
#9992=ORIENTED_EDGE('',*,*,#9989,.T.);
#9993=DIRECTION('',(0.41482314749907134,0.9099020586299186,-0.0));
#9994=AXIS2_PLACEMENT_3D('',#8842,#9993,#11);
#9995=PLANE('',#9994);
#9996=EDGE_LOOP('',(#9990,#9991,#9992));
#9997=FACE_BOUND('',#9996,.T.);
#9998=ADVANCED_FACE('',(#9997),#9995,.T.);
#9999=DIRECTION('',(0.0,0.0,-1.0));
#10000=VECTOR('',#9999,1000.0);
#10001=LINE('',#8844,#10000);
#10002=EDGE_CURVE('',#8845,#8847,#10001,.T.);
#10003=DIRECTION('',(-0.9099020586299186,0.41482314749907134,0.0));
#10004=VECTOR('',#10003,1000.0);
#10005=LINE('',#8846,#10004);
#10006=EDGE_CURVE('',#8847,#8843,#10005,.T.);
#10007=ORIENTED_EDGE('',*,*,#9989,.F.);
#10008=ORIENTED_EDGE('',*,*,#10002,.T.);
#10009=ORIENTED_EDGE('',*,*,#10006,.T.);
#10010=DIRECTION('',(0.41482314749907134,0.9099020586299186,0.0));
#10011=DIRECTION('',(0.09672481879547357,-0.044096717216391156,0.9943338418055178));
#10012=AXIS2_PLACEMENT_3D('',#8842,#10010,#10011);
#10013=PLANE('',#10012);
#10014=EDGE_LOOP('',(#10007,#10008,#10009));
#10015=FACE_BOUND('',#10014,.T.);
#10016=ADVANCED_FACE('',(#10015),#10013,.T.);
#10017=DIRECTION('',(0.8604302232705674,-0.5095682789210505,0.0));
#10018=VECTOR('',#10017,1000.0);
#10019=LINE('',#8844,#10018);
#10020=EDGE_CURVE('',#8845,#8849,#10019,.T.);
#10021=DIRECTION('',(-0.09146578772028931,0.05416832506373943,-0.9943338484817341));
#10022=VECTOR('',#10021,1000.0);
#10023=LINE('',#8848,#10022);
#10024=EDGE_CURVE('',#8849,#8847,#10023,.T.);
#10025=ORIENTED_EDGE('',*,*,#10002,.F.);
#10026=ORIENTED_EDGE('',*,*,#10020,.T.);
#10027=ORIENTED_EDGE('',*,*,#10024,.T.);
#10028=DIRECTION('',(0.5095682789210506,0.8604302232705674,-0.0));
#10029=AXIS2_PLACEMENT_3D('',#8846,#10028,#11);
#10030=PLANE('',#10029);
#10031=EDGE_LOOP('',(#10025,#10026,#10027));
#10032=FACE_BOUND('',#10031,.T.);
#10033=ADVANCED_FACE('',(#10032),#10030,.T.);
#10034=DIRECTION('',(0.0,0.0,-1.0));
#10035=VECTOR('',#10034,1000.0);
#10036=LINE('',#8848,#10035);
#10037=EDGE_CURVE('',#8849,#8851,#10036,.T.);
#10038=DIRECTION('',(-0.8604302232705674,0.5095682789210505,0.0));
#10039=VECTOR('',#10038,1000.0);
#10040=LINE('',#8850,#10039);
#10041=EDGE_CURVE('',#8851,#8847,#10040,.T.);
#10042=ORIENTED_EDGE('',*,*,#10024,.F.);
#10043=ORIENTED_EDGE('',*,*,#10037,.T.);
#10044=ORIENTED_EDGE('',*,*,#10041,.T.);
#10045=DIRECTION('',(0.5095682789210506,0.8604302232705674,0.0));
#10046=DIRECTION('',(0.09146578772028931,-0.05416832506373943,0.9943338484817341));
#10047=AXIS2_PLACEMENT_3D('',#8846,#10045,#10046);
#10048=PLANE('',#10047);
#10049=EDGE_LOOP('',(#10042,#10043,#10044));
#10050=FACE_BOUND('',#10049,.T.);
#10051=ADVANCED_FACE('',(#10050),#10048,.T.);
#10052=DIRECTION('',(0.8011221719277828,-0.5985008484920569,0.0));
#10053=VECTOR('',#10052,1000.0);
#10054=LINE('',#8848,#10053);
#10055=EDGE_CURVE('',#8849,#8853,#10054,.T.);
#10056=DIRECTION('',(-0.08516170534753338,0.06362244698193661,-0.9943337810726991));
#10057=VECTOR('',#10056,1000.0);
#10058=LINE('',#8852,#10057);
#10059=EDGE_CURVE('',#8853,#8851,#10058,.T.);
#10060=ORIENTED_EDGE('',*,*,#10037,.F.);
#10061=ORIENTED_EDGE('',*,*,#10055,.T.);
#10062=ORIENTED_EDGE('',*,*,#10059,.T.);
#10063=DIRECTION('',(0.5985008484920569,0.8011221719277828,-0.0));
#10064=AXIS2_PLACEMENT_3D('',#8850,#10063,#11);
#10065=PLANE('',#10064);
#10066=EDGE_LOOP('',(#10060,#10061,#10062));
#10067=FACE_BOUND('',#10066,.T.);
#10068=ADVANCED_FACE('',(#10067),#10065,.T.);
#10069=DIRECTION('',(0.0,0.0,-1.0));
#10070=VECTOR('',#10069,1000.0);
#10071=LINE('',#8852,#10070);
#10072=EDGE_CURVE('',#8853,#8855,#10071,.T.);
#10073=DIRECTION('',(-0.8011221719277828,0.5985008484920569,0.0));
#10074=VECTOR('',#10073,1000.0);
#10075=LINE('',#8854,#10074);
#10076=EDGE_CURVE('',#8855,#8851,#10075,.T.);
#10077=ORIENTED_EDGE('',*,*,#10059,.F.);
#10078=ORIENTED_EDGE('',*,*,#10072,.T.);
#10079=ORIENTED_EDGE('',*,*,#10076,.T.);
#10080=DIRECTION('',(0.5985008484920569,0.8011221719277828,0.0));
#10081=DIRECTION('',(0.08516170534753338,-0.06362244698193661,0.9943337810726991));
#10082=AXIS2_PLACEMENT_3D('',#8850,#10080,#10081);
#10083=PLANE('',#10082);
#10084=EDGE_LOOP('',(#10077,#10078,#10079));
#10085=FACE_BOUND('',#10084,.T.);
#10086=ADVANCED_FACE('',(#10085),#10083,.T.);
#10087=DIRECTION('',(0.7326635503005181,-0.6805910093889282,0.0));
#10088=VECTOR('',#10087,1000.0);
#10089=LINE('',#8852,#10088);
#10090=EDGE_CURVE('',#8853,#8857,#10089,.T.);
#10091=DIRECTION('',(-0.07788417833393076,0.0723487220375234,-0.9943338057135468));
#10092=VECTOR('',#10091,1000.0);
#10093=LINE('',#8856,#10092);
#10094=EDGE_CURVE('',#8857,#8855,#10093,.T.);
#10095=ORIENTED_EDGE('',*,*,#10072,.F.);
#10096=ORIENTED_EDGE('',*,*,#10090,.T.);
#10097=ORIENTED_EDGE('',*,*,#10094,.T.);
#10098=DIRECTION('',(0.6805910093889282,0.7326635503005181,-0.0));
#10099=AXIS2_PLACEMENT_3D('',#8854,#10098,#11);
#10100=PLANE('',#10099);
#10101=EDGE_LOOP('',(#10095,#10096,#10097));
#10102=FACE_BOUND('',#10101,.T.);
#10103=ADVANCED_FACE('',(#10102),#10100,.T.);
#10104=DIRECTION('',(0.0,0.0,-1.0));
#10105=VECTOR('',#10104,1000.0);
#10106=LINE('',#8856,#10105);
#10107=EDGE_CURVE('',#8857,#8859,#10106,.T.);
#10108=DIRECTION('',(-0.7326635503005181,0.6805910093889282,0.0));
#10109=VECTOR('',#10108,1000.0);
#10110=LINE('',#8858,#10109);
#10111=EDGE_CURVE('',#8859,#8855,#10110,.T.);
#10112=ORIENTED_EDGE('',*,*,#10094,.F.);
#10113=ORIENTED_EDGE('',*,*,#10107,.T.);
#10114=ORIENTED_EDGE('',*,*,#10111,.T.);
#10115=DIRECTION('',(0.6805910093889282,0.7326635503005181,0.0));
#10116=DIRECTION('',(0.07788417833393076,-0.0723487220375234,0.9943338057135468));
#10117=AXIS2_PLACEMENT_3D('',#8854,#10115,#10116);
#10118=PLANE('',#10117);
#10119=EDGE_LOOP('',(#10112,#10113,#10114));
#10120=FACE_BOUND('',#10119,.T.);
#10121=ADVANCED_FACE('',(#10120),#10118,.T.);
#10122=DIRECTION('',(0.6558417012600729,-0.7548984454138803,0.0));
#10123=VECTOR('',#10122,1000.0);
#10124=LINE('',#8856,#10123);
#10125=EDGE_CURVE('',#8857,#8861,#10124,.T.);
#10126=DIRECTION('',(-0.06971771576830524,0.08024771091893429,-0.9943338197005678));
#10127=VECTOR('',#10126,1000.0);
#10128=LINE('',#8860,#10127);
#10129=EDGE_CURVE('',#8861,#8859,#10128,.T.);
#10130=ORIENTED_EDGE('',*,*,#10107,.F.);
#10131=ORIENTED_EDGE('',*,*,#10125,.T.);
#10132=ORIENTED_EDGE('',*,*,#10129,.T.);
#10133=DIRECTION('',(0.7548984454138804,0.655841701260073,-0.0));
#10134=AXIS2_PLACEMENT_3D('',#8858,#10133,#11);
#10135=PLANE('',#10134);
#10136=EDGE_LOOP('',(#10130,#10131,#10132));
#10137=FACE_BOUND('',#10136,.T.);
#10138=ADVANCED_FACE('',(#10137),#10135,.T.);
#10139=DIRECTION('',(0.0,0.0,-1.0));
#10140=VECTOR('',#10139,1000.0);
#10141=LINE('',#8860,#10140);
#10142=EDGE_CURVE('',#8861,#8863,#10141,.T.);
#10143=DIRECTION('',(-0.6558417012600729,0.7548984454138803,0.0));
#10144=VECTOR('',#10143,1000.0);
#10145=LINE('',#8862,#10144);
#10146=EDGE_CURVE('',#8863,#8859,#10145,.T.);
#10147=ORIENTED_EDGE('',*,*,#10129,.F.);
#10148=ORIENTED_EDGE('',*,*,#10142,.T.);
#10149=ORIENTED_EDGE('',*,*,#10146,.T.);
#10150=DIRECTION('',(0.7548984454138804,0.655841701260073,0.0));
#10151=DIRECTION('',(0.06971771576830524,-0.08024771091893429,0.9943338197005678));
#10152=AXIS2_PLACEMENT_3D('',#8858,#10150,#10151);
#10153=PLANE('',#10152);
#10154=EDGE_LOOP('',(#10147,#10148,#10149));
#10155=FACE_BOUND('',#10154,.T.);
#10156=ADVANCED_FACE('',(#10155),#10153,.T.);
#10157=DIRECTION('',(0.5715215358558604,-0.8205870667107533,0.0));
#10158=VECTOR('',#10157,1000.0);
#10159=LINE('',#8860,#10158);
#10160=EDGE_CURVE('',#8861,#8865,#10159,.T.);
#10161=DIRECTION('',(-0.06075380160117789,0.08722993049208722,-0.9943339050929272));
#10162=VECTOR('',#10161,1000.0);
#10163=LINE('',#8864,#10162);
#10164=EDGE_CURVE('',#8865,#8863,#10163,.T.);
#10165=ORIENTED_EDGE('',*,*,#10142,.F.);
#10166=ORIENTED_EDGE('',*,*,#10160,.T.);
#10167=ORIENTED_EDGE('',*,*,#10164,.T.);
#10168=DIRECTION('',(0.8205870667107534,0.5715215358558605,-0.0));
#10169=AXIS2_PLACEMENT_3D('',#8862,#10168,#11);
#10170=PLANE('',#10169);
#10171=EDGE_LOOP('',(#10165,#10166,#10167));
#10172=FACE_BOUND('',#10171,.T.);
#10173=ADVANCED_FACE('',(#10172),#10170,.T.);
#10174=DIRECTION('',(0.0,0.0,-1.0));
#10175=VECTOR('',#10174,1000.0);
#10176=LINE('',#8864,#10175);
#10177=EDGE_CURVE('',#8865,#8867,#10176,.T.);
#10178=DIRECTION('',(-0.5715215358558604,0.8205870667107533,0.0));
#10179=VECTOR('',#10178,1000.0);
#10180=LINE('',#8866,#10179);
#10181=EDGE_CURVE('',#8867,#8863,#10180,.T.);
#10182=ORIENTED_EDGE('',*,*,#10164,.F.);
#10183=ORIENTED_EDGE('',*,*,#10177,.T.);
#10184=ORIENTED_EDGE('',*,*,#10181,.T.);
#10185=DIRECTION('',(0.8205870667107534,0.5715215358558605,0.0));
#10186=DIRECTION('',(0.06075380160117789,-0.08722993049208722,0.9943339050929272));
#10187=AXIS2_PLACEMENT_3D('',#8862,#10185,#10186);
#10188=PLANE('',#10187);
#10189=EDGE_LOOP('',(#10182,#10183,#10184));
#10190=FACE_BOUND('',#10189,.T.);
#10191=ADVANCED_FACE('',(#10190),#10188,.T.);
#10192=DIRECTION('',(0.4806730049873935,-0.8768999157694048,0.0));
#10193=VECTOR('',#10192,1000.0);
#10194=LINE('',#8864,#10193);
#10195=EDGE_CURVE('',#8865,#8869,#10194,.T.);
#10196=DIRECTION('',(-0.05109682623083638,0.09321680675427046,-0.9943338178336654));
#10197=VECTOR('',#10196,1000.0);
#10198=LINE('',#8868,#10197);
#10199=EDGE_CURVE('',#8869,#8867,#10198,.T.);
#10200=ORIENTED_EDGE('',*,*,#10177,.F.);
#10201=ORIENTED_EDGE('',*,*,#10195,.T.);
#10202=ORIENTED_EDGE('',*,*,#10199,.T.);
#10203=DIRECTION('',(0.8768999157694047,0.48067300498739346,-0.0));
#10204=AXIS2_PLACEMENT_3D('',#8866,#10203,#11);
#10205=PLANE('',#10204);
#10206=EDGE_LOOP('',(#10200,#10201,#10202));
#10207=FACE_BOUND('',#10206,.T.);
#10208=ADVANCED_FACE('',(#10207),#10205,.T.);
#10209=DIRECTION('',(0.0,0.0,-1.0));
#10210=VECTOR('',#10209,1000.0);
#10211=LINE('',#8868,#10210);
#10212=EDGE_CURVE('',#8869,#8871,#10211,.T.);
#10213=DIRECTION('',(-0.4806730049873935,0.8768999157694048,0.0));
#10214=VECTOR('',#10213,1000.0);
#10215=LINE('',#8870,#10214);
#10216=EDGE_CURVE('',#8871,#8867,#10215,.T.);
#10217=ORIENTED_EDGE('',*,*,#10199,.F.);
#10218=ORIENTED_EDGE('',*,*,#10212,.T.);
#10219=ORIENTED_EDGE('',*,*,#10216,.T.);
#10220=DIRECTION('',(0.8768999157694047,0.48067300498739346,0.0));
#10221=DIRECTION('',(0.05109682623083638,-0.09321680675427046,0.9943338178336654));
#10222=AXIS2_PLACEMENT_3D('',#8866,#10220,#10221);
#10223=PLANE('',#10222);
#10224=EDGE_LOOP('',(#10217,#10218,#10219));
#10225=FACE_BOUND('',#10224,.T.);
#10226=ADVANCED_FACE('',(#10225),#10223,.T.);
#10227=DIRECTION('',(0.3843271152129998,-0.9231969825080959,0.0));
#10228=VECTOR('',#10227,1000.0);
#10229=LINE('',#8868,#10228);
#10230=EDGE_CURVE('',#8869,#8873,#10229,.T.);
#10231=DIRECTION('',(-0.04085518578851002,0.09813875406333629,-0.9943337662702009));
#10232=VECTOR('',#10231,1000.0);
#10233=LINE('',#8872,#10232);
#10234=EDGE_CURVE('',#8873,#8871,#10233,.T.);
#10235=ORIENTED_EDGE('',*,*,#10212,.F.);
#10236=ORIENTED_EDGE('',*,*,#10230,.T.);
#10237=ORIENTED_EDGE('',*,*,#10234,.T.);
#10238=DIRECTION('',(0.9231969825080959,0.3843271152129998,-0.0));
#10239=AXIS2_PLACEMENT_3D('',#8870,#10238,#11);
#10240=PLANE('',#10239);
#10241=EDGE_LOOP('',(#10235,#10236,#10237));
#10242=FACE_BOUND('',#10241,.T.);
#10243=ADVANCED_FACE('',(#10242),#10240,.T.);
#10244=DIRECTION('',(0.0,0.0,-1.0));
#10245=VECTOR('',#10244,1000.0);
#10246=LINE('',#8872,#10245);
#10247=EDGE_CURVE('',#8873,#8875,#10246,.T.);
#10248=DIRECTION('',(-0.3843271152129998,0.9231969825080959,0.0));
#10249=VECTOR('',#10248,1000.0);
#10250=LINE('',#8874,#10249);
#10251=EDGE_CURVE('',#8875,#8871,#10250,.T.);
#10252=ORIENTED_EDGE('',*,*,#10234,.F.);
#10253=ORIENTED_EDGE('',*,*,#10247,.T.);
#10254=ORIENTED_EDGE('',*,*,#10251,.T.);
#10255=DIRECTION('',(0.9231969825080959,0.3843271152129998,0.0));
#10256=DIRECTION('',(0.04085518578851002,-0.09813875406333629,0.9943337662702009));
#10257=AXIS2_PLACEMENT_3D('',#8870,#10255,#10256);
#10258=PLANE('',#10257);
#10259=EDGE_LOOP('',(#10252,#10253,#10254));
#10260=FACE_BOUND('',#10259,.T.);
#10261=ADVANCED_FACE('',(#10260),#10258,.T.);
#10262=DIRECTION('',(0.28360675677223757,-0.9589406694437008,0.0));
#10263=VECTOR('',#10262,1000.0);
#10264=LINE('',#8872,#10263);
#10265=EDGE_CURVE('',#8873,#8877,#10264,.T.);
#10266=DIRECTION('',(-0.030148200854266317,0.1019381069715873,-0.9943338012620812));
#10267=VECTOR('',#10266,1000.0);
#10268=LINE('',#8876,#10267);
#10269=EDGE_CURVE('',#8877,#8875,#10268,.T.);
#10270=ORIENTED_EDGE('',*,*,#10247,.F.);
#10271=ORIENTED_EDGE('',*,*,#10265,.T.);
#10272=ORIENTED_EDGE('',*,*,#10269,.T.);
#10273=DIRECTION('',(0.9589406694437007,0.28360675677223757,-0.0));
#10274=AXIS2_PLACEMENT_3D('',#8874,#10273,#11);
#10275=PLANE('',#10274);
#10276=EDGE_LOOP('',(#10270,#10271,#10272));
#10277=FACE_BOUND('',#10276,.T.);
#10278=ADVANCED_FACE('',(#10277),#10275,.T.);
#10279=DIRECTION('',(0.0,0.0,-1.0));
#10280=VECTOR('',#10279,1000.0);
#10281=LINE('',#8876,#10280);
#10282=EDGE_CURVE('',#8877,#8879,#10281,.T.);
#10283=DIRECTION('',(-0.28360675677223757,0.9589406694437008,0.0));
#10284=VECTOR('',#10283,1000.0);
#10285=LINE('',#8878,#10284);
#10286=EDGE_CURVE('',#8879,#8875,#10285,.T.);
#10287=ORIENTED_EDGE('',*,*,#10269,.F.);
#10288=ORIENTED_EDGE('',*,*,#10282,.T.);
#10289=ORIENTED_EDGE('',*,*,#10286,.T.);
#10290=DIRECTION('',(0.9589406694437007,0.28360675677223757,0.0));
#10291=DIRECTION('',(0.030148200854266317,-0.1019381069715873,0.9943338012620812));
#10292=AXIS2_PLACEMENT_3D('',#8874,#10290,#10291);
#10293=PLANE('',#10292);
#10294=EDGE_LOOP('',(#10287,#10288,#10289));
#10295=FACE_BOUND('',#10294,.T.);
#10296=ADVANCED_FACE('',(#10295),#10293,.T.);
#10297=DIRECTION('',(0.17962044493590712,-0.9837359888511891,0.0));
#10298=VECTOR('',#10297,1000.0);
#10299=LINE('',#8876,#10298);
#10300=EDGE_CURVE('',#8877,#8881,#10299,.T.);
#10301=DIRECTION('',(-0.019094191642539286,0.10457408399968025,-0.9943337833952671));
#10302=VECTOR('',#10301,1000.0);
#10303=LINE('',#8880,#10302);
#10304=EDGE_CURVE('',#8881,#8879,#10303,.T.);
#10305=ORIENTED_EDGE('',*,*,#10282,.F.);
#10306=ORIENTED_EDGE('',*,*,#10300,.T.);
#10307=ORIENTED_EDGE('',*,*,#10304,.T.);
#10308=DIRECTION('',(0.9837359888511891,0.17962044493590712,-0.0));
#10309=AXIS2_PLACEMENT_3D('',#8878,#10308,#11);
#10310=PLANE('',#10309);
#10311=EDGE_LOOP('',(#10305,#10306,#10307));
#10312=FACE_BOUND('',#10311,.T.);
#10313=ADVANCED_FACE('',(#10312),#10310,.T.);
#10314=DIRECTION('',(0.0,0.0,-1.0));
#10315=VECTOR('',#10314,1000.0);
#10316=LINE('',#8880,#10315);
#10317=EDGE_CURVE('',#8881,#8883,#10316,.T.);
#10318=DIRECTION('',(-0.17962044493590712,0.9837359888511891,0.0));
#10319=VECTOR('',#10318,1000.0);
#10320=LINE('',#8882,#10319);
#10321=EDGE_CURVE('',#8883,#8879,#10320,.T.);
#10322=ORIENTED_EDGE('',*,*,#10304,.F.);
#10323=ORIENTED_EDGE('',*,*,#10317,.T.);
#10324=ORIENTED_EDGE('',*,*,#10321,.T.);
#10325=DIRECTION('',(0.9837359888511891,0.17962044493590712,0.0));
#10326=DIRECTION('',(0.019094191642539286,-0.10457408399968025,0.9943337833952671));
#10327=AXIS2_PLACEMENT_3D('',#8878,#10325,#10326);
#10328=PLANE('',#10327);
#10329=EDGE_LOOP('',(#10322,#10323,#10324));
#10330=FACE_BOUND('',#10329,.T.);
#10331=ADVANCED_FACE('',(#10330),#10328,.T.);
#10332=DIRECTION('',(0.07360534735207423,-0.9972874474499218,0.0));
#10333=VECTOR('',#10332,1000.0);
#10334=LINE('',#8880,#10333);
#10335=EDGE_CURVE('',#8881,#8885,#10334,.T.);
#10336=DIRECTION('',(-0.007824413179849797,0.10601388796660619,-0.9943338645126168));
#10337=VECTOR('',#10336,1000.0);
#10338=LINE('',#8884,#10337);
#10339=EDGE_CURVE('',#8885,#8883,#10338,.T.);
#10340=ORIENTED_EDGE('',*,*,#10317,.F.);
#10341=ORIENTED_EDGE('',*,*,#10335,.T.);
#10342=ORIENTED_EDGE('',*,*,#10339,.T.);
#10343=DIRECTION('',(0.9972874474499218,0.07360534735207423,-0.0));
#10344=AXIS2_PLACEMENT_3D('',#8882,#10343,#11);
#10345=PLANE('',#10344);
#10346=EDGE_LOOP('',(#10340,#10341,#10342));
#10347=FACE_BOUND('',#10346,.T.);
#10348=ADVANCED_FACE('',(#10347),#10345,.T.);
#10349=DIRECTION('',(0.0,0.0,-1.0));
#10350=VECTOR('',#10349,1000.0);
#10351=LINE('',#8884,#10350);
#10352=EDGE_CURVE('',#8885,#8887,#10351,.T.);
#10353=DIRECTION('',(-0.07360534735207423,0.9972874474499218,0.0));
#10354=VECTOR('',#10353,1000.0);
#10355=LINE('',#8886,#10354);
#10356=EDGE_CURVE('',#8887,#8883,#10355,.T.);
#10357=ORIENTED_EDGE('',*,*,#10339,.F.);
#10358=ORIENTED_EDGE('',*,*,#10352,.T.);
#10359=ORIENTED_EDGE('',*,*,#10356,.T.);
#10360=DIRECTION('',(0.9972874474499218,0.07360534735207423,0.0));
#10361=DIRECTION('',(0.007824413179849797,-0.10601388796660619,0.9943338645126168));
#10362=AXIS2_PLACEMENT_3D('',#8882,#10360,#10361);
#10363=PLANE('',#10362);
#10364=EDGE_LOOP('',(#10357,#10358,#10359));
#10365=FACE_BOUND('',#10364,.T.);
#10366=ADVANCED_FACE('',(#10365),#10363,.T.);
#10367=LINE('',#8768,#492);
#10368=EDGE_CURVE('',#8769,#8887,#10367,.T.);
#10369=DIRECTION('',(-0.8944271909999159,0.0,0.4472135954999579));
#10370=VECTOR('',#10369,1000.0);
#10371=LINE('',#8886,#10370);
#10372=EDGE_CURVE('',#8887,#8771,#10371,.T.);
#10373=ORIENTED_EDGE('',*,*,#10368,.T.);
#10374=ORIENTED_EDGE('',*,*,#10372,.T.);
#10375=ORIENTED_EDGE('',*,*,#9373,.F.);
#10376=AXIS2_PLACEMENT_3D('',#8768,#475,#12);
#10377=PLANE('',#10376);
#10378=EDGE_LOOP('',(#10373,#10374,#10375));
#10379=FACE_BOUND('',#10378,.T.);
#10380=ADVANCED_FACE('',(#10379),#10377,.T.);
#10381=LINE('',#8884,#511);
#10382=EDGE_CURVE('',#8885,#8771,#10381,.T.);
#10383=ORIENTED_EDGE('',*,*,#10372,.F.);
#10384=ORIENTED_EDGE('',*,*,#10352,.F.);
#10385=ORIENTED_EDGE('',*,*,#10382,.T.);
#10386=DIRECTION('',(0.8944271909999159,0.0,-0.4472135954999579));
#10387=AXIS2_PLACEMENT_3D('',#8770,#475,#10386);
#10388=PLANE('',#10387);
#10389=EDGE_LOOP('',(#10383,#10384,#10385));
#10390=FACE_BOUND('',#10389,.T.);
#10391=ADVANCED_FACE('',(#10390),#10388,.T.);
#10392=LINE('',#8802,#9983);
#10393=EDGE_CURVE('',#8803,#8887,#10392,.T.);
#10394=DIRECTION('',(-0.9307706248942873,0.36560367043274883,0.0));
#10395=VECTOR('',#10394,1000.0);
#10396=LINE('',#8886,#10395);
#10397=EDGE_CURVE('',#8887,#8799,#10396,.T.);
#10398=ORIENTED_EDGE('',*,*,#9636,.F.);
#10399=ORIENTED_EDGE('',*,*,#10393,.T.);
#10400=ORIENTED_EDGE('',*,*,#10397,.T.);
#10401=DIRECTION('',(0.0,0.0,-1.0));
#10402=AXIS2_PLACEMENT_3D('',#8798,#10401,#9612);
#10403=PLANE('',#10402);
#10404=EDGE_LOOP('',(#10398,#10399,#10400));
#10405=FACE_BOUND('',#10404,.T.);
#10406=ADVANCED_FACE('',(#10405),#10403,.T.);
#10407=DIRECTION('',(0.8864312179754383,-0.46286034157030653,0.0));
#10408=VECTOR('',#10407,1000.0);
#10409=LINE('',#8806,#10408);
#10410=EDGE_CURVE('',#8807,#8887,#10409,.T.);
#10411=ORIENTED_EDGE('',*,*,#10393,.F.);
#10412=ORIENTED_EDGE('',*,*,#9670,.F.);
#10413=ORIENTED_EDGE('',*,*,#10410,.T.);
#10414=DIRECTION('',(0.0,0.0,-1.0));
#10415=AXIS2_PLACEMENT_3D('',#8886,#10414,#10003);
#10416=PLANE('',#10415);
#10417=EDGE_LOOP('',(#10411,#10412,#10413));
#10418=FACE_BOUND('',#10417,.T.);
#10419=ADVANCED_FACE('',(#10418),#10416,.T.);
#10420=DIRECTION('',(0.7679932587685363,-0.6404579256173539,0.0));
#10421=VECTOR('',#10420,1000.0);
#10422=LINE('',#8822,#10421);
#10423=EDGE_CURVE('',#8823,#8887,#10422,.T.);
#10424=DIRECTION('',(-0.8011239463374823,0.5984984733519868,0.0));
#10425=VECTOR('',#10424,1000.0);
#10426=LINE('',#8886,#10425);
#10427=EDGE_CURVE('',#8887,#8819,#10426,.T.);
#10428=ORIENTED_EDGE('',*,*,#9806,.F.);
#10429=ORIENTED_EDGE('',*,*,#10423,.T.);
#10430=ORIENTED_EDGE('',*,*,#10427,.T.);
#10431=DIRECTION('',(0.0,0.0,-1.0));
#10432=AXIS2_PLACEMENT_3D('',#8818,#10431,#9782);
#10433=PLANE('',#10432);
#10434=EDGE_LOOP('',(#10428,#10429,#10430));
#10435=FACE_BOUND('',#10434,.T.);
#10436=ADVANCED_FACE('',(#10435),#10433,.T.);
#10437=LINE('',#8826,#10088);
#10438=EDGE_CURVE('',#8827,#8887,#10437,.T.);
#10439=ORIENTED_EDGE('',*,*,#10423,.F.);
#10440=ORIENTED_EDGE('',*,*,#9840,.F.);
#10441=ORIENTED_EDGE('',*,*,#10438,.T.);
#10442=DIRECTION('',(0.0,0.0,-1.0));
#10443=DIRECTION('',(-0.7679932587685363,0.6404579256173539,0.0));
#10444=AXIS2_PLACEMENT_3D('',#8886,#10442,#10443);
#10445=PLANE('',#10444);
#10446=EDGE_LOOP('',(#10439,#10440,#10441));
#10447=FACE_BOUND('',#10446,.T.);
#10448=ADVANCED_FACE('',(#10447),#10445,.T.);
#10449=DIRECTION('',(0.6952476175847814,-0.7187703042298601,0.0));
#10450=VECTOR('',#10449,1000.0);
#10451=LINE('',#8830,#10450);
#10452=EDGE_CURVE('',#8831,#8887,#10451,.T.);
#10453=ORIENTED_EDGE('',*,*,#10438,.F.);
#10454=ORIENTED_EDGE('',*,*,#9868,.F.);
#10455=ORIENTED_EDGE('',*,*,#10452,.T.);
#10456=DIRECTION('',(0.0,0.0,-1.0));
#10457=AXIS2_PLACEMENT_3D('',#8886,#10456,#10108);
#10458=PLANE('',#10457);
#10459=EDGE_LOOP('',(#10453,#10454,#10455));
#10460=FACE_BOUND('',#10459,.T.);
#10461=ADVANCED_FACE('',(#10460),#10458,.T.);
#10462=DIRECTION('',(0.9985708970167121,-0.05344308777792615,0.0));
#10463=VECTOR('',#10462,1000.0);
#10464=LINE('',#8774,#10463);
#10465=EDGE_CURVE('',#8775,#8887,#10464,.T.);
#10466=ORIENTED_EDGE('',*,*,#10368,.F.);
#10467=ORIENTED_EDGE('',*,*,#9398,.F.);
#10468=ORIENTED_EDGE('',*,*,#10465,.T.);
#10469=DIRECTION('',(0.0,0.0,-1.0));
#10470=AXIS2_PLACEMENT_3D('',#8886,#10469,#510);
#10471=PLANE('',#10470);
#10472=EDGE_LOOP('',(#10466,#10467,#10468));
#10473=FACE_BOUND('',#10472,.T.);
#10474=ADVANCED_FACE('',(#10473),#10471,.T.);
#10475=LINE('',#8778,#9878);
#10476=EDGE_CURVE('',#8779,#8887,#10475,.T.);
#10477=ORIENTED_EDGE('',*,*,#9432,.F.);
#10478=ORIENTED_EDGE('',*,*,#10476,.T.);
#10479=ORIENTED_EDGE('',*,*,#10465,.F.);
#10480=DIRECTION('',(0.0,0.0,-1.0));
#10481=AXIS2_PLACEMENT_3D('',#8774,#10480,#9408);
#10482=PLANE('',#10481);
#10483=EDGE_LOOP('',(#10477,#10478,#10479));
#10484=FACE_BOUND('',#10483,.T.);
#10485=ADVANCED_FACE('',(#10484),#10482,.T.);
#10486=DIRECTION('',(0.987162464635792,-0.1597193426426134,0.0));
#10487=VECTOR('',#10486,1000.0);
#10488=LINE('',#8782,#10487);
#10489=EDGE_CURVE('',#8783,#8887,#10488,.T.);
#10490=ORIENTED_EDGE('',*,*,#10476,.F.);
#10491=ORIENTED_EDGE('',*,*,#9466,.F.);
#10492=ORIENTED_EDGE('',*,*,#10489,.T.);
#10493=DIRECTION('',(0.0,0.0,-1.0));
#10494=AXIS2_PLACEMENT_3D('',#8886,#10493,#9898);
#10495=PLANE('',#10494);
#10496=EDGE_LOOP('',(#10490,#10491,#10492));
#10497=FACE_BOUND('',#10496,.T.);
#10498=ADVANCED_FACE('',(#10497),#10495,.T.);
#10499=LINE('',#8786,#9913);
#10500=EDGE_CURVE('',#8787,#8887,#10499,.T.);
#10501=ORIENTED_EDGE('',*,*,#10489,.F.);
#10502=ORIENTED_EDGE('',*,*,#9500,.F.);
#10503=ORIENTED_EDGE('',*,*,#10500,.T.);
#10504=DIRECTION('',(0.0,0.0,-1.0));
#10505=DIRECTION('',(-0.987162464635792,0.1597193426426134,0.0));
#10506=AXIS2_PLACEMENT_3D('',#8886,#10504,#10505);
#10507=PLANE('',#10506);
#10508=EDGE_LOOP('',(#10501,#10502,#10503));
#10509=FACE_BOUND('',#10508,.T.);
#10510=ADVANCED_FACE('',(#10509),#10507,.T.);
#10511=LINE('',#8810,#10018);
#10512=EDGE_CURVE('',#8811,#8887,#10511,.T.);
#10513=ORIENTED_EDGE('',*,*,#9704,.F.);
#10514=ORIENTED_EDGE('',*,*,#10512,.T.);
#10515=ORIENTED_EDGE('',*,*,#10410,.F.);
#10516=DIRECTION('',(0.0,0.0,-1.0));
#10517=AXIS2_PLACEMENT_3D('',#8806,#10516,#9680);
#10518=PLANE('',#10517);
#10519=EDGE_LOOP('',(#10513,#10514,#10515));
#10520=FACE_BOUND('',#10519,.T.);
#10521=ADVANCED_FACE('',(#10520),#10518,.T.);
#10522=DIRECTION('',(0.8319649971845732,-0.5548281206460911,0.0));
#10523=VECTOR('',#10522,1000.0);
#10524=LINE('',#8814,#10523);
#10525=EDGE_CURVE('',#8815,#8887,#10524,.T.);
#10526=ORIENTED_EDGE('',*,*,#10512,.F.);
#10527=ORIENTED_EDGE('',*,*,#9738,.F.);
#10528=ORIENTED_EDGE('',*,*,#10525,.T.);
#10529=DIRECTION('',(0.0,0.0,-1.0));
#10530=AXIS2_PLACEMENT_3D('',#8886,#10529,#10038);
#10531=PLANE('',#10530);
#10532=EDGE_LOOP('',(#10526,#10527,#10528));
#10533=FACE_BOUND('',#10532,.T.);
#10534=ADVANCED_FACE('',(#10533),#10531,.T.);
#10535=ORIENTED_EDGE('',*,*,#10525,.F.);
#10536=ORIENTED_EDGE('',*,*,#9772,.F.);
#10537=ORIENTED_EDGE('',*,*,#10427,.F.);
#10538=DIRECTION('',(0.0,0.0,-1.0));
#10539=DIRECTION('',(-0.8319649971845732,0.5548281206460911,0.0));
#10540=AXIS2_PLACEMENT_3D('',#8886,#10538,#10539);
#10541=PLANE('',#10540);
#10542=EDGE_LOOP('',(#10535,#10536,#10537));
#10543=FACE_BOUND('',#10542,.T.);
#10544=ADVANCED_FACE('',(#10543),#10541,.T.);
#10545=LINE('',#8834,#10123);
#10546=EDGE_CURVE('',#8835,#8887,#10545,.T.);
#10547=ORIENTED_EDGE('',*,*,#9901,.F.);
#10548=ORIENTED_EDGE('',*,*,#10546,.T.);
#10549=ORIENTED_EDGE('',*,*,#10452,.F.);
#10550=DIRECTION('',(0.0,0.0,-1.0));
#10551=AXIS2_PLACEMENT_3D('',#8830,#10550,#9877);
#10552=PLANE('',#10551);
#10553=EDGE_LOOP('',(#10547,#10548,#10549));
#10554=FACE_BOUND('',#10553,.T.);
#10555=ADVANCED_FACE('',(#10554),#10552,.T.);
#10556=DIRECTION('',(0.6145586927298731,-0.7888711004911698,0.0));
#10557=VECTOR('',#10556,1000.0);
#10558=LINE('',#8838,#10557);
#10559=EDGE_CURVE('',#8839,#8887,#10558,.T.);
#10560=ORIENTED_EDGE('',*,*,#10546,.F.);
#10561=ORIENTED_EDGE('',*,*,#9936,.F.);
#10562=ORIENTED_EDGE('',*,*,#10559,.T.);
#10563=DIRECTION('',(0.0,0.0,-1.0));
#10564=AXIS2_PLACEMENT_3D('',#8886,#10563,#10143);
#10565=PLANE('',#10564);
#10566=EDGE_LOOP('',(#10560,#10561,#10562));
#10567=FACE_BOUND('',#10566,.T.);
#10568=ADVANCED_FACE('',(#10567),#10565,.T.);
#10569=LINE('',#8842,#10158);
#10570=EDGE_CURVE('',#8843,#8887,#10569,.T.);
#10571=ORIENTED_EDGE('',*,*,#10559,.F.);
#10572=ORIENTED_EDGE('',*,*,#9971,.F.);
#10573=ORIENTED_EDGE('',*,*,#10570,.T.);
#10574=DIRECTION('',(0.0,0.0,-1.0));
#10575=DIRECTION('',(-0.6145586927298731,0.7888711004911698,0.0));
#10576=AXIS2_PLACEMENT_3D('',#8886,#10574,#10575);
#10577=PLANE('',#10576);
#10578=EDGE_LOOP('',(#10571,#10572,#10573));
#10579=FACE_BOUND('',#10578,.T.);
#10580=ADVANCED_FACE('',(#10579),#10577,.T.);
#10581=DIRECTION('',(-0.3344448678803948,0.9424153173354438,0.0));
#10582=VECTOR('',#10581,1000.0);
#10583=LINE('',#8878,#10582);
#10584=EDGE_CURVE('',#8879,#8871,#10583,.T.);
#10585=ORIENTED_EDGE('',*,*,#10251,.F.);
#10586=ORIENTED_EDGE('',*,*,#10286,.F.);
#10587=ORIENTED_EDGE('',*,*,#10584,.T.);
#10588=DIRECTION('',(0.0,0.0,-1.0));
#10589=AXIS2_PLACEMENT_3D('',#8870,#10588,#10227);
#10590=PLANE('',#10589);
#10591=EDGE_LOOP('',(#10585,#10586,#10587));
#10592=FACE_BOUND('',#10591,.T.);
#10593=ADVANCED_FACE('',(#10592),#10590,.T.);
#10594=DIRECTION('',(0.9644758846386057,-0.2641709067073416,0.0));
#10595=VECTOR('',#10594,1000.0);
#10596=LINE('',#8790,#10595);
#10597=EDGE_CURVE('',#8791,#8887,#10596,.T.);
#10598=ORIENTED_EDGE('',*,*,#9534,.F.);
#10599=ORIENTED_EDGE('',*,*,#10597,.T.);
#10600=ORIENTED_EDGE('',*,*,#10500,.F.);
#10601=DIRECTION('',(0.0,0.0,-1.0));
#10602=AXIS2_PLACEMENT_3D('',#8786,#10601,#9510);
#10603=PLANE('',#10602);
#10604=EDGE_LOOP('',(#10598,#10599,#10600));
#10605=FACE_BOUND('',#10604,.T.);
#10606=ADVANCED_FACE('',(#10605),#10603,.T.);
#10607=LINE('',#8794,#9948);
#10608=EDGE_CURVE('',#8795,#8887,#10607,.T.);
#10609=ORIENTED_EDGE('',*,*,#10597,.F.);
#10610=ORIENTED_EDGE('',*,*,#9568,.F.);
#10611=ORIENTED_EDGE('',*,*,#10608,.T.);
#10612=DIRECTION('',(0.0,0.0,-1.0));
#10613=DIRECTION('',(-0.9644758846386057,0.2641709067073416,0.0));
#10614=AXIS2_PLACEMENT_3D('',#8886,#10612,#10613);
#10615=PLANE('',#10614);
#10616=EDGE_LOOP('',(#10609,#10610,#10611));
#10617=FACE_BOUND('',#10616,.T.);
#10618=ADVANCED_FACE('',(#10617),#10615,.T.);
#10619=ORIENTED_EDGE('',*,*,#10608,.F.);
#10620=ORIENTED_EDGE('',*,*,#9602,.F.);
#10621=ORIENTED_EDGE('',*,*,#10397,.F.);
#10622=DIRECTION('',(0.0,0.0,-1.0));
#10623=AXIS2_PLACEMENT_3D('',#8886,#10622,#9968);
#10624=PLANE('',#10623);
#10625=EDGE_LOOP('',(#10619,#10620,#10621));
#10626=FACE_BOUND('',#10625,.T.);
#10627=ADVANCED_FACE('',(#10626),#10624,.T.);
#10628=DIRECTION('',(0.526848990747602,-0.8499589054467473,0.0));
#10629=VECTOR('',#10628,1000.0);
#10630=LINE('',#8846,#10629);
#10631=EDGE_CURVE('',#8847,#8887,#10630,.T.);
#10632=ORIENTED_EDGE('',*,*,#10006,.F.);
#10633=ORIENTED_EDGE('',*,*,#10631,.T.);
#10634=ORIENTED_EDGE('',*,*,#10570,.F.);
#10635=DIRECTION('',(0.0,0.0,-1.0));
#10636=AXIS2_PLACEMENT_3D('',#8842,#10635,#9982);
#10637=PLANE('',#10636);
#10638=EDGE_LOOP('',(#10632,#10633,#10634));
#10639=FACE_BOUND('',#10638,.T.);
#10640=ADVANCED_FACE('',(#10639),#10637,.T.);
#10641=LINE('',#8850,#10193);
#10642=EDGE_CURVE('',#8851,#8887,#10641,.T.);
#10643=ORIENTED_EDGE('',*,*,#10631,.F.);
#10644=ORIENTED_EDGE('',*,*,#10041,.F.);
#10645=ORIENTED_EDGE('',*,*,#10642,.T.);
#10646=DIRECTION('',(0.0,0.0,-1.0));
#10647=DIRECTION('',(-0.526848990747602,0.8499589054467473,0.0));
#10648=AXIS2_PLACEMENT_3D('',#8886,#10646,#10647);
#10649=PLANE('',#10648);
#10650=EDGE_LOOP('',(#10643,#10644,#10645));
#10651=FACE_BOUND('',#10650,.T.);
#10652=ADVANCED_FACE('',(#10651),#10649,.T.);
#10653=DIRECTION('',(0.4331197799577609,-0.9013363723989734,0.0));
#10654=VECTOR('',#10653,1000.0);
#10655=LINE('',#8854,#10654);
#10656=EDGE_CURVE('',#8855,#8887,#10655,.T.);
#10657=ORIENTED_EDGE('',*,*,#10642,.F.);
#10658=ORIENTED_EDGE('',*,*,#10076,.F.);
#10659=ORIENTED_EDGE('',*,*,#10656,.T.);
#10660=DIRECTION('',(0.0,0.0,-1.0));
#10661=AXIS2_PLACEMENT_3D('',#8886,#10660,#10213);
#10662=PLANE('',#10661);
#10663=EDGE_LOOP('',(#10657,#10658,#10659));
#10664=FACE_BOUND('',#10663,.T.);
#10665=ADVANCED_FACE('',(#10664),#10662,.T.);
#10666=LINE('',#8882,#10284);
#10667=EDGE_CURVE('',#8883,#8871,#10666,.T.);
#10668=ORIENTED_EDGE('',*,*,#10321,.F.);
#10669=ORIENTED_EDGE('',*,*,#10667,.T.);
#10670=ORIENTED_EDGE('',*,*,#10584,.F.);
#10671=AXIS2_PLACEMENT_3D('',#8878,#7787,#10297);
#10672=PLANE('',#10671);
#10673=EDGE_LOOP('',(#10668,#10669,#10670));
#10674=FACE_BOUND('',#10673,.T.);
#10675=ADVANCED_FACE('',(#10674),#10672,.T.);
#10676=DIRECTION('',(-0.23194476529334446,0.9727289580623245,0.0));
#10677=VECTOR('',#10676,1000.0);
#10678=LINE('',#8886,#10677);
#10679=EDGE_CURVE('',#8887,#8871,#10678,.T.);
#10680=ORIENTED_EDGE('',*,*,#10667,.F.);
#10681=ORIENTED_EDGE('',*,*,#10356,.F.);
#10682=ORIENTED_EDGE('',*,*,#10679,.T.);
#10683=DIRECTION('',(0.0,0.0,-1.0));
#10684=AXIS2_PLACEMENT_3D('',#8870,#10683,#10262);
#10685=PLANE('',#10684);
#10686=EDGE_LOOP('',(#10680,#10681,#10682));
#10687=FACE_BOUND('',#10686,.T.);
#10688=ADVANCED_FACE('',(#10687),#10685,.T.);
#10689=LINE('',#8886,#10284);
#10690=EDGE_CURVE('',#8887,#8867,#10689,.T.);
#10691=ORIENTED_EDGE('',*,*,#10679,.F.);
#10692=ORIENTED_EDGE('',*,*,#10690,.T.);
#10693=ORIENTED_EDGE('',*,*,#10216,.F.);
#10694=DIRECTION('',(0.23194476529334446,-0.9727289580623245,0.0));
#10695=AXIS2_PLACEMENT_3D('',#8870,#7787,#10694);
#10696=PLANE('',#10695);
#10697=EDGE_LOOP('',(#10691,#10692,#10693));
#10698=FACE_BOUND('',#10697,.T.);
#10699=ADVANCED_FACE('',(#10698),#10696,.T.);
#10700=LINE('',#8858,#10228);
#10701=EDGE_CURVE('',#8859,#8887,#10700,.T.);
#10702=ORIENTED_EDGE('',*,*,#10111,.F.);
#10703=ORIENTED_EDGE('',*,*,#10701,.T.);
#10704=ORIENTED_EDGE('',*,*,#10656,.F.);
#10705=DIRECTION('',(0.0,0.0,-1.0));
#10706=AXIS2_PLACEMENT_3D('',#8854,#10705,#10087);
#10707=PLANE('',#10706);
#10708=EDGE_LOOP('',(#10702,#10703,#10704));
#10709=FACE_BOUND('',#10708,.T.);
#10710=ADVANCED_FACE('',(#10709),#10707,.T.);
#10711=DIRECTION('',(0.3344429101700046,-0.9424160120864981,0.0));
#10712=VECTOR('',#10711,1000.0);
#10713=LINE('',#8862,#10712);
#10714=EDGE_CURVE('',#8863,#8887,#10713,.T.);
#10715=ORIENTED_EDGE('',*,*,#10701,.F.);
#10716=ORIENTED_EDGE('',*,*,#10146,.F.);
#10717=ORIENTED_EDGE('',*,*,#10714,.T.);
#10718=DIRECTION('',(0.0,0.0,-1.0));
#10719=AXIS2_PLACEMENT_3D('',#8886,#10718,#10248);
#10720=PLANE('',#10719);
#10721=EDGE_LOOP('',(#10715,#10716,#10717));
#10722=FACE_BOUND('',#10721,.T.);
#10723=ADVANCED_FACE('',(#10722),#10720,.T.);
#10724=ORIENTED_EDGE('',*,*,#10714,.F.);
#10725=ORIENTED_EDGE('',*,*,#10181,.F.);
#10726=ORIENTED_EDGE('',*,*,#10690,.F.);
#10727=DIRECTION('',(0.0,0.0,-1.0));
#10728=AXIS2_PLACEMENT_3D('',#8886,#10727,#10581);
#10729=PLANE('',#10728);
#10730=EDGE_LOOP('',(#10724,#10725,#10726));
#10731=FACE_BOUND('',#10730,.T.);
#10732=ADVANCED_FACE('',(#10731),#10729,.T.);
#10733=LINE('',#8828,#10450);
#10734=EDGE_CURVE('',#8829,#8885,#10733,.T.);
#10735=LINE('',#8884,#10144);
#10736=EDGE_CURVE('',#8885,#8833,#10735,.T.);
#10737=ORIENTED_EDGE('',*,*,#9880,.F.);
#10738=ORIENTED_EDGE('',*,*,#10734,.T.);
#10739=ORIENTED_EDGE('',*,*,#10736,.T.);
#10740=AXIS2_PLACEMENT_3D('',#8832,#11,#9898);
#10741=PLANE('',#10740);
#10742=EDGE_LOOP('',(#10737,#10738,#10739));
#10743=FACE_BOUND('',#10742,.T.);
#10744=ADVANCED_FACE('',(#10743),#10741,.T.);
#10745=LINE('',#8824,#10088);
#10746=EDGE_CURVE('',#8825,#8885,#10745,.T.);
#10747=ORIENTED_EDGE('',*,*,#9851,.F.);
#10748=ORIENTED_EDGE('',*,*,#10746,.T.);
#10749=ORIENTED_EDGE('',*,*,#10734,.F.);
#10750=AXIS2_PLACEMENT_3D('',#8828,#11,#510);
#10751=PLANE('',#10750);
#10752=EDGE_LOOP('',(#10747,#10748,#10749));
#10753=FACE_BOUND('',#10752,.T.);
#10754=ADVANCED_FACE('',(#10753),#10751,.T.);
#10755=LINE('',#8820,#10421);
#10756=EDGE_CURVE('',#8821,#8885,#10755,.T.);
#10757=ORIENTED_EDGE('',*,*,#10746,.F.);
#10758=ORIENTED_EDGE('',*,*,#9819,.F.);
#10759=ORIENTED_EDGE('',*,*,#10756,.T.);
#10760=AXIS2_PLACEMENT_3D('',#8884,#11,#10108);
#10761=PLANE('',#10760);
#10762=EDGE_LOOP('',(#10757,#10758,#10759));
#10763=FACE_BOUND('',#10762,.T.);
#10764=ADVANCED_FACE('',(#10763),#10761,.T.);
#10765=DIRECTION('',(0.8011239463374823,-0.5984984733519868,0.0));
#10766=VECTOR('',#10765,1000.0);
#10767=LINE('',#8816,#10766);
#10768=EDGE_CURVE('',#8817,#8885,#10767,.T.);
#10769=ORIENTED_EDGE('',*,*,#10756,.F.);
#10770=ORIENTED_EDGE('',*,*,#9785,.F.);
#10771=ORIENTED_EDGE('',*,*,#10768,.T.);
#10772=AXIS2_PLACEMENT_3D('',#8884,#11,#10443);
#10773=PLANE('',#10772);
#10774=EDGE_LOOP('',(#10769,#10770,#10771));
#10775=FACE_BOUND('',#10774,.T.);
#10776=ADVANCED_FACE('',(#10775),#10773,.T.);
#10777=LINE('',#8876,#10144);
#10778=EDGE_CURVE('',#8877,#8841,#10777,.T.);
#10779=LINE('',#8840,#10557);
#10780=EDGE_CURVE('',#8841,#8881,#10779,.T.);
#10781=ORIENTED_EDGE('',*,*,#10300,.F.);
#10782=ORIENTED_EDGE('',*,*,#10778,.T.);
#10783=ORIENTED_EDGE('',*,*,#10780,.T.);
#10784=AXIS2_PLACEMENT_3D('',#8880,#11,#10318);
#10785=PLANE('',#10784);
#10786=EDGE_LOOP('',(#10781,#10782,#10783));
#10787=FACE_BOUND('',#10786,.T.);
#10788=ADVANCED_FACE('',(#10787),#10785,.T.);
#10789=DIRECTION('',(-0.695247346114362,0.7187705668159601,0.0));
#10790=VECTOR('',#10789,1000.0);
#10791=LINE('',#8872,#10790);
#10792=EDGE_CURVE('',#8873,#8841,#10791,.T.);
#10793=ORIENTED_EDGE('',*,*,#10778,.F.);
#10794=ORIENTED_EDGE('',*,*,#10265,.F.);
#10795=ORIENTED_EDGE('',*,*,#10792,.T.);
#10796=DIRECTION('',(-0.0,-0.0,1.0));
#10797=AXIS2_PLACEMENT_3D('',#8840,#10796,#10122);
#10798=PLANE('',#10797);
#10799=EDGE_LOOP('',(#10793,#10794,#10795));
#10800=FACE_BOUND('',#10799,.T.);
#10801=ADVANCED_FACE('',(#10800),#10798,.T.);
#10802=LINE('',#8868,#10109);
#10803=EDGE_CURVE('',#8869,#8841,#10802,.T.);
#10804=ORIENTED_EDGE('',*,*,#10792,.F.);
#10805=ORIENTED_EDGE('',*,*,#10230,.F.);
#10806=ORIENTED_EDGE('',*,*,#10803,.T.);
#10807=DIRECTION('',(-0.0,-0.0,1.0));
#10808=AXIS2_PLACEMENT_3D('',#8840,#10807,#10449);
#10809=PLANE('',#10808);
#10810=EDGE_LOOP('',(#10804,#10805,#10806));
#10811=FACE_BOUND('',#10810,.T.);
#10812=ADVANCED_FACE('',(#10811),#10809,.T.);
#10813=LINE('',#8840,#10158);
#10814=EDGE_CURVE('',#8841,#8885,#10813,.T.);
#10815=ORIENTED_EDGE('',*,*,#10780,.F.);
#10816=ORIENTED_EDGE('',*,*,#10814,.T.);
#10817=ORIENTED_EDGE('',*,*,#10335,.F.);
#10818=AXIS2_PLACEMENT_3D('',#8880,#11,#10575);
#10819=PLANE('',#10818);
#10820=EDGE_LOOP('',(#10815,#10816,#10817));
#10821=FACE_BOUND('',#10820,.T.);
#10822=ADVANCED_FACE('',(#10821),#10819,.T.);
#10823=LINE('',#8836,#10557);
#10824=EDGE_CURVE('',#8837,#8885,#10823,.T.);
#10825=ORIENTED_EDGE('',*,*,#10814,.F.);
#10826=ORIENTED_EDGE('',*,*,#9950,.F.);
#10827=ORIENTED_EDGE('',*,*,#10824,.T.);
#10828=AXIS2_PLACEMENT_3D('',#8884,#11,#10178);
#10829=PLANE('',#10828);
#10830=EDGE_LOOP('',(#10825,#10826,#10827));
#10831=FACE_BOUND('',#10830,.T.);
#10832=ADVANCED_FACE('',(#10831),#10829,.T.);
#10833=ORIENTED_EDGE('',*,*,#10824,.F.);
#10834=ORIENTED_EDGE('',*,*,#9915,.F.);
#10835=ORIENTED_EDGE('',*,*,#10736,.F.);
#10836=AXIS2_PLACEMENT_3D('',#8884,#11,#10575);
#10837=PLANE('',#10836);
#10838=EDGE_LOOP('',(#10833,#10834,#10835));
#10839=FACE_BOUND('',#10838,.T.);
#10840=ADVANCED_FACE('',(#10839),#10837,.T.);
#10841=LINE('',#8812,#10523);
#10842=EDGE_CURVE('',#8813,#8885,#10841,.T.);
#10843=ORIENTED_EDGE('',*,*,#9751,.F.);
#10844=ORIENTED_EDGE('',*,*,#10842,.T.);
#10845=ORIENTED_EDGE('',*,*,#10768,.F.);
#10846=AXIS2_PLACEMENT_3D('',#8816,#11,#9769);
#10847=PLANE('',#10846);
#10848=EDGE_LOOP('',(#10843,#10844,#10845));
#10849=FACE_BOUND('',#10848,.T.);
#10850=ADVANCED_FACE('',(#10849),#10847,.T.);
#10851=LINE('',#8808,#10018);
#10852=EDGE_CURVE('',#8809,#8885,#10851,.T.);
#10853=ORIENTED_EDGE('',*,*,#10842,.F.);
#10854=ORIENTED_EDGE('',*,*,#9717,.F.);
#10855=ORIENTED_EDGE('',*,*,#10852,.T.);
#10856=AXIS2_PLACEMENT_3D('',#8884,#11,#10539);
#10857=PLANE('',#10856);
#10858=EDGE_LOOP('',(#10853,#10854,#10855));
#10859=FACE_BOUND('',#10858,.T.);
#10860=ADVANCED_FACE('',(#10859),#10857,.T.);
#10861=LINE('',#8804,#10408);
#10862=EDGE_CURVE('',#8805,#8885,#10861,.T.);
#10863=ORIENTED_EDGE('',*,*,#10852,.F.);
#10864=ORIENTED_EDGE('',*,*,#9683,.F.);
#10865=ORIENTED_EDGE('',*,*,#10862,.T.);
#10866=AXIS2_PLACEMENT_3D('',#8884,#11,#10038);
#10867=PLANE('',#10866);
#10868=EDGE_LOOP('',(#10863,#10864,#10865));
#10869=FACE_BOUND('',#10868,.T.);
#10870=ADVANCED_FACE('',(#10869),#10867,.T.);
#10871=LINE('',#8800,#9983);
#10872=EDGE_CURVE('',#8801,#8885,#10871,.T.);
#10873=ORIENTED_EDGE('',*,*,#9649,.F.);
#10874=ORIENTED_EDGE('',*,*,#10872,.T.);
#10875=ORIENTED_EDGE('',*,*,#10862,.F.);
#10876=AXIS2_PLACEMENT_3D('',#8804,#11,#9667);
#10877=PLANE('',#10876);
#10878=EDGE_LOOP('',(#10873,#10874,#10875));
#10879=FACE_BOUND('',#10878,.T.);
#10880=ADVANCED_FACE('',(#10879),#10877,.T.);
#10881=DIRECTION('',(0.9307706248942873,-0.36560367043274883,0.0));
#10882=VECTOR('',#10881,1000.0);
#10883=LINE('',#8796,#10882);
#10884=EDGE_CURVE('',#8797,#8885,#10883,.T.);
#10885=ORIENTED_EDGE('',*,*,#10872,.F.);
#10886=ORIENTED_EDGE('',*,*,#9615,.F.);
#10887=ORIENTED_EDGE('',*,*,#10884,.T.);
#10888=AXIS2_PLACEMENT_3D('',#8884,#11,#10003);
#10889=PLANE('',#10888);
#10890=EDGE_LOOP('',(#10885,#10886,#10887));
#10891=FACE_BOUND('',#10890,.T.);
#10892=ADVANCED_FACE('',(#10891),#10889,.T.);
#10893=LINE('',#8792,#9948);
#10894=EDGE_CURVE('',#8793,#8885,#10893,.T.);
#10895=ORIENTED_EDGE('',*,*,#10884,.F.);
#10896=ORIENTED_EDGE('',*,*,#9581,.F.);
#10897=ORIENTED_EDGE('',*,*,#10894,.T.);
#10898=AXIS2_PLACEMENT_3D('',#8884,#11,#10394);
#10899=PLANE('',#10898);
#10900=EDGE_LOOP('',(#10895,#10896,#10897));
#10901=FACE_BOUND('',#10900,.T.);
#10902=ADVANCED_FACE('',(#10901),#10899,.T.);
#10903=LINE('',#8776,#9878);
#10904=EDGE_CURVE('',#8777,#8885,#10903,.T.);
#10905=VECTOR('',#10505,1000.0);
#10906=LINE('',#8884,#10905);
#10907=EDGE_CURVE('',#8885,#8781,#10906,.T.);
#10908=ORIENTED_EDGE('',*,*,#9445,.F.);
#10909=ORIENTED_EDGE('',*,*,#10904,.T.);
#10910=ORIENTED_EDGE('',*,*,#10907,.T.);
#10911=AXIS2_PLACEMENT_3D('',#8780,#11,#9463);
#10912=PLANE('',#10911);
#10913=EDGE_LOOP('',(#10908,#10909,#10910));
#10914=FACE_BOUND('',#10913,.T.);
#10915=ADVANCED_FACE('',(#10914),#10912,.T.);
#10916=LINE('',#8772,#10463);
#10917=EDGE_CURVE('',#8773,#8885,#10916,.T.);
#10918=ORIENTED_EDGE('',*,*,#10904,.F.);
#10919=ORIENTED_EDGE('',*,*,#9411,.F.);
#10920=ORIENTED_EDGE('',*,*,#10917,.T.);
#10921=AXIS2_PLACEMENT_3D('',#8884,#11,#9898);
#10922=PLANE('',#10921);
#10923=EDGE_LOOP('',(#10918,#10919,#10920));
#10924=FACE_BOUND('',#10923,.T.);
#10925=ADVANCED_FACE('',(#10924),#10922,.T.);
#10926=ORIENTED_EDGE('',*,*,#10917,.F.);
#10927=ORIENTED_EDGE('',*,*,#9377,.F.);
#10928=ORIENTED_EDGE('',*,*,#10382,.F.);
#10929=DIRECTION('',(-0.9985708970167121,0.05344308777792615,0.0));
#10930=AXIS2_PLACEMENT_3D('',#8884,#11,#10929);
#10931=PLANE('',#10930);
#10932=EDGE_LOOP('',(#10926,#10927,#10928));
#10933=FACE_BOUND('',#10932,.T.);
#10934=ADVANCED_FACE('',(#10933),#10931,.T.);
#10935=LINE('',#8848,#10421);
#10936=EDGE_CURVE('',#8849,#8857,#10935,.T.);
#10937=ORIENTED_EDGE('',*,*,#10055,.F.);
#10938=ORIENTED_EDGE('',*,*,#10936,.T.);
#10939=ORIENTED_EDGE('',*,*,#10090,.F.);
#10940=AXIS2_PLACEMENT_3D('',#8852,#11,#10073);
#10941=PLANE('',#10940);
#10942=EDGE_LOOP('',(#10937,#10938,#10939));
#10943=FACE_BOUND('',#10942,.T.);
#10944=ADVANCED_FACE('',(#10943),#10941,.T.);
#10945=LINE('',#8848,#10088);
#10946=EDGE_CURVE('',#8849,#8861,#10945,.T.);
#10947=ORIENTED_EDGE('',*,*,#10936,.F.);
#10948=ORIENTED_EDGE('',*,*,#10946,.T.);
#10949=ORIENTED_EDGE('',*,*,#10125,.F.);
#10950=AXIS2_PLACEMENT_3D('',#8856,#11,#10443);
#10951=PLANE('',#10950);
#10952=EDGE_LOOP('',(#10947,#10948,#10949));
#10953=FACE_BOUND('',#10952,.T.);
#10954=ADVANCED_FACE('',(#10953),#10951,.T.);
#10955=VECTOR('',#10443,1000.0);
#10956=LINE('',#8864,#10955);
#10957=EDGE_CURVE('',#8865,#8841,#10956,.T.);
#10958=ORIENTED_EDGE('',*,*,#10195,.F.);
#10959=ORIENTED_EDGE('',*,*,#10957,.T.);
#10960=ORIENTED_EDGE('',*,*,#10803,.F.);
#10961=AXIS2_PLACEMENT_3D('',#8868,#11,#10213);
#10962=PLANE('',#10961);
#10963=EDGE_LOOP('',(#10958,#10959,#10960));
#10964=FACE_BOUND('',#10963,.T.);
#10965=ADVANCED_FACE('',(#10964),#10962,.T.);
#10966=LINE('',#8860,#10425);
#10967=EDGE_CURVE('',#8861,#8841,#10966,.T.);
#10968=ORIENTED_EDGE('',*,*,#10957,.F.);
#10969=ORIENTED_EDGE('',*,*,#10160,.F.);
#10970=ORIENTED_EDGE('',*,*,#10967,.T.);
#10971=DIRECTION('',(-0.0,-0.0,1.0));
#10972=AXIS2_PLACEMENT_3D('',#8840,#10971,#10420);
#10973=PLANE('',#10972);
#10974=EDGE_LOOP('',(#10968,#10969,#10970));
#10975=FACE_BOUND('',#10974,.T.);
#10976=ADVANCED_FACE('',(#10975),#10973,.T.);
#10977=LINE('',#8860,#10955);
#10978=EDGE_CURVE('',#8861,#8845,#10977,.T.);
#10979=ORIENTED_EDGE('',*,*,#10967,.F.);
#10980=ORIENTED_EDGE('',*,*,#10978,.T.);
#10981=ORIENTED_EDGE('',*,*,#9985,.F.);
#10982=DIRECTION('',(-0.0,-0.0,1.0));
#10983=AXIS2_PLACEMENT_3D('',#8840,#10982,#10765);
#10984=PLANE('',#10983);
#10985=EDGE_LOOP('',(#10979,#10980,#10981));
#10986=FACE_BOUND('',#10985,.T.);
#10987=ADVANCED_FACE('',(#10986),#10984,.T.);
#10988=ORIENTED_EDGE('',*,*,#10978,.F.);
#10989=ORIENTED_EDGE('',*,*,#10946,.F.);
#10990=ORIENTED_EDGE('',*,*,#10020,.F.);
#10991=DIRECTION('',(-0.0,-0.0,1.0));
#10992=AXIS2_PLACEMENT_3D('',#8844,#10991,#10420);
#10993=PLANE('',#10992);
#10994=EDGE_LOOP('',(#10988,#10989,#10990));
#10995=FACE_BOUND('',#10994,.T.);
#10996=ADVANCED_FACE('',(#10995),#10993,.T.);
#10997=LINE('',#8788,#10595);
#10998=EDGE_CURVE('',#8789,#8885,#10997,.T.);
#10999=ORIENTED_EDGE('',*,*,#9547,.F.);
#11000=ORIENTED_EDGE('',*,*,#10998,.T.);
#11001=ORIENTED_EDGE('',*,*,#10894,.F.);
#11002=AXIS2_PLACEMENT_3D('',#8792,#11,#9565);
#11003=PLANE('',#11002);
#11004=EDGE_LOOP('',(#10999,#11000,#11001));
#11005=FACE_BOUND('',#11004,.T.);
#11006=ADVANCED_FACE('',(#11005),#11003,.T.);
#11007=LINE('',#8784,#9913);
#11008=EDGE_CURVE('',#8785,#8885,#11007,.T.);
#11009=ORIENTED_EDGE('',*,*,#10998,.F.);
#11010=ORIENTED_EDGE('',*,*,#9513,.F.);
#11011=ORIENTED_EDGE('',*,*,#11008,.T.);
#11012=AXIS2_PLACEMENT_3D('',#8884,#11,#10613);
#11013=PLANE('',#11012);
#11014=EDGE_LOOP('',(#11009,#11010,#11011));
#11015=FACE_BOUND('',#11014,.T.);
#11016=ADVANCED_FACE('',(#11015),#11013,.T.);
#11017=ORIENTED_EDGE('',*,*,#11008,.F.);
#11018=ORIENTED_EDGE('',*,*,#9479,.F.);
#11019=ORIENTED_EDGE('',*,*,#10907,.F.);
#11020=AXIS2_PLACEMENT_3D('',#8884,#11,#9933);
#11021=PLANE('',#11020);
#11022=EDGE_LOOP('',(#11017,#11018,#11019));
#11023=FACE_BOUND('',#11022,.T.);
#11024=ADVANCED_FACE('',(#11023),#11021,.T.);
#11025=DIRECTION('',(0.0,0.0,-1.0));
#11026=VECTOR('',#11025,1000.0);
#11027=LINE('',#8888,#11026);
#11028=EDGE_CURVE('',#8889,#8891,#11027,.T.);
#11029=DIRECTION('',(0.0,0.024992191160203094,0.9996876464081228));
#11030=VECTOR('',#11029,1000.0);
#11031=LINE('',#8890,#11030);
#11032=EDGE_CURVE('',#8891,#8893,#11031,.T.);
#11033=LINE('',#8892,#476);
#11034=EDGE_CURVE('',#8893,#8889,#11033,.T.);
#11035=ORIENTED_EDGE('',*,*,#11028,.T.);
#11036=ORIENTED_EDGE('',*,*,#11032,.T.);
#11037=ORIENTED_EDGE('',*,*,#11034,.T.);
#11038=DIRECTION('',(0.0,0.0,-1.0));
#11039=AXIS2_PLACEMENT_3D('',#8888,#5296,#11038);
#11040=PLANE('',#11039);
#11041=EDGE_LOOP('',(#11035,#11036,#11037));
#11042=FACE_BOUND('',#11041,.T.);
#11043=ADVANCED_FACE('',(#11042),#11040,.T.);
#11044=LINE('',#8890,#463);
#11045=EDGE_CURVE('',#8891,#8895,#11044,.T.);
#11046=LINE('',#8894,#1194);
#11047=EDGE_CURVE('',#8895,#8893,#11046,.T.);
#11048=ORIENTED_EDGE('',*,*,#11032,.F.);
#11049=ORIENTED_EDGE('',*,*,#11045,.T.);
#11050=ORIENTED_EDGE('',*,*,#11047,.T.);
#11051=DIRECTION('',(0.0,-0.024992191160203094,-0.9996876464081228));
#11052=AXIS2_PLACEMENT_3D('',#8892,#5296,#11051);
#11053=PLANE('',#11052);
#11054=EDGE_LOOP('',(#11048,#11049,#11050));
#11055=FACE_BOUND('',#11054,.T.);
#11056=ADVANCED_FACE('',(#11055),#11053,.T.);
#11057=LINE('',#8896,#1194);
#11058=EDGE_CURVE('',#8897,#8899,#11057,.T.);
#11059=DIRECTION('',(0.0,0.024992191160203094,-0.9996876464081228));
#11060=VECTOR('',#11059,1000.0);
#11061=LINE('',#8898,#11060);
#11062=EDGE_CURVE('',#8899,#8901,#11061,.T.);
#11063=LINE('',#8900,#476);
#11064=EDGE_CURVE('',#8901,#8897,#11063,.T.);
#11065=ORIENTED_EDGE('',*,*,#11058,.T.);
#11066=ORIENTED_EDGE('',*,*,#11062,.T.);
#11067=ORIENTED_EDGE('',*,*,#11064,.T.);
#11068=AXIS2_PLACEMENT_3D('',#8896,#510,#11);
#11069=PLANE('',#11068);
#11070=EDGE_LOOP('',(#11065,#11066,#11067));
#11071=FACE_BOUND('',#11070,.T.);
#11072=ADVANCED_FACE('',(#11071),#11069,.T.);
#11073=LINE('',#8898,#463);
#11074=EDGE_CURVE('',#8899,#8903,#11073,.T.);
#11075=DIRECTION('',(0.0,0.0,-1.0));
#11076=VECTOR('',#11075,1000.0);
#11077=LINE('',#8902,#11076);
#11078=EDGE_CURVE('',#8903,#8901,#11077,.T.);
#11079=ORIENTED_EDGE('',*,*,#11062,.F.);
#11080=ORIENTED_EDGE('',*,*,#11074,.T.);
#11081=ORIENTED_EDGE('',*,*,#11078,.T.);
#11082=DIRECTION('',(0.0,-0.024992191160203094,0.9996876464081228));
#11083=AXIS2_PLACEMENT_3D('',#8900,#510,#11082);
#11084=PLANE('',#11083);
#11085=EDGE_LOOP('',(#11079,#11080,#11081));
#11086=FACE_BOUND('',#11085,.T.);
#11087=ADVANCED_FACE('',(#11086),#11084,.T.);
#11088=LINE('',#8904,#492);
#11089=EDGE_CURVE('',#8905,#8907,#11088,.T.);
#11090=DIRECTION('',(-0.9995920864606948,0.02855977389887702,0.0));
#11091=VECTOR('',#11090,1000.0);
#11092=LINE('',#8906,#11091);
#11093=EDGE_CURVE('',#8907,#8909,#11092,.T.);
#11094=LINE('',#8908,#476);
#11095=EDGE_CURVE('',#8909,#8905,#11094,.T.);
#11096=ORIENTED_EDGE('',*,*,#11089,.T.);
#11097=ORIENTED_EDGE('',*,*,#11093,.T.);
#11098=ORIENTED_EDGE('',*,*,#11095,.T.);
#11099=DIRECTION('',(0.0,-0.0,1.0));
#11100=AXIS2_PLACEMENT_3D('',#8904,#11099,#12);
#11101=PLANE('',#11100);
#11102=EDGE_LOOP('',(#11096,#11097,#11098));
#11103=FACE_BOUND('',#11102,.T.);
#11104=ADVANCED_FACE('',(#11103),#11101,.T.);
#11105=LINE('',#8906,#463);
#11106=EDGE_CURVE('',#8907,#8911,#11105,.T.);
#11107=LINE('',#8910,#511);
#11108=EDGE_CURVE('',#8911,#8909,#11107,.T.);
#11109=ORIENTED_EDGE('',*,*,#11093,.F.);
#11110=ORIENTED_EDGE('',*,*,#11106,.T.);
#11111=ORIENTED_EDGE('',*,*,#11108,.T.);
#11112=DIRECTION('',(0.9995920864606948,-0.02855977389887702,0.0));
#11113=AXIS2_PLACEMENT_3D('',#8908,#7915,#11112);
#11114=PLANE('',#11113);
#11115=EDGE_LOOP('',(#11109,#11110,#11111));
#11116=FACE_BOUND('',#11115,.T.);
#11117=ADVANCED_FACE('',(#11116),#11114,.T.);
#11118=DIRECTION('',(-0.7071067811865476,0.0,-0.7071067811865475));
#11119=VECTOR('',#11118,1000.0);
#11120=LINE('',#8896,#11119);
#11121=EDGE_CURVE('',#8897,#8913,#11120,.T.);
#11122=DIRECTION('',(0.9817798505902814,0.0,0.19002190656586088));
#11123=VECTOR('',#11122,1000.0);
#11124=LINE('',#8912,#11123);
#11125=EDGE_CURVE('',#8913,#8891,#11124,.T.);
#11126=LINE('',#8890,#511);
#11127=EDGE_CURVE('',#8891,#8897,#11126,.T.);
#11128=ORIENTED_EDGE('',*,*,#11121,.T.);
#11129=ORIENTED_EDGE('',*,*,#11125,.T.);
#11130=ORIENTED_EDGE('',*,*,#11127,.T.);
#11131=DIRECTION('',(0.0,-1.0,-0.0));
#11132=DIRECTION('',(-0.7071067811865476,0.0,-0.7071067811865475));
#11133=AXIS2_PLACEMENT_3D('',#8896,#11131,#11132);
#11134=PLANE('',#11133);
#11135=EDGE_LOOP('',(#11128,#11129,#11130));
#11136=FACE_BOUND('',#11135,.T.);
#11137=ADVANCED_FACE('',(#11136),#11134,.T.);
#11138=LINE('',#8912,#492);
#11139=EDGE_CURVE('',#8913,#8915,#11138,.T.);
#11140=DIRECTION('',(-0.7071067811865476,0.0,0.7071067811865475));
#11141=VECTOR('',#11140,1000.0);
#11142=LINE('',#8914,#11141);
#11143=EDGE_CURVE('',#8915,#8891,#11142,.T.);
#11144=ORIENTED_EDGE('',*,*,#11125,.F.);
#11145=ORIENTED_EDGE('',*,*,#11139,.T.);
#11146=ORIENTED_EDGE('',*,*,#11143,.T.);
#11147=DIRECTION('',(0.0,-1.0,-0.0));
#11148=DIRECTION('',(-0.9817798505902814,0.0,-0.19002190656586088));
#11149=AXIS2_PLACEMENT_3D('',#8890,#11147,#11148);
#11150=PLANE('',#11149);
#11151=EDGE_LOOP('',(#11144,#11145,#11146));
#11152=FACE_BOUND('',#11151,.T.);
#11153=ADVANCED_FACE('',(#11152),#11150,.T.);
#11154=DIRECTION('',(0.7071067811865472,0.0,-0.707106781186548));
#11155=VECTOR('',#11154,1000.0);
#11156=LINE('',#8904,#11155);
#11157=EDGE_CURVE('',#8905,#8899,#11156,.T.);
#11158=DIRECTION('',(0.9863939238321437,0.0,0.16439898730535746));
#11159=VECTOR('',#11158,1000.0);
#11160=LINE('',#8898,#11159);
#11161=EDGE_CURVE('',#8899,#8907,#11160,.T.);
#11162=ORIENTED_EDGE('',*,*,#11089,.F.);
#11163=ORIENTED_EDGE('',*,*,#11157,.T.);
#11164=ORIENTED_EDGE('',*,*,#11161,.T.);
#11165=DIRECTION('',(-0.0,-1.0,-0.0));
#11166=AXIS2_PLACEMENT_3D('',#8906,#11165,#510);
#11167=PLANE('',#11166);
#11168=EDGE_LOOP('',(#11162,#11163,#11164));
#11169=FACE_BOUND('',#11168,.T.);
#11170=ADVANCED_FACE('',(#11169),#11167,.T.);
#11171=DIRECTION('',(-0.52999894000318,0.0,0.8479983040050879));
#11172=VECTOR('',#11171,1000.0);
#11173=LINE('',#8890,#11172);
#11174=EDGE_CURVE('',#8891,#8899,#11173,.T.);
#11175=ORIENTED_EDGE('',*,*,#11127,.F.);
#11176=ORIENTED_EDGE('',*,*,#11174,.T.);
#11177=ORIENTED_EDGE('',*,*,#11058,.F.);
#11178=AXIS2_PLACEMENT_3D('',#8896,#475,#12);
#11179=PLANE('',#11178);
#11180=EDGE_LOOP('',(#11175,#11176,#11177));
#11181=FACE_BOUND('',#11180,.T.);
#11182=ADVANCED_FACE('',(#11181),#11179,.T.);
#11183=LINE('',#8888,#511);
#11184=EDGE_CURVE('',#8889,#8899,#11183,.T.);
#11185=ORIENTED_EDGE('',*,*,#11174,.F.);
#11186=ORIENTED_EDGE('',*,*,#11028,.F.);
#11187=ORIENTED_EDGE('',*,*,#11184,.T.);
#11188=DIRECTION('',(0.52999894000318,0.0,-0.8479983040050879));
#11189=AXIS2_PLACEMENT_3D('',#8898,#475,#11188);
#11190=PLANE('',#11189);
#11191=EDGE_LOOP('',(#11185,#11186,#11187));
#11192=FACE_BOUND('',#11191,.T.);
#11193=ADVANCED_FACE('',(#11192),#11190,.T.);
#11194=DIRECTION('',(0.7071067811865472,0.0,0.707106781186548));
#11195=VECTOR('',#11194,1000.0);
#11196=LINE('',#8888,#11195);
#11197=EDGE_CURVE('',#8889,#8907,#11196,.T.);
#11198=ORIENTED_EDGE('',*,*,#11184,.F.);
#11199=ORIENTED_EDGE('',*,*,#11197,.T.);
#11200=ORIENTED_EDGE('',*,*,#11161,.F.);
#11201=AXIS2_PLACEMENT_3D('',#8898,#475,#12);
#11202=PLANE('',#11201);
#11203=EDGE_LOOP('',(#11198,#11199,#11200));
#11204=FACE_BOUND('',#11203,.T.);
#11205=ADVANCED_FACE('',(#11204),#11202,.T.);
#11206=DIRECTION('',(-0.7071067811865472,0.0,-0.707106781186548));
#11207=VECTOR('',#11206,1000.0);
#11208=LINE('',#8910,#11207);
#11209=EDGE_CURVE('',#8911,#8893,#11208,.T.);
#11210=DIRECTION('',(-0.9863939238321437,0.0,0.16439898730535746));
#11211=VECTOR('',#11210,1000.0);
#11212=LINE('',#8892,#11211);
#11213=EDGE_CURVE('',#8893,#8909,#11212,.T.);
#11214=ORIENTED_EDGE('',*,*,#11108,.F.);
#11215=ORIENTED_EDGE('',*,*,#11209,.T.);
#11216=ORIENTED_EDGE('',*,*,#11213,.T.);
#11217=AXIS2_PLACEMENT_3D('',#8908,#8069,#12);
#11218=PLANE('',#11217);
#11219=EDGE_LOOP('',(#11214,#11215,#11216));
#11220=FACE_BOUND('',#11219,.T.);
#11221=ADVANCED_FACE('',(#11220),#11218,.T.);
#11222=LINE('',#8916,#511);
#11223=EDGE_CURVE('',#8917,#8919,#11222,.T.);
#11224=DIRECTION('',(0.9805806756909201,0.0,0.196116135138184));
#11225=VECTOR('',#11224,1000.0);
#11226=LINE('',#8918,#11225);
#11227=EDGE_CURVE('',#8919,#8895,#11226,.T.);
#11228=DIRECTION('',(0.0,0.0,-1.0));
#11229=VECTOR('',#11228,1000.0);
#11230=LINE('',#8894,#11229);
#11231=EDGE_CURVE('',#8895,#8917,#11230,.T.);
#11232=ORIENTED_EDGE('',*,*,#11223,.T.);
#11233=ORIENTED_EDGE('',*,*,#11227,.T.);
#11234=ORIENTED_EDGE('',*,*,#11231,.T.);
#11235=DIRECTION('',(0.0,1.0,-0.0));
#11236=AXIS2_PLACEMENT_3D('',#8916,#11235,#510);
#11237=PLANE('',#11236);
#11238=EDGE_LOOP('',(#11232,#11233,#11234));
#11239=FACE_BOUND('',#11238,.T.);
#11240=ADVANCED_FACE('',(#11239),#11237,.T.);
#11241=LINE('',#8918,#1194);
#11242=EDGE_CURVE('',#8919,#8901,#11241,.T.);
#11243=LINE('',#8900,#492);
#11244=EDGE_CURVE('',#8901,#8895,#11243,.T.);
#11245=ORIENTED_EDGE('',*,*,#11227,.F.);
#11246=ORIENTED_EDGE('',*,*,#11242,.T.);
#11247=ORIENTED_EDGE('',*,*,#11244,.T.);
#11248=DIRECTION('',(0.0,1.0,-0.0));
#11249=DIRECTION('',(-0.9805806756909201,0.0,-0.196116135138184));
#11250=AXIS2_PLACEMENT_3D('',#8894,#11248,#11249);
#11251=PLANE('',#11250);
#11252=EDGE_LOOP('',(#11245,#11246,#11247));
#11253=FACE_BOUND('',#11252,.T.);
#11254=ADVANCED_FACE('',(#11253),#11251,.T.);
#11255=DIRECTION('',(0.52999894000318,0.0,0.8479983040050879));
#11256=VECTOR('',#11255,1000.0);
#11257=LINE('',#8900,#11256);
#11258=EDGE_CURVE('',#8901,#8893,#11257,.T.);
#11259=ORIENTED_EDGE('',*,*,#11244,.F.);
#11260=ORIENTED_EDGE('',*,*,#11258,.T.);
#11261=ORIENTED_EDGE('',*,*,#11047,.F.);
#11262=DIRECTION('',(0.0,1.0,-0.0));
#11263=AXIS2_PLACEMENT_3D('',#8894,#11262,#510);
#11264=PLANE('',#11263);
#11265=EDGE_LOOP('',(#11259,#11260,#11261));
#11266=FACE_BOUND('',#11265,.T.);
#11267=ADVANCED_FACE('',(#11266),#11264,.T.);
#11268=LINE('',#8902,#492);
#11269=EDGE_CURVE('',#8903,#8893,#11268,.T.);
#11270=ORIENTED_EDGE('',*,*,#11258,.F.);
#11271=ORIENTED_EDGE('',*,*,#11078,.F.);
#11272=ORIENTED_EDGE('',*,*,#11269,.T.);
#11273=DIRECTION('',(0.0,1.0,-0.0));
#11274=DIRECTION('',(-0.52999894000318,0.0,-0.8479983040050879));
#11275=AXIS2_PLACEMENT_3D('',#8892,#11273,#11274);
#11276=PLANE('',#11275);
#11277=EDGE_LOOP('',(#11270,#11271,#11272));
#11278=FACE_BOUND('',#11277,.T.);
#11279=ADVANCED_FACE('',(#11278),#11276,.T.);
#11280=DIRECTION('',(-0.7071067811865472,0.0,0.707106781186548));
#11281=VECTOR('',#11280,1000.0);
#11282=LINE('',#8902,#11281);
#11283=EDGE_CURVE('',#8903,#8909,#11282,.T.);
#11284=ORIENTED_EDGE('',*,*,#11269,.F.);
#11285=ORIENTED_EDGE('',*,*,#11283,.T.);
#11286=ORIENTED_EDGE('',*,*,#11213,.F.);
#11287=AXIS2_PLACEMENT_3D('',#8892,#462,#510);
#11288=PLANE('',#11287);
#11289=EDGE_LOOP('',(#11284,#11285,#11286));
#11290=FACE_BOUND('',#11289,.T.);
#11291=ADVANCED_FACE('',(#11290),#11288,.T.);
#11292=LINE('',#8916,#463);
#11293=EDGE_CURVE('',#8917,#8921,#11292,.T.);
#11294=DIRECTION('',(-0.9408874118687268,-0.33871946827274174,0.0));
#11295=VECTOR('',#11294,1000.0);
#11296=LINE('',#8920,#11295);
#11297=EDGE_CURVE('',#8921,#8919,#11296,.T.);
#11298=ORIENTED_EDGE('',*,*,#11293,.T.);
#11299=ORIENTED_EDGE('',*,*,#11297,.T.);
#11300=ORIENTED_EDGE('',*,*,#11223,.F.);
#11301=DIRECTION('',(0.0,-0.0,1.0));
#11302=AXIS2_PLACEMENT_3D('',#8916,#11301,#462);
#11303=PLANE('',#11302);
#11304=EDGE_LOOP('',(#11298,#11299,#11300));
#11305=FACE_BOUND('',#11304,.T.);
#11306=ADVANCED_FACE('',(#11305),#11303,.T.);
#11307=LINE('',#8920,#511);
#11308=EDGE_CURVE('',#8921,#8923,#11307,.T.);
#11309=LINE('',#8922,#476);
#11310=EDGE_CURVE('',#8923,#8919,#11309,.T.);
#11311=ORIENTED_EDGE('',*,*,#11297,.F.);
#11312=ORIENTED_EDGE('',*,*,#11308,.T.);
#11313=ORIENTED_EDGE('',*,*,#11310,.T.);
#11314=DIRECTION('',(0.0,-0.0,1.0));
#11315=DIRECTION('',(0.9408874118687268,0.33871946827274174,0.0));
#11316=AXIS2_PLACEMENT_3D('',#8918,#11314,#11315);
#11317=PLANE('',#11316);
#11318=EDGE_LOOP('',(#11311,#11312,#11313));
#11319=FACE_BOUND('',#11318,.T.);
#11320=ADVANCED_FACE('',(#11319),#11317,.T.);
#11321=LINE('',#8920,#1194);
#11322=EDGE_CURVE('',#8921,#8925,#11321,.T.);
#11323=DIRECTION('',(0.7071067811865476,0.0,-0.7071067811865475));
#11324=VECTOR('',#11323,1000.0);
#11325=LINE('',#8924,#11324);
#11326=EDGE_CURVE('',#8925,#8927,#11325,.T.);
#11327=LINE('',#8926,#11211);
#11328=EDGE_CURVE('',#8927,#8921,#11327,.T.);
#11329=ORIENTED_EDGE('',*,*,#11322,.T.);
#11330=ORIENTED_EDGE('',*,*,#11326,.T.);
#11331=ORIENTED_EDGE('',*,*,#11328,.T.);
#11332=AXIS2_PLACEMENT_3D('',#8920,#8069,#11);
#11333=PLANE('',#11332);
#11334=EDGE_LOOP('',(#11329,#11330,#11331));
#11335=FACE_BOUND('',#11334,.T.);
#11336=ADVANCED_FACE('',(#11335),#11333,.T.);
#11337=DIRECTION('',(-0.9994801143396995,0.0,0.03224129401095803));
#11338=VECTOR('',#11337,1000.0);
#11339=LINE('',#8926,#11338);
#11340=EDGE_CURVE('',#8927,#8923,#11339,.T.);
#11341=ORIENTED_EDGE('',*,*,#11328,.F.);
#11342=ORIENTED_EDGE('',*,*,#11340,.T.);
#11343=ORIENTED_EDGE('',*,*,#11308,.F.);
#11344=DIRECTION('',(0.9863939238321436,0.0,-0.1643989873053572));
#11345=AXIS2_PLACEMENT_3D('',#8920,#462,#11344);
#11346=PLANE('',#11345);
#11347=EDGE_LOOP('',(#11341,#11342,#11343));
#11348=FACE_BOUND('',#11347,.T.);
#11349=ADVANCED_FACE('',(#11348),#11346,.T.);
#11350=LINE('',#8926,#511);
#11351=EDGE_CURVE('',#8927,#8929,#11350,.T.);
#11352=LINE('',#8928,#11159);
#11353=EDGE_CURVE('',#8929,#8923,#11352,.T.);
#11354=ORIENTED_EDGE('',*,*,#11340,.F.);
#11355=ORIENTED_EDGE('',*,*,#11351,.T.);
#11356=ORIENTED_EDGE('',*,*,#11353,.T.);
#11357=DIRECTION('',(0.9994801143396995,0.0,-0.03224129401095803));
#11358=AXIS2_PLACEMENT_3D('',#8922,#462,#11357);
#11359=PLANE('',#11358);
#11360=EDGE_LOOP('',(#11354,#11355,#11356));
#11361=FACE_BOUND('',#11360,.T.);
#11362=ADVANCED_FACE('',(#11361),#11359,.T.);
#11363=DIRECTION('',(0.7071067811865476,0.0,0.7071067811865475));
#11364=VECTOR('',#11363,1000.0);
#11365=LINE('',#8928,#11364);
#11366=EDGE_CURVE('',#8929,#8931,#11365,.T.);
#11367=DIRECTION('',(0.0,0.0,-1.0));
#11368=VECTOR('',#11367,1000.0);
#11369=LINE('',#8930,#11368);
#11370=EDGE_CURVE('',#8931,#8923,#11369,.T.);
#11371=ORIENTED_EDGE('',*,*,#11353,.F.);
#11372=ORIENTED_EDGE('',*,*,#11366,.T.);
#11373=ORIENTED_EDGE('',*,*,#11370,.T.);
#11374=DIRECTION('',(0.0,1.0,-0.0));
#11375=DIRECTION('',(-0.9863939238321436,0.0,-0.1643989873053572));
#11376=AXIS2_PLACEMENT_3D('',#8922,#11374,#11375);
#11377=PLANE('',#11376);
#11378=EDGE_LOOP('',(#11371,#11372,#11373));
#11379=FACE_BOUND('',#11378,.T.);
#11380=ADVANCED_FACE('',(#11379),#11377,.T.);
#11381=DIRECTION('',(-0.9653633930282663,-0.26090902514277475,0.0));
#11382=VECTOR('',#11381,1000.0);
#11383=LINE('',#8926,#11382);
#11384=EDGE_CURVE('',#8927,#8913,#11383,.T.);
#11385=LINE('',#8912,#463);
#11386=EDGE_CURVE('',#8913,#8929,#11385,.T.);
#11387=ORIENTED_EDGE('',*,*,#11351,.F.);
#11388=ORIENTED_EDGE('',*,*,#11384,.T.);
#11389=ORIENTED_EDGE('',*,*,#11386,.T.);
#11390=AXIS2_PLACEMENT_3D('',#8928,#502,#12);
#11391=PLANE('',#11390);
#11392=EDGE_LOOP('',(#11387,#11388,#11389));
#11393=FACE_BOUND('',#11392,.T.);
#11394=ADVANCED_FACE('',(#11393),#11391,.T.);
#11395=LINE('',#8926,#476);
#11396=EDGE_CURVE('',#8927,#8915,#11395,.T.);
#11397=ORIENTED_EDGE('',*,*,#11384,.F.);
#11398=ORIENTED_EDGE('',*,*,#11396,.T.);
#11399=ORIENTED_EDGE('',*,*,#11139,.F.);
#11400=DIRECTION('',(0.0,0.0,-1.0));
#11401=DIRECTION('',(0.9653633930282663,0.26090902514277475,0.0));
#11402=AXIS2_PLACEMENT_3D('',#8912,#11400,#11401);
#11403=PLANE('',#11402);
#11404=EDGE_LOOP('',(#11397,#11398,#11399));
#11405=FACE_BOUND('',#11404,.T.);
#11406=ADVANCED_FACE('',(#11405),#11403,.T.);
#11407=DIRECTION('',(0.7001400420140045,0.14002800840280105,-0.7001400420140053));
#11408=VECTOR('',#11407,1000.0);
#11409=LINE('',#8904,#11408);
#11410=EDGE_CURVE('',#8905,#8903,#11409,.T.);
#11411=ORIENTED_EDGE('',*,*,#11157,.F.);
#11412=ORIENTED_EDGE('',*,*,#11410,.T.);
#11413=ORIENTED_EDGE('',*,*,#11074,.F.);
#11414=DIRECTION('',(-0.7071067811865479,0.0,-0.7071067811865471));
#11415=DIRECTION('',(-0.7071067811865472,0.0,0.707106781186548));
#11416=AXIS2_PLACEMENT_3D('',#8898,#11414,#11415);
#11417=PLANE('',#11416);
#11418=EDGE_LOOP('',(#11411,#11412,#11413));
#11419=FACE_BOUND('',#11418,.T.);
#11420=ADVANCED_FACE('',(#11419),#11417,.T.);
#11421=ORIENTED_EDGE('',*,*,#11410,.F.);
#11422=ORIENTED_EDGE('',*,*,#11095,.F.);
#11423=ORIENTED_EDGE('',*,*,#11283,.F.);
#11424=DIRECTION('',(-0.7071067811865479,0.0,-0.7071067811865471));
#11425=DIRECTION('',(-0.7001400420140045,-0.14002800840280105,0.7001400420140053));
#11426=AXIS2_PLACEMENT_3D('',#8902,#11424,#11425);
#11427=PLANE('',#11426);
#11428=EDGE_LOOP('',(#11421,#11422,#11423));
#11429=FACE_BOUND('',#11428,.T.);
#11430=ADVANCED_FACE('',(#11429),#11427,.T.);
#11431=LINE('',#8894,#463);
#11432=EDGE_CURVE('',#8895,#8925,#11431,.T.);
#11433=DIRECTION('',(0.0,-0.8741572761215378,-0.4856429311786319));
#11434=VECTOR('',#11433,1000.0);
#11435=LINE('',#8924,#11434);
#11436=EDGE_CURVE('',#8925,#8917,#11435,.T.);
#11437=ORIENTED_EDGE('',*,*,#11432,.T.);
#11438=ORIENTED_EDGE('',*,*,#11436,.T.);
#11439=ORIENTED_EDGE('',*,*,#11231,.F.);
#11440=DIRECTION('',(-1.0,0.0,-0.0));
#11441=AXIS2_PLACEMENT_3D('',#8894,#11440,#462);
#11442=PLANE('',#11441);
#11443=EDGE_LOOP('',(#11437,#11438,#11439));
#11444=FACE_BOUND('',#11443,.T.);
#11445=ADVANCED_FACE('',(#11444),#11442,.T.);
#11446=ORIENTED_EDGE('',*,*,#11436,.F.);
#11447=ORIENTED_EDGE('',*,*,#11322,.F.);
#11448=ORIENTED_EDGE('',*,*,#11293,.F.);
#11449=DIRECTION('',(0.0,0.8741572761215378,0.4856429311786319));
#11450=AXIS2_PLACEMENT_3D('',#8916,#510,#11449);
#11451=PLANE('',#11450);
#11452=EDGE_LOOP('',(#11446,#11447,#11448));
#11453=FACE_BOUND('',#11452,.T.);
#11454=ADVANCED_FACE('',(#11453),#11451,.T.);
#11455=DIRECTION('',(-0.7022468831767834,0.11704114719613068,0.7022468831767833));
#11456=VECTOR('',#11455,1000.0);
#11457=LINE('',#8914,#11456);
#11458=EDGE_CURVE('',#8915,#8895,#11457,.T.);
#11459=ORIENTED_EDGE('',*,*,#11143,.F.);
#11460=ORIENTED_EDGE('',*,*,#11458,.T.);
#11461=ORIENTED_EDGE('',*,*,#11045,.F.);
#11462=DIRECTION('',(0.7071067811865475,0.0,0.7071067811865476));
#11463=DIRECTION('',(0.7071067811865476,0.0,-0.7071067811865475));
#11464=AXIS2_PLACEMENT_3D('',#8890,#11462,#11463);
#11465=PLANE('',#11464);
#11466=EDGE_LOOP('',(#11459,#11460,#11461));
#11467=FACE_BOUND('',#11466,.T.);
#11468=ADVANCED_FACE('',(#11467),#11465,.T.);
#11469=DIRECTION('',(-0.4850712500726659,-0.727606875108999,0.48507125007266577));
#11470=VECTOR('',#11469,1000.0);
#11471=LINE('',#8926,#11470);
#11472=EDGE_CURVE('',#8927,#8895,#11471,.T.);
#11473=ORIENTED_EDGE('',*,*,#11458,.F.);
#11474=ORIENTED_EDGE('',*,*,#11396,.F.);
#11475=ORIENTED_EDGE('',*,*,#11472,.T.);
#11476=DIRECTION('',(0.7071067811865475,-0.0,0.7071067811865477));
#11477=DIRECTION('',(0.7022468831767834,-0.11704114719613068,-0.7022468831767833));
#11478=AXIS2_PLACEMENT_3D('',#8894,#11476,#11477);
#11479=PLANE('',#11478);
#11480=EDGE_LOOP('',(#11473,#11474,#11475));
#11481=FACE_BOUND('',#11480,.T.);
#11482=ADVANCED_FACE('',(#11481),#11479,.T.);
#11483=ORIENTED_EDGE('',*,*,#11472,.F.);
#11484=ORIENTED_EDGE('',*,*,#11326,.F.);
#11485=ORIENTED_EDGE('',*,*,#11432,.F.);
#11486=DIRECTION('',(0.7071067811865475,0.0,0.7071067811865476));
#11487=DIRECTION('',(0.4850712500726659,0.727606875108999,-0.48507125007266577));
#11488=AXIS2_PLACEMENT_3D('',#8894,#11486,#11487);
#11489=PLANE('',#11488);
#11490=EDGE_LOOP('',(#11483,#11484,#11485));
#11491=FACE_BOUND('',#11490,.T.);
#11492=ADVANCED_FACE('',(#11491),#11489,.T.);
#11493=DIRECTION('',(0.7001400420140045,0.14002800840280105,0.7001400420140053));
#11494=VECTOR('',#11493,1000.0);
#11495=LINE('',#8888,#11494);
#11496=EDGE_CURVE('',#8889,#8911,#11495,.T.);
#11497=ORIENTED_EDGE('',*,*,#11197,.F.);
#11498=ORIENTED_EDGE('',*,*,#11496,.T.);
#11499=ORIENTED_EDGE('',*,*,#11106,.F.);
#11500=DIRECTION('',(0.7071067811865479,0.0,-0.7071067811865471));
#11501=DIRECTION('',(-0.7071067811865472,0.0,-0.707106781186548));
#11502=AXIS2_PLACEMENT_3D('',#8906,#11500,#11501);
#11503=PLANE('',#11502);
#11504=EDGE_LOOP('',(#11497,#11498,#11499));
#11505=FACE_BOUND('',#11504,.T.);
#11506=ADVANCED_FACE('',(#11505),#11503,.T.);
#11507=ORIENTED_EDGE('',*,*,#11496,.F.);
#11508=ORIENTED_EDGE('',*,*,#11034,.F.);
#11509=ORIENTED_EDGE('',*,*,#11209,.F.);
#11510=DIRECTION('',(0.7071067811865479,0.0,-0.7071067811865471));
#11511=DIRECTION('',(-0.7001400420140045,-0.14002800840280105,-0.7001400420140053));
#11512=AXIS2_PLACEMENT_3D('',#8910,#11510,#11511);
#11513=PLANE('',#11512);
#11514=EDGE_LOOP('',(#11507,#11508,#11509));
#11515=FACE_BOUND('',#11514,.T.);
#11516=ADVANCED_FACE('',(#11515),#11513,.T.);
#11517=LINE('',#8930,#11434);
#11518=EDGE_CURVE('',#8931,#8919,#11517,.T.);
#11519=ORIENTED_EDGE('',*,*,#11370,.F.);
#11520=ORIENTED_EDGE('',*,*,#11518,.T.);
#11521=ORIENTED_EDGE('',*,*,#11310,.F.);
#11522=DIRECTION('',(1.0,0.0,-0.0));
#11523=AXIS2_PLACEMENT_3D('',#8922,#11522,#11);
#11524=PLANE('',#11523);
#11525=EDGE_LOOP('',(#11519,#11520,#11521));
#11526=FACE_BOUND('',#11525,.T.);
#11527=ADVANCED_FACE('',(#11526),#11524,.T.);
#11528=LINE('',#8930,#476);
#11529=EDGE_CURVE('',#8931,#8901,#11528,.T.);
#11530=ORIENTED_EDGE('',*,*,#11518,.F.);
#11531=ORIENTED_EDGE('',*,*,#11529,.T.);
#11532=ORIENTED_EDGE('',*,*,#11242,.F.);
#11533=DIRECTION('',(1.0,0.0,-0.0));
#11534=AXIS2_PLACEMENT_3D('',#8918,#11533,#11449);
#11535=PLANE('',#11534);
#11536=EDGE_LOOP('',(#11530,#11531,#11532));
#11537=FACE_BOUND('',#11536,.T.);
#11538=ADVANCED_FACE('',(#11537),#11535,.T.);
#11539=DIRECTION('',(0.4850712500726659,-0.727606875108999,0.48507125007266577));
#11540=VECTOR('',#11539,1000.0);
#11541=LINE('',#8928,#11540);
#11542=EDGE_CURVE('',#8929,#8901,#11541,.T.);
#11543=ORIENTED_EDGE('',*,*,#11366,.F.);
#11544=ORIENTED_EDGE('',*,*,#11542,.T.);
#11545=ORIENTED_EDGE('',*,*,#11529,.F.);
#11546=DIRECTION('',(-0.7071067811865475,0.0,0.7071067811865476));
#11547=DIRECTION('',(-0.7071067811865476,0.0,-0.7071067811865475));
#11548=AXIS2_PLACEMENT_3D('',#8930,#11546,#11547);
#11549=PLANE('',#11548);
#11550=EDGE_LOOP('',(#11543,#11544,#11545));
#11551=FACE_BOUND('',#11550,.T.);
#11552=ADVANCED_FACE('',(#11551),#11549,.T.);
#11553=DIRECTION('',(0.7022468831767834,0.11704114719613068,0.7022468831767833));
#11554=VECTOR('',#11553,1000.0);
#11555=LINE('',#8912,#11554);
#11556=EDGE_CURVE('',#8913,#8901,#11555,.T.);
#11557=ORIENTED_EDGE('',*,*,#11542,.F.);
#11558=ORIENTED_EDGE('',*,*,#11386,.F.);
#11559=ORIENTED_EDGE('',*,*,#11556,.T.);
#11560=DIRECTION('',(-0.7071067811865475,0.0,0.7071067811865477));
#11561=DIRECTION('',(-0.4850712500726659,0.727606875108999,-0.48507125007266577));
#11562=AXIS2_PLACEMENT_3D('',#8900,#11560,#11561);
#11563=PLANE('',#11562);
#11564=EDGE_LOOP('',(#11557,#11558,#11559));
#11565=FACE_BOUND('',#11564,.T.);
#11566=ADVANCED_FACE('',(#11565),#11563,.T.);
#11567=ORIENTED_EDGE('',*,*,#11556,.F.);
#11568=ORIENTED_EDGE('',*,*,#11121,.F.);
#11569=ORIENTED_EDGE('',*,*,#11064,.F.);
#11570=DIRECTION('',(-0.7071067811865475,0.0,0.7071067811865476));
#11571=DIRECTION('',(-0.7022468831767834,-0.11704114719613068,-0.7022468831767833));
#11572=AXIS2_PLACEMENT_3D('',#8900,#11570,#11571);
#11573=PLANE('',#11572);
#11574=EDGE_LOOP('',(#11567,#11568,#11569));
#11575=FACE_BOUND('',#11574,.T.);
#11576=ADVANCED_FACE('',(#11575),#11573,.T.);
#11577=LINE('',#8932,#511);
#11578=EDGE_CURVE('',#8933,#8935,#11577,.T.);
#11579=DIRECTION('',(0.9983713344239766,-0.05704979053851302,0.0));
#11580=VECTOR('',#11579,1000.0);
#11581=LINE('',#8934,#11580);
#11582=EDGE_CURVE('',#8935,#8937,#11581,.T.);
#11583=LINE('',#8936,#463);
#11584=EDGE_CURVE('',#8937,#8933,#11583,.T.);
#11585=ORIENTED_EDGE('',*,*,#11578,.T.);
#11586=ORIENTED_EDGE('',*,*,#11582,.T.);
#11587=ORIENTED_EDGE('',*,*,#11584,.T.);
#11588=AXIS2_PLACEMENT_3D('',#8932,#11,#510);
#11589=PLANE('',#11588);
#11590=EDGE_LOOP('',(#11585,#11586,#11587));
#11591=FACE_BOUND('',#11590,.T.);
#11592=ADVANCED_FACE('',(#11591),#11589,.T.);
#11593=LINE('',#8934,#476);
#11594=EDGE_CURVE('',#8935,#8939,#11593,.T.);
#11595=LINE('',#8938,#492);
#11596=EDGE_CURVE('',#8939,#8937,#11595,.T.);
#11597=ORIENTED_EDGE('',*,*,#11582,.F.);
#11598=ORIENTED_EDGE('',*,*,#11594,.T.);
#11599=ORIENTED_EDGE('',*,*,#11596,.T.);
#11600=DIRECTION('',(-0.9983713344239766,0.05704979053851302,0.0));
#11601=AXIS2_PLACEMENT_3D('',#8936,#11,#11600);
#11602=PLANE('',#11601);
#11603=EDGE_LOOP('',(#11597,#11598,#11599));
#11604=FACE_BOUND('',#11603,.T.);
#11605=ADVANCED_FACE('',(#11604),#11602,.T.);
#11606=LINE('',#8940,#511);
#11607=EDGE_CURVE('',#8941,#8885,#11606,.T.);
#11608=DIRECTION('',(0.996647010060187,0.0,-0.08182137457956548));
#11609=VECTOR('',#11608,1000.0);
#11610=LINE('',#8884,#11609);
#11611=EDGE_CURVE('',#8885,#8943,#11610,.T.);
#11612=DIRECTION('',(-0.08714204243959062,0.0,0.9961958966184595));
#11613=VECTOR('',#11612,1000.0);
#11614=LINE('',#8942,#11613);
#11615=EDGE_CURVE('',#8943,#8941,#11614,.T.);
#11616=ORIENTED_EDGE('',*,*,#11607,.T.);
#11617=ORIENTED_EDGE('',*,*,#11611,.T.);
#11618=ORIENTED_EDGE('',*,*,#11615,.T.);
#11619=DIRECTION('',(-0.0,-1.0,-0.0));
#11620=AXIS2_PLACEMENT_3D('',#8940,#11619,#510);
#11621=PLANE('',#11620);
#11622=EDGE_LOOP('',(#11616,#11617,#11618));
#11623=FACE_BOUND('',#11622,.T.);
#11624=ADVANCED_FACE('',(#11623),#11621,.T.);
#11625=DIRECTION('',(0.9876981365542686,0.0,-0.15637260325013852));
#11626=VECTOR('',#11625,1000.0);
#11627=LINE('',#8884,#11626);
#11628=EDGE_CURVE('',#8885,#8945,#11627,.T.);
#11629=DIRECTION('',(-0.25882115655168836,0.0,0.9659252605254955));
#11630=VECTOR('',#11629,1000.0);
#11631=LINE('',#8944,#11630);
#11632=EDGE_CURVE('',#8945,#8943,#11631,.T.);
#11633=ORIENTED_EDGE('',*,*,#11611,.F.);
#11634=ORIENTED_EDGE('',*,*,#11628,.T.);
#11635=ORIENTED_EDGE('',*,*,#11632,.T.);
#11636=DIRECTION('',(-0.0,-1.0,-0.0));
#11637=DIRECTION('',(-0.996647010060187,0.0,0.08182137457956548));
#11638=AXIS2_PLACEMENT_3D('',#8942,#11636,#11637);
#11639=PLANE('',#11638);
#11640=EDGE_LOOP('',(#11633,#11634,#11635));
#11641=FACE_BOUND('',#11640,.T.);
#11642=ADVANCED_FACE('',(#11641),#11639,.T.);
#11643=DIRECTION('',(-0.4368548000056332,0.0,0.8995320359564956));
#11644=VECTOR('',#11643,1000.0);
#11645=LINE('',#8946,#11644);
#11646=EDGE_CURVE('',#8947,#8885,#11645,.T.);
#11647=DIRECTION('',(0.4134201718738268,0.0,-0.9105403678518682));
#11648=VECTOR('',#11647,1000.0);
#11649=LINE('',#8884,#11648);
#11650=EDGE_CURVE('',#8885,#8949,#11649,.T.);
#11651=DIRECTION('',(0.4226310607640513,0.0,0.9063018186440172));
#11652=VECTOR('',#11651,1000.0);
#11653=LINE('',#8948,#11652);
#11654=EDGE_CURVE('',#8949,#8947,#11653,.T.);
#11655=ORIENTED_EDGE('',*,*,#11646,.T.);
#11656=ORIENTED_EDGE('',*,*,#11650,.T.);
#11657=ORIENTED_EDGE('',*,*,#11654,.T.);
#11658=DIRECTION('',(-0.0,-1.0,-0.0));
#11659=AXIS2_PLACEMENT_3D('',#8946,#11658,#11643);
#11660=PLANE('',#11659);
#11661=EDGE_LOOP('',(#11655,#11656,#11657));
#11662=FACE_BOUND('',#11661,.T.);
#11663=ADVANCED_FACE('',(#11662),#11660,.T.);
#11664=DIRECTION('',(0.9937830462030528,0.0,0.11133398887752555));
#11665=VECTOR('',#11664,1000.0);
#11666=LINE('',#8886,#11665);
#11667=EDGE_CURVE('',#8887,#8949,#11666,.T.);
#11668=ORIENTED_EDGE('',*,*,#11650,.F.);
#11669=ORIENTED_EDGE('',*,*,#11667,.T.);
#11670=DIRECTION('',(-0.0,-1.0,-0.0));
#11671=DIRECTION('',(-0.4134201718738268,0.0,0.9105403678518682));
#11672=AXIS2_PLACEMENT_3D('',#8948,#11670,#11671);
#11673=PLANE('',#11672);
#11674=EDGE_LOOP('',(#11668,#10358,#11669));
#11675=FACE_BOUND('',#11674,.T.);
#11676=ADVANCED_FACE('',(#11675),#11673,.T.);
#11677=DIRECTION('',(0.9993943495390724,0.0,0.03479847854970607));
#11678=VECTOR('',#11677,1000.0);
#11679=LINE('',#8886,#11678);
#11680=EDGE_CURVE('',#8887,#8951,#11679,.T.);
#11681=DIRECTION('',(0.25882115655168836,0.0,0.9659252605254955));
#11682=VECTOR('',#11681,1000.0);
#11683=LINE('',#8950,#11682);
#11684=EDGE_CURVE('',#8951,#8949,#11683,.T.);
#11685=ORIENTED_EDGE('',*,*,#11667,.F.);
#11686=ORIENTED_EDGE('',*,*,#11680,.T.);
#11687=ORIENTED_EDGE('',*,*,#11684,.T.);
#11688=DIRECTION('',(0.0,-1.0,-0.0));
#11689=DIRECTION('',(-0.9937830462030528,0.0,-0.11133398887752555));
#11690=AXIS2_PLACEMENT_3D('',#8948,#11688,#11689);
#11691=PLANE('',#11690);
#11692=EDGE_LOOP('',(#11685,#11686,#11687));
#11693=FACE_BOUND('',#11692,.T.);
#11694=ADVANCED_FACE('',(#11693),#11691,.T.);
#11695=LINE('',#8886,#492);
#11696=EDGE_CURVE('',#8887,#8953,#11695,.T.);
#11697=DIRECTION('',(0.9991307073473465,0.0,0.041687283859602756));
#11698=VECTOR('',#11697,1000.0);
#11699=LINE('',#8952,#11698);
#11700=EDGE_CURVE('',#8953,#8951,#11699,.T.);
#11701=ORIENTED_EDGE('',*,*,#11680,.F.);
#11702=ORIENTED_EDGE('',*,*,#11696,.T.);
#11703=ORIENTED_EDGE('',*,*,#11700,.T.);
#11704=DIRECTION('',(0.0,-1.0,-0.0));
#11705=DIRECTION('',(-0.9993943495390724,0.0,-0.03479847854970607));
#11706=AXIS2_PLACEMENT_3D('',#8950,#11704,#11705);
#11707=PLANE('',#11706);
#11708=EDGE_LOOP('',(#11701,#11702,#11703));
#11709=FACE_BOUND('',#11708,.T.);
#11710=ADVANCED_FACE('',(#11709),#11707,.T.);
#11711=LINE('',#8952,#492);
#11712=EDGE_CURVE('',#8953,#8955,#11711,.T.);
#11713=DIRECTION('',(0.13685358235820677,0.0,0.9905912865535036));
#11714=VECTOR('',#11713,1000.0);
#11715=LINE('',#8954,#11714);
#11716=EDGE_CURVE('',#8955,#8951,#11715,.T.);
#11717=ORIENTED_EDGE('',*,*,#11700,.F.);
#11718=ORIENTED_EDGE('',*,*,#11712,.T.);
#11719=ORIENTED_EDGE('',*,*,#11716,.T.);
#11720=DIRECTION('',(0.0,-1.0,-0.0));
#11721=DIRECTION('',(-0.9991307073473465,0.0,-0.041687283859602756));
#11722=AXIS2_PLACEMENT_3D('',#8950,#11720,#11721);
#11723=PLANE('',#11722);
#11724=EDGE_LOOP('',(#11717,#11718,#11719));
#11725=FACE_BOUND('',#11724,.T.);
#11726=ADVANCED_FACE('',(#11725),#11723,.T.);
#11727=DIRECTION('',(0.5735662953695273,0.0,0.8191591449871486));
#11728=VECTOR('',#11727,1000.0);
#11729=LINE('',#8946,#11728);
#11730=EDGE_CURVE('',#8947,#8957,#11729,.T.);
#11731=DIRECTION('',(-0.4638862676474406,0.0,0.8858947627614282));
#11732=VECTOR('',#11731,1000.0);
#11733=LINE('',#8956,#11732);
#11734=EDGE_CURVE('',#8957,#8885,#11733,.T.);
#11735=ORIENTED_EDGE('',*,*,#11730,.T.);
#11736=ORIENTED_EDGE('',*,*,#11734,.T.);
#11737=ORIENTED_EDGE('',*,*,#11646,.F.);
#11738=AXIS2_PLACEMENT_3D('',#8946,#475,#11727);
#11739=PLANE('',#11738);
#11740=EDGE_LOOP('',(#11735,#11736,#11737));
#11741=FACE_BOUND('',#11740,.T.);
#11742=ADVANCED_FACE('',(#11741),#11739,.T.);
#11743=DIRECTION('',(0.7071067811865468,0.0,0.7071067811865483));
#11744=VECTOR('',#11743,1000.0);
#11745=LINE('',#8956,#11744);
#11746=EDGE_CURVE('',#8957,#8959,#11745,.T.);
#11747=DIRECTION('',(-0.4932104006360374,0.0,0.8699100532264469));
#11748=VECTOR('',#11747,1000.0);
#11749=LINE('',#8958,#11748);
#11750=EDGE_CURVE('',#8959,#8885,#11749,.T.);
#11751=ORIENTED_EDGE('',*,*,#11734,.F.);
#11752=ORIENTED_EDGE('',*,*,#11746,.T.);
#11753=ORIENTED_EDGE('',*,*,#11750,.T.);
#11754=DIRECTION('',(0.4638862676474406,0.0,-0.8858947627614282));
#11755=AXIS2_PLACEMENT_3D('',#8884,#475,#11754);
#11756=PLANE('',#11755);
#11757=EDGE_LOOP('',(#11751,#11752,#11753));
#11758=FACE_BOUND('',#11757,.T.);
#11759=ADVANCED_FACE('',(#11758),#11756,.T.);
#11760=DIRECTION('',(0.8191591449871488,0.0,0.5735662953695267));
#11761=VECTOR('',#11760,1000.0);
#11762=LINE('',#8958,#11761);
#11763=EDGE_CURVE('',#8959,#8961,#11762,.T.);
#11764=DIRECTION('',(-0.52329091852762,0.0,0.8521541026049922));
#11765=VECTOR('',#11764,1000.0);
#11766=LINE('',#8960,#11765);
#11767=EDGE_CURVE('',#8961,#8885,#11766,.T.);
#11768=ORIENTED_EDGE('',*,*,#11750,.F.);
#11769=ORIENTED_EDGE('',*,*,#11763,.T.);
#11770=ORIENTED_EDGE('',*,*,#11767,.T.);
#11771=DIRECTION('',(0.4932104006360374,0.0,-0.8699100532264469));
#11772=AXIS2_PLACEMENT_3D('',#8884,#475,#11771);
#11773=PLANE('',#11772);
#11774=EDGE_LOOP('',(#11768,#11769,#11770));
#11775=FACE_BOUND('',#11774,.T.);
#11776=ADVANCED_FACE('',(#11775),#11773,.T.);
#11777=DIRECTION('',(0.047900729581762065,0.0,0.9988521012169594));
#11778=VECTOR('',#11777,1000.0);
#11779=LINE('',#8960,#11778);
#11780=EDGE_CURVE('',#8961,#8963,#11779,.T.);
#11781=DIRECTION('',(-0.9063128053668551,0.0,0.4226074997300225));
#11782=VECTOR('',#11781,1000.0);
#11783=LINE('',#8962,#11782);
#11784=EDGE_CURVE('',#8963,#8965,#11783,.T.);
#11785=DIRECTION('',(0.0,0.0,-1.0));
#11786=VECTOR('',#11785,1000.0);
#11787=LINE('',#8964,#11786);
#11788=EDGE_CURVE('',#8965,#8961,#11787,.T.);
#11789=ORIENTED_EDGE('',*,*,#11780,.T.);
#11790=ORIENTED_EDGE('',*,*,#11784,.T.);
#11791=ORIENTED_EDGE('',*,*,#11788,.T.);
#11792=AXIS2_PLACEMENT_3D('',#8960,#475,#11777);
#11793=PLANE('',#11792);
#11794=EDGE_LOOP('',(#11789,#11790,#11791));
#11795=FACE_BOUND('',#11794,.T.);
#11796=ADVANCED_FACE('',(#11795),#11793,.T.);
#11797=DIRECTION('',(-0.8191591449871467,0.0,0.5735662953695301));
#11798=VECTOR('',#11797,1000.0);
#11799=LINE('',#8964,#11798);
#11800=EDGE_CURVE('',#8965,#8967,#11799,.T.);
#11801=DIRECTION('',(0.04113956031525174,0.0,-0.9991534099311615));
#11802=VECTOR('',#11801,1000.0);
#11803=LINE('',#8966,#11802);
#11804=EDGE_CURVE('',#8967,#8961,#11803,.T.);
#11805=ORIENTED_EDGE('',*,*,#11800,.T.);
#11806=ORIENTED_EDGE('',*,*,#11804,.T.);
#11807=ORIENTED_EDGE('',*,*,#11788,.F.);
#11808=DIRECTION('',(-0.0,-1.0,-0.0));
#11809=DIRECTION('',(-0.8191591449871467,0.0,0.5735662953695301));
#11810=AXIS2_PLACEMENT_3D('',#8964,#11808,#11809);
#11811=PLANE('',#11810);
#11812=EDGE_LOOP('',(#11805,#11806,#11807));
#11813=FACE_BOUND('',#11812,.T.);
#11814=ADVANCED_FACE('',(#11813),#11811,.T.);
#11815=DIRECTION('',(-0.7070924389771077,0.0,0.7071211231050911));
#11816=VECTOR('',#11815,1000.0);
#11817=LINE('',#8966,#11816);
#11818=EDGE_CURVE('',#8967,#8969,#11817,.T.);
#11819=DIRECTION('',(0.07388022672227568,0.0,-0.9972671217379349));
#11820=VECTOR('',#11819,1000.0);
#11821=LINE('',#8968,#11820);
#11822=EDGE_CURVE('',#8969,#8961,#11821,.T.);
#11823=ORIENTED_EDGE('',*,*,#11804,.F.);
#11824=ORIENTED_EDGE('',*,*,#11818,.T.);
#11825=ORIENTED_EDGE('',*,*,#11822,.T.);
#11826=DIRECTION('',(-0.04113956031525174,0.0,0.9991534099311615));
#11827=AXIS2_PLACEMENT_3D('',#8960,#475,#11826);
#11828=PLANE('',#11827);
#11829=EDGE_LOOP('',(#11823,#11824,#11825));
#11830=FACE_BOUND('',#11829,.T.);
#11831=ADVANCED_FACE('',(#11830),#11828,.T.);
#11832=DIRECTION('',(-0.964105272178173,0.0,0.26552028954159235));
#11833=VECTOR('',#11832,1000.0);
#11834=LINE('',#8968,#11833);
#11835=EDGE_CURVE('',#8969,#8885,#11834,.T.);
#11836=ORIENTED_EDGE('',*,*,#11822,.F.);
#11837=ORIENTED_EDGE('',*,*,#11835,.T.);
#11838=ORIENTED_EDGE('',*,*,#11767,.F.);
#11839=DIRECTION('',(-0.07388022672227568,0.0,0.9972671217379349));
#11840=AXIS2_PLACEMENT_3D('',#8960,#475,#11839);
#11841=PLANE('',#11840);
#11842=EDGE_LOOP('',(#11836,#11837,#11838));
#11843=FACE_BOUND('',#11842,.T.);
#11844=ADVANCED_FACE('',(#11843),#11841,.T.);
#11845=DIRECTION('',(-0.5735797725829153,0.0,0.8191497082241628));
#11846=VECTOR('',#11845,1000.0);
#11847=LINE('',#8968,#11846);
#11848=EDGE_CURVE('',#8969,#8971,#11847,.T.);
#11849=DIRECTION('',(-0.9758565170853076,0.0,0.21841258677588343));
#11850=VECTOR('',#11849,1000.0);
#11851=LINE('',#8970,#11850);
#11852=EDGE_CURVE('',#8971,#8885,#11851,.T.);
#11853=ORIENTED_EDGE('',*,*,#11835,.F.);
#11854=ORIENTED_EDGE('',*,*,#11848,.T.);
#11855=ORIENTED_EDGE('',*,*,#11852,.T.);
#11856=DIRECTION('',(0.964105272178173,0.0,-0.26552028954159235));
#11857=AXIS2_PLACEMENT_3D('',#8884,#475,#11856);
#11858=PLANE('',#11857);
#11859=EDGE_LOOP('',(#11853,#11854,#11855));
#11860=FACE_BOUND('',#11859,.T.);
#11861=ADVANCED_FACE('',(#11860),#11858,.T.);
#11862=DIRECTION('',(-0.42263106076404944,0.0,0.9063018186440179));
#11863=VECTOR('',#11862,1000.0);
#11864=LINE('',#8970,#11863);
#11865=EDGE_CURVE('',#8971,#8945,#11864,.T.);
#11866=ORIENTED_EDGE('',*,*,#11852,.F.);
#11867=ORIENTED_EDGE('',*,*,#11865,.T.);
#11868=ORIENTED_EDGE('',*,*,#11628,.F.);
#11869=DIRECTION('',(0.9758565170853076,0.0,-0.21841258677588343));
#11870=AXIS2_PLACEMENT_3D('',#8884,#475,#11869);
#11871=PLANE('',#11870);
#11872=EDGE_LOOP('',(#11866,#11867,#11868));
#11873=FACE_BOUND('',#11872,.T.);
#11874=ADVANCED_FACE('',(#11873),#11871,.T.);
#11875=DIRECTION('',(0.9905912865535037,0.0,0.13685358235820577));
#11876=VECTOR('',#11875,1000.0);
#11877=LINE('',#8972,#11876);
#11878=EDGE_CURVE('',#8973,#8975,#11877,.T.);
#11879=LINE('',#8974,#1194);
#11880=EDGE_CURVE('',#8975,#8977,#11879,.T.);
#11881=DIRECTION('',(-0.023597645406290557,0.0,-0.9997215367947611));
#11882=VECTOR('',#11881,1000.0);
#11883=LINE('',#8976,#11882);
#11884=EDGE_CURVE('',#8977,#8973,#11883,.T.);
#11885=ORIENTED_EDGE('',*,*,#11878,.T.);
#11886=ORIENTED_EDGE('',*,*,#11880,.T.);
#11887=ORIENTED_EDGE('',*,*,#11884,.T.);
#11888=AXIS2_PLACEMENT_3D('',#8972,#475,#11875);
#11889=PLANE('',#11888);
#11890=EDGE_LOOP('',(#11885,#11886,#11887));
#11891=FACE_BOUND('',#11890,.T.);
#11892=ADVANCED_FACE('',(#11891),#11889,.T.);
#11893=DIRECTION('',(0.9063018186440168,0.0,0.4226310607640519));
#11894=VECTOR('',#11893,1000.0);
#11895=LINE('',#8960,#11894);
#11896=EDGE_CURVE('',#8961,#8979,#11895,.T.);
#11897=LINE('',#8978,#1194);
#11898=EDGE_CURVE('',#8979,#8963,#11897,.T.);
#11899=ORIENTED_EDGE('',*,*,#11896,.T.);
#11900=ORIENTED_EDGE('',*,*,#11898,.T.);
#11901=ORIENTED_EDGE('',*,*,#11780,.F.);
#11902=AXIS2_PLACEMENT_3D('',#8960,#475,#11893);
#11903=PLANE('',#11902);
#11904=EDGE_LOOP('',(#11899,#11900,#11901));
#11905=FACE_BOUND('',#11904,.T.);
#11906=ADVANCED_FACE('',(#11905),#11903,.T.);
#11907=DIRECTION('',(0.9659252605254955,0.0,0.25882115655168836));
#11908=VECTOR('',#11907,1000.0);
#11909=LINE('',#8978,#11908);
#11910=EDGE_CURVE('',#8979,#8973,#11909,.T.);
#11911=DIRECTION('',(-0.05294719875342997,0.0,0.9985973133071031));
#11912=VECTOR('',#11911,1000.0);
#11913=LINE('',#8972,#11912);
#11914=EDGE_CURVE('',#8973,#8963,#11913,.T.);
#11915=ORIENTED_EDGE('',*,*,#11898,.F.);
#11916=ORIENTED_EDGE('',*,*,#11910,.T.);
#11917=ORIENTED_EDGE('',*,*,#11914,.T.);
#11918=DIRECTION('',(0.0,0.0,-1.0));
#11919=AXIS2_PLACEMENT_3D('',#8962,#475,#11918);
#11920=PLANE('',#11919);
#11921=EDGE_LOOP('',(#11915,#11916,#11917));
#11922=FACE_BOUND('',#11921,.T.);
#11923=ADVANCED_FACE('',(#11922),#11920,.T.);
#11924=LINE('',#8972,#1194);
#11925=EDGE_CURVE('',#8973,#8981,#11924,.T.);
#11926=DIRECTION('',(-0.9659180890033782,0.0,0.258847919319553));
#11927=VECTOR('',#11926,1000.0);
#11928=LINE('',#8980,#11927);
#11929=EDGE_CURVE('',#8981,#8963,#11928,.T.);
#11930=ORIENTED_EDGE('',*,*,#11914,.F.);
#11931=ORIENTED_EDGE('',*,*,#11925,.T.);
#11932=ORIENTED_EDGE('',*,*,#11929,.T.);
#11933=DIRECTION('',(0.05294719875342997,0.0,-0.9985973133071031));
#11934=AXIS2_PLACEMENT_3D('',#8962,#475,#11933);
#11935=PLANE('',#11934);
#11936=EDGE_LOOP('',(#11930,#11931,#11932));
#11937=FACE_BOUND('',#11936,.T.);
#11938=ADVANCED_FACE('',(#11937),#11935,.T.);
#11939=DIRECTION('',(-0.9905912865535037,0.0,0.13685358235820577));
#11940=VECTOR('',#11939,1000.0);
#11941=LINE('',#8976,#11940);
#11942=EDGE_CURVE('',#8977,#8981,#11941,.T.);
#11943=ORIENTED_EDGE('',*,*,#11925,.F.);
#11944=ORIENTED_EDGE('',*,*,#11884,.F.);
#11945=ORIENTED_EDGE('',*,*,#11942,.T.);
#11946=DIRECTION('',(0.0,0.0,-1.0));
#11947=AXIS2_PLACEMENT_3D('',#8980,#475,#11946);
#11948=PLANE('',#11947);
#11949=EDGE_LOOP('',(#11943,#11944,#11945));
#11950=FACE_BOUND('',#11949,.T.);
#11951=ADVANCED_FACE('',(#11950),#11948,.T.);
#11952=LINE('',#8982,#511);
#11953=EDGE_CURVE('',#8983,#8985,#11952,.T.);
#11954=DIRECTION('',(0.9951960512004983,0.0,0.09790209229089594));
#11955=VECTOR('',#11954,1000.0);
#11956=LINE('',#8984,#11955);
#11957=EDGE_CURVE('',#8985,#8987,#11956,.T.);
#11958=LINE('',#8986,#8690);
#11959=EDGE_CURVE('',#8987,#8983,#11958,.T.);
#11960=ORIENTED_EDGE('',*,*,#11953,.T.);
#11961=ORIENTED_EDGE('',*,*,#11957,.T.);
#11962=ORIENTED_EDGE('',*,*,#11959,.T.);
#11963=DIRECTION('',(0.0,1.0,-0.0));
#11964=AXIS2_PLACEMENT_3D('',#8982,#11963,#510);
#11965=PLANE('',#11964);
#11966=EDGE_LOOP('',(#11960,#11961,#11962));
#11967=FACE_BOUND('',#11966,.T.);
#11968=ADVANCED_FACE('',(#11967),#11965,.T.);
#11969=LINE('',#8984,#1194);
#11970=EDGE_CURVE('',#8985,#8989,#11969,.T.);
#11971=DIRECTION('',(0.9991307073473465,0.0,0.041687283859602756));
#11972=VECTOR('',#11971,1000.0);
#11973=LINE('',#8988,#11972);
#11974=EDGE_CURVE('',#8989,#8987,#11973,.T.);
#11975=ORIENTED_EDGE('',*,*,#11957,.F.);
#11976=ORIENTED_EDGE('',*,*,#11970,.T.);
#11977=ORIENTED_EDGE('',*,*,#11974,.T.);
#11978=DIRECTION('',(0.0,1.0,-0.0));
#11979=DIRECTION('',(-0.9951960512004983,0.0,-0.09790209229089594));
#11980=AXIS2_PLACEMENT_3D('',#8986,#11978,#11979);
#11981=PLANE('',#11980);
#11982=EDGE_LOOP('',(#11975,#11976,#11977));
#11983=FACE_BOUND('',#11982,.T.);
#11984=ADVANCED_FACE('',(#11983),#11981,.T.);
#11985=DIRECTION('',(0.9911815036360413,0.0,0.1325112329193118));
#11986=VECTOR('',#11985,1000.0);
#11987=LINE('',#8988,#11986);
#11988=EDGE_CURVE('',#8989,#8991,#11987,.T.);
#11989=DIRECTION('',(-0.25882115655168836,0.0,-0.9659252605254955));
#11990=VECTOR('',#11989,1000.0);
#11991=LINE('',#8990,#11990);
#11992=EDGE_CURVE('',#8991,#8987,#11991,.T.);
#11993=ORIENTED_EDGE('',*,*,#11974,.F.);
#11994=ORIENTED_EDGE('',*,*,#11988,.T.);
#11995=ORIENTED_EDGE('',*,*,#11992,.T.);
#11996=DIRECTION('',(0.0,1.0,-0.0));
#11997=DIRECTION('',(-0.9991307073473465,0.0,-0.041687283859602756));
#11998=AXIS2_PLACEMENT_3D('',#8986,#11996,#11997);
#11999=PLANE('',#11998);
#12000=EDGE_LOOP('',(#11993,#11994,#11995));
#12001=FACE_BOUND('',#12000,.T.);
#12002=ADVANCED_FACE('',(#12001),#11999,.T.);
#12003=DIRECTION('',(0.9781952235494902,0.0,0.2076875167769191));
#12004=VECTOR('',#12003,1000.0);
#12005=LINE('',#8988,#12004);
#12006=EDGE_CURVE('',#8989,#8993,#12005,.T.);
#12007=DIRECTION('',(-0.4226310607640513,0.0,-0.9063018186440172));
#12008=VECTOR('',#12007,1000.0);
#12009=LINE('',#8992,#12008);
#12010=EDGE_CURVE('',#8993,#8991,#12009,.T.);
#12011=ORIENTED_EDGE('',*,*,#11988,.F.);
#12012=ORIENTED_EDGE('',*,*,#12006,.T.);
#12013=ORIENTED_EDGE('',*,*,#12010,.T.);
#12014=DIRECTION('',(0.0,1.0,-0.0));
#12015=DIRECTION('',(-0.9911815036360413,0.0,-0.1325112329193118));
#12016=AXIS2_PLACEMENT_3D('',#8990,#12014,#12015);
#12017=PLANE('',#12016);
#12018=EDGE_LOOP('',(#12011,#12012,#12013));
#12019=FACE_BOUND('',#12018,.T.);
#12020=ADVANCED_FACE('',(#12019),#12017,.T.);
#12021=DIRECTION('',(0.08714204243959062,0.0,-0.9961958966184595));
#12022=VECTOR('',#12021,1000.0);
#12023=LINE('',#8994,#12022);
#12024=EDGE_CURVE('',#8995,#8997,#12023,.T.);
#12025=DIRECTION('',(-0.996647010060187,0.0,0.08182137457956548));
#12026=VECTOR('',#12025,1000.0);
#12027=LINE('',#8996,#12026);
#12028=EDGE_CURVE('',#8997,#8999,#12027,.T.);
#12029=LINE('',#8998,#492);
#12030=EDGE_CURVE('',#8999,#8995,#12029,.T.);
#12031=ORIENTED_EDGE('',*,*,#12024,.T.);
#12032=ORIENTED_EDGE('',*,*,#12028,.T.);
#12033=ORIENTED_EDGE('',*,*,#12030,.T.);
#12034=DIRECTION('',(0.08714204243959062,0.0,-0.9961958966184595));
#12035=AXIS2_PLACEMENT_3D('',#8994,#462,#12034);
#12036=PLANE('',#12035);
#12037=EDGE_LOOP('',(#12031,#12032,#12033));
#12038=FACE_BOUND('',#12037,.T.);
#12039=ADVANCED_FACE('',(#12038),#12036,.T.);
#12040=DIRECTION('',(0.25882115655168836,0.0,-0.9659252605254955));
#12041=VECTOR('',#12040,1000.0);
#12042=LINE('',#8996,#12041);
#12043=EDGE_CURVE('',#8997,#9001,#12042,.T.);
#12044=DIRECTION('',(-0.9876981365542686,0.0,0.15637260325013852));
#12045=VECTOR('',#12044,1000.0);
#12046=LINE('',#9000,#12045);
#12047=EDGE_CURVE('',#9001,#8999,#12046,.T.);
#12048=ORIENTED_EDGE('',*,*,#12028,.F.);
#12049=ORIENTED_EDGE('',*,*,#12043,.T.);
#12050=ORIENTED_EDGE('',*,*,#12047,.T.);
#12051=DIRECTION('',(0.996647010060187,0.0,-0.08182137457956548));
#12052=AXIS2_PLACEMENT_3D('',#8998,#462,#12051);
#12053=PLANE('',#12052);
#12054=EDGE_LOOP('',(#12048,#12049,#12050));
#12055=FACE_BOUND('',#12054,.T.);
#12056=ADVANCED_FACE('',(#12055),#12053,.T.);
#12057=DIRECTION('',(-0.4207381842864543,0.0,-0.9071821097681201));
#12058=VECTOR('',#12057,1000.0);
#12059=LINE('',#9000,#12058);
#12060=EDGE_CURVE('',#9001,#9003,#12059,.T.);
#12061=LINE('',#9002,#1194);
#12062=EDGE_CURVE('',#9003,#8999,#12061,.T.);
#12063=ORIENTED_EDGE('',*,*,#12047,.F.);
#12064=ORIENTED_EDGE('',*,*,#12060,.T.);
#12065=ORIENTED_EDGE('',*,*,#12062,.T.);
#12066=DIRECTION('',(0.9876981365542686,0.0,-0.15637260325013852));
#12067=AXIS2_PLACEMENT_3D('',#8998,#462,#12066);
#12068=PLANE('',#12067);
#12069=EDGE_LOOP('',(#12063,#12064,#12065));
#12070=FACE_BOUND('',#12069,.T.);
#12071=ADVANCED_FACE('',(#12070),#12068,.T.);
#12072=DIRECTION('',(0.42263106076404944,0.0,-0.9063018186440179));
#12073=VECTOR('',#12072,1000.0);
#12074=LINE('',#9000,#12073);
#12075=EDGE_CURVE('',#9001,#9005,#12074,.T.);
#12076=DIRECTION('',(-0.4446600273595731,0.0,-0.8956994250688027));
#12077=VECTOR('',#12076,1000.0);
#12078=LINE('',#9004,#12077);
#12079=EDGE_CURVE('',#9005,#9003,#12078,.T.);
#12080=ORIENTED_EDGE('',*,*,#12060,.F.);
#12081=ORIENTED_EDGE('',*,*,#12075,.T.);
#12082=ORIENTED_EDGE('',*,*,#12079,.T.);
#12083=DIRECTION('',(0.4207381842864543,0.0,0.9071821097681201));
#12084=AXIS2_PLACEMENT_3D('',#9002,#8069,#12083);
#12085=PLANE('',#12084);
#12086=EDGE_LOOP('',(#12080,#12081,#12082));
#12087=FACE_BOUND('',#12086,.T.);
#12088=ADVANCED_FACE('',(#12087),#12085,.T.);
#12089=DIRECTION('',(-0.9961958966184599,0.0,-0.08714204243958691));
#12090=VECTOR('',#12089,1000.0);
#12091=LINE('',#9006,#12090);
#12092=EDGE_CURVE('',#9007,#9009,#12091,.T.);
#12093=DIRECTION('',(0.05565658513894822,0.0,0.998449970970339));
#12094=VECTOR('',#12093,1000.0);
#12095=LINE('',#9008,#12094);
#12096=EDGE_CURVE('',#9009,#9011,#12095,.T.);
#12097=DIRECTION('',(0.0,0.0,-1.0));
#12098=VECTOR('',#12097,1000.0);
#12099=LINE('',#9010,#12098);
#12100=EDGE_CURVE('',#9011,#9007,#12099,.T.);
#12101=ORIENTED_EDGE('',*,*,#12092,.T.);
#12102=ORIENTED_EDGE('',*,*,#12096,.T.);
#12103=ORIENTED_EDGE('',*,*,#12100,.T.);
#12104=DIRECTION('',(0.0,1.0,-0.0));
#12105=DIRECTION('',(-0.9961958966184599,0.0,-0.08714204243958691));
#12106=AXIS2_PLACEMENT_3D('',#9006,#12104,#12105);
#12107=PLANE('',#12106);
#12108=EDGE_LOOP('',(#12101,#12102,#12103));
#12109=FACE_BOUND('',#12108,.T.);
#12110=ADVANCED_FACE('',(#12109),#12107,.T.);
#12111=DIRECTION('',(-0.9659252605254955,0.0,-0.25882115655168836));
#12112=VECTOR('',#12111,1000.0);
#12113=LINE('',#9008,#12112);
#12114=EDGE_CURVE('',#9009,#9013,#12113,.T.);
#12115=DIRECTION('',(0.10759546654990121,0.0,0.9941947573679459));
#12116=VECTOR('',#12115,1000.0);
#12117=LINE('',#9012,#12116);
#12118=EDGE_CURVE('',#9013,#9011,#12117,.T.);
#12119=ORIENTED_EDGE('',*,*,#12096,.F.);
#12120=ORIENTED_EDGE('',*,*,#12114,.T.);
#12121=ORIENTED_EDGE('',*,*,#12118,.T.);
#12122=DIRECTION('',(-0.05565658513894822,0.0,-0.998449970970339));
#12123=AXIS2_PLACEMENT_3D('',#9010,#462,#12122);
#12124=PLANE('',#12123);
#12125=EDGE_LOOP('',(#12119,#12120,#12121));
#12126=FACE_BOUND('',#12125,.T.);
#12127=ADVANCED_FACE('',(#12126),#12124,.T.);
#12128=DIRECTION('',(-0.47805030868598025,0.0,-0.8783324554889446));
#12129=VECTOR('',#12128,1000.0);
#12130=LINE('',#9014,#12129);
#12131=EDGE_CURVE('',#9015,#8989,#12130,.T.);
#12132=DIRECTION('',(0.44556059539493315,0.0,0.8952517834840167));
#12133=VECTOR('',#12132,1000.0);
#12134=LINE('',#8988,#12133);
#12135=EDGE_CURVE('',#8989,#9017,#12134,.T.);
#12136=DIRECTION('',(0.8191591449871467,0.0,-0.5735662953695301));
#12137=VECTOR('',#12136,1000.0);
#12138=LINE('',#9016,#12137);
#12139=EDGE_CURVE('',#9017,#9015,#12138,.T.);
#12140=ORIENTED_EDGE('',*,*,#12131,.T.);
#12141=ORIENTED_EDGE('',*,*,#12135,.T.);
#12142=ORIENTED_EDGE('',*,*,#12139,.T.);
#12143=DIRECTION('',(0.0,1.0,-0.0));
#12144=AXIS2_PLACEMENT_3D('',#9014,#12143,#12128);
#12145=PLANE('',#12144);
#12146=EDGE_LOOP('',(#12140,#12141,#12142));
#12147=FACE_BOUND('',#12146,.T.);
#12148=ADVANCED_FACE('',(#12147),#12145,.T.);
#12149=LINE('',#8988,#511);
#12150=EDGE_CURVE('',#8989,#9003,#12149,.T.);
#12151=DIRECTION('',(0.5019498162514235,0.0,0.8648967464184162));
#12152=VECTOR('',#12151,1000.0);
#12153=LINE('',#9002,#12152);
#12154=EDGE_CURVE('',#9003,#9017,#12153,.T.);
#12155=ORIENTED_EDGE('',*,*,#12135,.F.);
#12156=ORIENTED_EDGE('',*,*,#12150,.T.);
#12157=ORIENTED_EDGE('',*,*,#12154,.T.);
#12158=DIRECTION('',(-0.44556059539493315,0.0,-0.8952517834840167));
#12159=AXIS2_PLACEMENT_3D('',#9016,#462,#12158);
#12160=PLANE('',#12159);
#12161=EDGE_LOOP('',(#12155,#12156,#12157));
#12162=FACE_BOUND('',#12161,.T.);
#12163=ADVANCED_FACE('',(#12162),#12160,.T.);
#12164=DIRECTION('',(0.4721793903174826,0.0,0.881502480631456));
#12165=VECTOR('',#12164,1000.0);
#12166=LINE('',#9002,#12165);
#12167=EDGE_CURVE('',#9003,#9019,#12166,.T.);
#12168=DIRECTION('',(0.7070924389771077,0.0,-0.7071211231050911));
#12169=VECTOR('',#12168,1000.0);
#12170=LINE('',#9018,#12169);
#12171=EDGE_CURVE('',#9019,#9017,#12170,.T.);
#12172=ORIENTED_EDGE('',*,*,#12154,.F.);
#12173=ORIENTED_EDGE('',*,*,#12167,.T.);
#12174=ORIENTED_EDGE('',*,*,#12171,.T.);
#12175=DIRECTION('',(0.0,1.0,-0.0));
#12176=DIRECTION('',(-0.5019498162514235,0.0,-0.8648967464184162));
#12177=AXIS2_PLACEMENT_3D('',#9016,#12175,#12176);
#12178=PLANE('',#12177);
#12179=EDGE_LOOP('',(#12172,#12173,#12174));
#12180=FACE_BOUND('',#12179,.T.);
#12181=ADVANCED_FACE('',(#12180),#12178,.T.);
#12182=DIRECTION('',(0.5735797725829153,0.0,-0.8191497082241628));
#12183=VECTOR('',#12182,1000.0);
#12184=LINE('',#9004,#12183);
#12185=EDGE_CURVE('',#9005,#9019,#12184,.T.);
#12186=ORIENTED_EDGE('',*,*,#12167,.F.);
#12187=ORIENTED_EDGE('',*,*,#12079,.F.);
#12188=ORIENTED_EDGE('',*,*,#12185,.T.);
#12189=DIRECTION('',(0.0,1.0,-0.0));
#12190=DIRECTION('',(-0.4721793903174826,0.0,-0.881502480631456));
#12191=AXIS2_PLACEMENT_3D('',#9018,#12189,#12190);
#12192=PLANE('',#12191);
#12193=EDGE_LOOP('',(#12186,#12187,#12188));
#12194=FACE_BOUND('',#12193,.T.);
#12195=ADVANCED_FACE('',(#12194),#12192,.T.);
#12196=DIRECTION('',(0.9063128053668551,0.0,-0.4226074997300225));
#12197=VECTOR('',#12196,1000.0);
#12198=LINE('',#9014,#12197);
#12199=EDGE_CURVE('',#9015,#9021,#12198,.T.);
#12200=DIRECTION('',(-0.5100955969054604,0.0,-0.8601177140471309));
#12201=VECTOR('',#12200,1000.0);
#12202=LINE('',#9020,#12201);
#12203=EDGE_CURVE('',#9021,#8989,#12202,.T.);
#12204=ORIENTED_EDGE('',*,*,#12199,.T.);
#12205=ORIENTED_EDGE('',*,*,#12203,.T.);
#12206=ORIENTED_EDGE('',*,*,#12131,.F.);
#12207=DIRECTION('',(0.9063128053668551,0.0,-0.4226074997300225));
#12208=AXIS2_PLACEMENT_3D('',#9014,#462,#12207);
#12209=PLANE('',#12208);
#12210=EDGE_LOOP('',(#12204,#12205,#12206));
#12211=FACE_BOUND('',#12210,.T.);
#12212=ADVANCED_FACE('',(#12211),#12209,.T.);
#12213=DIRECTION('',(0.9659180890033782,0.0,-0.258847919319553));
#12214=VECTOR('',#12213,1000.0);
#12215=LINE('',#9020,#12214);
#12216=EDGE_CURVE('',#9021,#9023,#12215,.T.);
#12217=LINE('',#9022,#1623);
#12218=EDGE_CURVE('',#9023,#8989,#12217,.T.);
#12219=ORIENTED_EDGE('',*,*,#12203,.F.);
#12220=ORIENTED_EDGE('',*,*,#12216,.T.);
#12221=ORIENTED_EDGE('',*,*,#12218,.T.);
#12222=DIRECTION('',(0.5100955969054604,0.0,0.8601177140471309));
#12223=AXIS2_PLACEMENT_3D('',#8988,#8069,#12222);
#12224=PLANE('',#12223);
#12225=EDGE_LOOP('',(#12219,#12220,#12221));
#12226=FACE_BOUND('',#12225,.T.);
#12227=ADVANCED_FACE('',(#12226),#12224,.T.);
#12228=DIRECTION('',(0.9961958966184601,0.0,-0.08714204243958375));
#12229=VECTOR('',#12228,1000.0);
#12230=LINE('',#9022,#12229);
#12231=EDGE_CURVE('',#9023,#9011,#12230,.T.);
#12232=DIRECTION('',(-0.5665288228870652,0.0,-0.8240419241993676));
#12233=VECTOR('',#12232,1000.0);
#12234=LINE('',#9010,#12233);
#12235=EDGE_CURVE('',#9011,#8989,#12234,.T.);
#12236=ORIENTED_EDGE('',*,*,#12218,.F.);
#12237=ORIENTED_EDGE('',*,*,#12231,.T.);
#12238=ORIENTED_EDGE('',*,*,#12235,.T.);
#12239=AXIS2_PLACEMENT_3D('',#8988,#8069,#1641);
#12240=PLANE('',#12239);
#12241=EDGE_LOOP('',(#12236,#12237,#12238));
#12242=FACE_BOUND('',#12241,.T.);
#12243=ADVANCED_FACE('',(#12242),#12240,.T.);
#12244=DIRECTION('',(-0.9063018186440168,0.0,-0.4226310607640519));
#12245=VECTOR('',#12244,1000.0);
#12246=LINE('',#9012,#12245);
#12247=EDGE_CURVE('',#9013,#9025,#12246,.T.);
#12248=DIRECTION('',(0.15279311029964515,0.0,0.988258197762589));
#12249=VECTOR('',#12248,1000.0);
#12250=LINE('',#9024,#12249);
#12251=EDGE_CURVE('',#9025,#9011,#12250,.T.);
#12252=ORIENTED_EDGE('',*,*,#12247,.T.);
#12253=ORIENTED_EDGE('',*,*,#12251,.T.);
#12254=ORIENTED_EDGE('',*,*,#12118,.F.);
#12255=DIRECTION('',(0.0,1.0,-0.0));
#12256=DIRECTION('',(-0.9063018186440168,0.0,-0.4226310607640519));
#12257=AXIS2_PLACEMENT_3D('',#9012,#12255,#12256);
#12258=PLANE('',#12257);
#12259=EDGE_LOOP('',(#12252,#12253,#12254));
#12260=FACE_BOUND('',#12259,.T.);
#12261=ADVANCED_FACE('',(#12260),#12258,.T.);
#12262=DIRECTION('',(-0.8191591449871488,0.0,-0.5735662953695267));
#12263=VECTOR('',#12262,1000.0);
#12264=LINE('',#9024,#12263);
#12265=EDGE_CURVE('',#9025,#9027,#12264,.T.);
#12266=DIRECTION('',(0.18931452473105492,0.0,0.9819164988561169));
#12267=VECTOR('',#12266,1000.0);
#12268=LINE('',#9026,#12267);
#12269=EDGE_CURVE('',#9027,#9011,#12268,.T.);
#12270=ORIENTED_EDGE('',*,*,#12251,.F.);
#12271=ORIENTED_EDGE('',*,*,#12265,.T.);
#12272=ORIENTED_EDGE('',*,*,#12269,.T.);
#12273=DIRECTION('',(-0.15279311029964515,0.0,-0.988258197762589));
#12274=AXIS2_PLACEMENT_3D('',#9010,#462,#12273);
#12275=PLANE('',#12274);
#12276=EDGE_LOOP('',(#12270,#12271,#12272));
#12277=FACE_BOUND('',#12276,.T.);
#12278=ADVANCED_FACE('',(#12277),#12275,.T.);
#12279=DIRECTION('',(-0.9535033370569667,0.0,-0.3013824583834111));
#12280=VECTOR('',#12279,1000.0);
#12281=LINE('',#9026,#12280);
#12282=EDGE_CURVE('',#9027,#8989,#12281,.T.);
#12283=ORIENTED_EDGE('',*,*,#12269,.F.);
#12284=ORIENTED_EDGE('',*,*,#12282,.T.);
#12285=ORIENTED_EDGE('',*,*,#12235,.F.);
#12286=DIRECTION('',(-0.18931452473105492,0.0,-0.9819164988561169));
#12287=AXIS2_PLACEMENT_3D('',#9010,#462,#12286);
#12288=PLANE('',#12287);
#12289=EDGE_LOOP('',(#12283,#12284,#12285));
#12290=FACE_BOUND('',#12289,.T.);
#12291=ADVANCED_FACE('',(#12290),#12288,.T.);
#12292=DIRECTION('',(-0.7071067811865468,0.0,-0.7071067811865483));
#12293=VECTOR('',#12292,1000.0);
#12294=LINE('',#9026,#12293);
#12295=EDGE_CURVE('',#9027,#9029,#12294,.T.);
#12296=DIRECTION('',(-0.9645523041277244,0.0,-0.263891744095752));
#12297=VECTOR('',#12296,1000.0);
#12298=LINE('',#9028,#12297);
#12299=EDGE_CURVE('',#9029,#8989,#12298,.T.);
#12300=ORIENTED_EDGE('',*,*,#12282,.F.);
#12301=ORIENTED_EDGE('',*,*,#12295,.T.);
#12302=ORIENTED_EDGE('',*,*,#12299,.T.);
#12303=AXIS2_PLACEMENT_3D('',#8988,#8069,#4343);
#12304=PLANE('',#12303);
#12305=EDGE_LOOP('',(#12300,#12301,#12302));
#12306=FACE_BOUND('',#12305,.T.);
#12307=ADVANCED_FACE('',(#12306),#12304,.T.);
#12308=DIRECTION('',(-0.5735662953695273,0.0,-0.8191591449871486));
#12309=VECTOR('',#12308,1000.0);
#12310=LINE('',#9028,#12309);
#12311=EDGE_CURVE('',#9029,#8993,#12310,.T.);
#12312=ORIENTED_EDGE('',*,*,#12299,.F.);
#12313=ORIENTED_EDGE('',*,*,#12311,.T.);
#12314=ORIENTED_EDGE('',*,*,#12006,.F.);
#12315=DIRECTION('',(0.9645523041277244,0.0,0.263891744095752));
#12316=AXIS2_PLACEMENT_3D('',#8988,#8069,#12315);
#12317=PLANE('',#12316);
#12318=EDGE_LOOP('',(#12312,#12313,#12314));
#12319=FACE_BOUND('',#12318,.T.);
#12320=ADVANCED_FACE('',(#12319),#12317,.T.);
#12321=LINE('',#8886,#463);
#12322=EDGE_CURVE('',#8887,#9003,#12321,.T.);
#12323=DIRECTION('',(0.9615239476408233,-0.2747211278973777,0.0));
#12324=VECTOR('',#12323,1000.0);
#12325=LINE('',#9002,#12324);
#12326=EDGE_CURVE('',#9003,#8953,#12325,.T.);
#12327=ORIENTED_EDGE('',*,*,#12322,.T.);
#12328=ORIENTED_EDGE('',*,*,#12326,.T.);
#12329=ORIENTED_EDGE('',*,*,#11696,.F.);
#12330=DIRECTION('',(0.0,0.0,-1.0));
#12331=AXIS2_PLACEMENT_3D('',#8886,#12330,#462);
#12332=PLANE('',#12331);
#12333=EDGE_LOOP('',(#12327,#12328,#12329));
#12334=FACE_BOUND('',#12333,.T.);
#12335=ADVANCED_FACE('',(#12334),#12332,.T.);
#12336=LINE('',#8988,#476);
#12337=EDGE_CURVE('',#8989,#8953,#12336,.T.);
#12338=ORIENTED_EDGE('',*,*,#12326,.F.);
#12339=ORIENTED_EDGE('',*,*,#12150,.F.);
#12340=ORIENTED_EDGE('',*,*,#12337,.T.);
#12341=DIRECTION('',(0.0,0.0,-1.0));
#12342=DIRECTION('',(-0.9615239476408233,0.2747211278973777,0.0));
#12343=AXIS2_PLACEMENT_3D('',#8952,#12341,#12342);
#12344=PLANE('',#12343);
#12345=EDGE_LOOP('',(#12338,#12339,#12340));
#12346=FACE_BOUND('',#12345,.T.);
#12347=ADVANCED_FACE('',(#12346),#12344,.T.);
#12348=DIRECTION('',(0.9988681377244375,-0.047565149415449384,0.0));
#12349=VECTOR('',#12348,1000.0);
#12350=LINE('',#8998,#12349);
#12351=EDGE_CURVE('',#8999,#8941,#12350,.T.);
#12352=LINE('',#8940,#463);
#12353=EDGE_CURVE('',#8941,#8995,#12352,.T.);
#12354=ORIENTED_EDGE('',*,*,#12030,.F.);
#12355=ORIENTED_EDGE('',*,*,#12351,.T.);
#12356=ORIENTED_EDGE('',*,*,#12353,.T.);
#12357=AXIS2_PLACEMENT_3D('',#8994,#11,#510);
#12358=PLANE('',#12357);
#12359=EDGE_LOOP('',(#12354,#12355,#12356));
#12360=FACE_BOUND('',#12359,.T.);
#12361=ADVANCED_FACE('',(#12360),#12358,.T.);
#12362=LINE('',#8998,#476);
#12363=EDGE_CURVE('',#8999,#8885,#12362,.T.);
#12364=ORIENTED_EDGE('',*,*,#12351,.F.);
#12365=ORIENTED_EDGE('',*,*,#12363,.T.);
#12366=ORIENTED_EDGE('',*,*,#11607,.F.);
#12367=DIRECTION('',(-0.9988681377244375,0.047565149415449384,0.0));
#12368=AXIS2_PLACEMENT_3D('',#8940,#11,#12367);
#12369=PLANE('',#12368);
#12370=EDGE_LOOP('',(#12364,#12365,#12366));
#12371=FACE_BOUND('',#12370,.T.);
#12372=ADVANCED_FACE('',(#12371),#12369,.T.);
#12373=LINE('',#9030,#463);
#12374=EDGE_CURVE('',#9031,#8977,#12373,.T.);
#12375=DIRECTION('',(0.0,-0.6265233915121567,-0.7794026173218209));
#12376=VECTOR('',#12375,1000.0);
#12377=LINE('',#8976,#12376);
#12378=EDGE_CURVE('',#8977,#9033,#12377,.T.);
#12379=LINE('',#9032,#1194);
#12380=EDGE_CURVE('',#9033,#9031,#12379,.T.);
#12381=ORIENTED_EDGE('',*,*,#12374,.T.);
#12382=ORIENTED_EDGE('',*,*,#12378,.T.);
#12383=ORIENTED_EDGE('',*,*,#12380,.T.);
#12384=DIRECTION('',(-1.0,0.0,-0.0));
#12385=AXIS2_PLACEMENT_3D('',#9030,#12384,#462);
#12386=PLANE('',#12385);
#12387=EDGE_LOOP('',(#12381,#12382,#12383));
#12388=FACE_BOUND('',#12387,.T.);
#12389=ADVANCED_FACE('',(#12388),#12386,.T.);
#12390=LINE('',#8974,#476);
#12391=EDGE_CURVE('',#8975,#9033,#12390,.T.);
#12392=ORIENTED_EDGE('',*,*,#12378,.F.);
#12393=ORIENTED_EDGE('',*,*,#11880,.F.);
#12394=ORIENTED_EDGE('',*,*,#12391,.T.);
#12395=DIRECTION('',(0.0,0.6265233915121567,0.7794026173218209));
#12396=AXIS2_PLACEMENT_3D('',#9032,#510,#12395);
#12397=PLANE('',#12396);
#12398=EDGE_LOOP('',(#12392,#12393,#12394));
#12399=FACE_BOUND('',#12398,.T.);
#12400=ADVANCED_FACE('',(#12399),#12397,.T.);
#12401=DIRECTION('',(0.0,-0.6567807448042018,-0.7540815958863059));
#12402=VECTOR('',#12401,1000.0);
#12403=LINE('',#9010,#12402);
#12404=EDGE_CURVE('',#9011,#9035,#12403,.T.);
#12405=LINE('',#9034,#463);
#12406=EDGE_CURVE('',#9035,#9007,#12405,.T.);
#12407=ORIENTED_EDGE('',*,*,#12100,.F.);
#12408=ORIENTED_EDGE('',*,*,#12404,.T.);
#12409=ORIENTED_EDGE('',*,*,#12406,.T.);
#12410=DIRECTION('',(1.0,0.0,-0.0));
#12411=AXIS2_PLACEMENT_3D('',#9006,#12410,#11);
#12412=PLANE('',#12411);
#12413=EDGE_LOOP('',(#12407,#12408,#12409));
#12414=FACE_BOUND('',#12413,.T.);
#12415=ADVANCED_FACE('',(#12414),#12412,.T.);
#12416=LINE('',#9010,#476);
#12417=EDGE_CURVE('',#9011,#9037,#12416,.T.);
#12418=DIRECTION('',(0.0,0.0,-1.0));
#12419=VECTOR('',#12418,1000.0);
#12420=LINE('',#9036,#12419);
#12421=EDGE_CURVE('',#9037,#9035,#12420,.T.);
#12422=ORIENTED_EDGE('',*,*,#12404,.F.);
#12423=ORIENTED_EDGE('',*,*,#12417,.T.);
#12424=ORIENTED_EDGE('',*,*,#12421,.T.);
#12425=DIRECTION('',(1.0,0.0,-0.0));
#12426=DIRECTION('',(0.0,0.6567807448042018,0.7540815958863059));
#12427=AXIS2_PLACEMENT_3D('',#9034,#12425,#12426);
#12428=PLANE('',#12427);
#12429=EDGE_LOOP('',(#12422,#12423,#12424));
#12430=FACE_BOUND('',#12429,.T.);
#12431=ADVANCED_FACE('',(#12430),#12428,.T.);
#12432=DIRECTION('',(-0.08714204243959062,0.0,0.9961958966184595));
#12433=VECTOR('',#12432,1000.0);
#12434=LINE('',#9038,#12433);
#12435=EDGE_CURVE('',#9039,#8937,#12434,.T.);
#12436=DIRECTION('',(0.9951960512004983,0.0,-0.0979020922908957));
#12437=VECTOR('',#12436,1000.0);
#12438=LINE('',#8938,#12437);
#12439=EDGE_CURVE('',#8939,#9039,#12438,.T.);
#12440=ORIENTED_EDGE('',*,*,#12435,.T.);
#12441=ORIENTED_EDGE('',*,*,#11596,.F.);
#12442=ORIENTED_EDGE('',*,*,#12439,.T.);
#12443=DIRECTION('',(-0.08714204243959062,0.0,0.9961958966184595));
#12444=AXIS2_PLACEMENT_3D('',#9038,#475,#12443);
#12445=PLANE('',#12444);
#12446=EDGE_LOOP('',(#12440,#12441,#12442));
#12447=FACE_BOUND('',#12446,.T.);
#12448=ADVANCED_FACE('',(#12447),#12445,.T.);
#12449=DIRECTION('',(-0.4692692095580158,0.0,0.883055156239289));
#12450=VECTOR('',#12449,1000.0);
#12451=LINE('',#9040,#12450);
#12452=EDGE_CURVE('',#9041,#8939,#12451,.T.);
#12453=DIRECTION('',(0.43726426148432235,0.0,-0.8993330671272853));
#12454=VECTOR('',#12453,1000.0);
#12455=LINE('',#8938,#12454);
#12456=EDGE_CURVE('',#8939,#9043,#12455,.T.);
#12457=LINE('',#9042,#11761);
#12458=EDGE_CURVE('',#9043,#9041,#12457,.T.);
#12459=ORIENTED_EDGE('',*,*,#12452,.T.);
#12460=ORIENTED_EDGE('',*,*,#12456,.T.);
#12461=ORIENTED_EDGE('',*,*,#12458,.T.);
#12462=DIRECTION('',(-0.0,-1.0,-0.0));
#12463=AXIS2_PLACEMENT_3D('',#9040,#12462,#12449);
#12464=PLANE('',#12463);
#12465=EDGE_LOOP('',(#12459,#12460,#12461));
#12466=FACE_BOUND('',#12465,.T.);
#12467=ADVANCED_FACE('',(#12466),#12464,.T.);
#12468=DIRECTION('',(0.4066472202215556,0.0,-0.9135852660184935));
#12469=VECTOR('',#12468,1000.0);
#12470=LINE('',#8938,#12469);
#12471=EDGE_CURVE('',#8939,#9045,#12470,.T.);
#12472=DIRECTION('',(0.7071067811865468,0.0,0.7071067811865483));
#12473=VECTOR('',#12472,1000.0);
#12474=LINE('',#9044,#12473);
#12475=EDGE_CURVE('',#9045,#9043,#12474,.T.);
#12476=ORIENTED_EDGE('',*,*,#12456,.F.);
#12477=ORIENTED_EDGE('',*,*,#12471,.T.);
#12478=ORIENTED_EDGE('',*,*,#12475,.T.);
#12479=DIRECTION('',(-0.0,-1.0,-0.0));
#12480=DIRECTION('',(-0.43726426148432235,0.0,0.8993330671272853));
#12481=AXIS2_PLACEMENT_3D('',#9042,#12479,#12480);
#12482=PLANE('',#12481);
#12483=EDGE_LOOP('',(#12476,#12477,#12478));
#12484=FACE_BOUND('',#12483,.T.);
#12485=ADVANCED_FACE('',(#12484),#12482,.T.);
#12486=DIRECTION('',(0.9961958966184599,0.0,0.08714204243958691));
#12487=VECTOR('',#12486,1000.0);
#12488=LINE('',#9046,#12487);
#12489=EDGE_CURVE('',#9047,#9035,#12488,.T.);
#12490=VECTOR('',#12122,1000.0);
#12491=LINE('',#9036,#12490);
#12492=EDGE_CURVE('',#9037,#9047,#12491,.T.);
#12493=ORIENTED_EDGE('',*,*,#12489,.T.);
#12494=ORIENTED_EDGE('',*,*,#12421,.F.);
#12495=ORIENTED_EDGE('',*,*,#12492,.T.);
#12496=DIRECTION('',(0.9961958966184599,0.0,0.08714204243958691));
#12497=AXIS2_PLACEMENT_3D('',#9046,#475,#12496);
#12498=PLANE('',#12497);
#12499=EDGE_LOOP('',(#12493,#12494,#12495));
#12500=FACE_BOUND('',#12499,.T.);
#12501=ADVANCED_FACE('',(#12500),#12498,.T.);
#12502=LINE('',#9040,#11778);
#12503=EDGE_CURVE('',#9041,#9049,#12502,.T.);
#12504=LINE('',#9048,#11782);
#12505=EDGE_CURVE('',#9049,#9051,#12504,.T.);
#12506=DIRECTION('',(0.0,0.0,-1.0));
#12507=VECTOR('',#12506,1000.0);
#12508=LINE('',#9050,#12507);
#12509=EDGE_CURVE('',#9051,#9041,#12508,.T.);
#12510=ORIENTED_EDGE('',*,*,#12503,.T.);
#12511=ORIENTED_EDGE('',*,*,#12505,.T.);
#12512=ORIENTED_EDGE('',*,*,#12509,.T.);
#12513=AXIS2_PLACEMENT_3D('',#9040,#475,#11777);
#12514=PLANE('',#12513);
#12515=EDGE_LOOP('',(#12510,#12511,#12512));
#12516=FACE_BOUND('',#12515,.T.);
#12517=ADVANCED_FACE('',(#12516),#12514,.T.);
#12518=LINE('',#9040,#11894);
#12519=EDGE_CURVE('',#9041,#9053,#12518,.T.);
#12520=LINE('',#9052,#1194);
#12521=EDGE_CURVE('',#9053,#9049,#12520,.T.);
#12522=ORIENTED_EDGE('',*,*,#12519,.T.);
#12523=ORIENTED_EDGE('',*,*,#12521,.T.);
#12524=ORIENTED_EDGE('',*,*,#12503,.F.);
#12525=AXIS2_PLACEMENT_3D('',#9040,#475,#11893);
#12526=PLANE('',#12525);
#12527=EDGE_LOOP('',(#12522,#12523,#12524));
#12528=FACE_BOUND('',#12527,.T.);
#12529=ADVANCED_FACE('',(#12528),#12526,.T.);
#12530=DIRECTION('',(0.9659252605254955,0.0,0.25882115655168836));
#12531=VECTOR('',#12530,1000.0);
#12532=LINE('',#9052,#12531);
#12533=EDGE_CURVE('',#9053,#9047,#12532,.T.);
#12534=LINE('',#9046,#11912);
#12535=EDGE_CURVE('',#9047,#9049,#12534,.T.);
#12536=ORIENTED_EDGE('',*,*,#12521,.F.);
#12537=ORIENTED_EDGE('',*,*,#12533,.T.);
#12538=ORIENTED_EDGE('',*,*,#12535,.T.);
#12539=DIRECTION('',(0.0,0.0,-1.0));
#12540=AXIS2_PLACEMENT_3D('',#9048,#475,#12539);
#12541=PLANE('',#12540);
#12542=EDGE_LOOP('',(#12536,#12537,#12538));
#12543=FACE_BOUND('',#12542,.T.);
#12544=ADVANCED_FACE('',(#12543),#12541,.T.);
#12545=LINE('',#9046,#1194);
#12546=EDGE_CURVE('',#9047,#9055,#12545,.T.);
#12547=DIRECTION('',(-0.9659180890033782,0.0,0.258847919319553));
#12548=VECTOR('',#12547,1000.0);
#12549=LINE('',#9054,#12548);
#12550=EDGE_CURVE('',#9055,#9049,#12549,.T.);
#12551=ORIENTED_EDGE('',*,*,#12535,.F.);
#12552=ORIENTED_EDGE('',*,*,#12546,.T.);
#12553=ORIENTED_EDGE('',*,*,#12550,.T.);
#12554=AXIS2_PLACEMENT_3D('',#9048,#475,#11933);
#12555=PLANE('',#12554);
#12556=EDGE_LOOP('',(#12551,#12552,#12553));
#12557=FACE_BOUND('',#12556,.T.);
#12558=ADVANCED_FACE('',(#12557),#12555,.T.);
#12559=DIRECTION('',(-0.9961958966184601,0.0,0.08714204243958375));
#12560=VECTOR('',#12559,1000.0);
#12561=LINE('',#9036,#12560);
#12562=EDGE_CURVE('',#9037,#9055,#12561,.T.);
#12563=ORIENTED_EDGE('',*,*,#12546,.F.);
#12564=ORIENTED_EDGE('',*,*,#12492,.F.);
#12565=ORIENTED_EDGE('',*,*,#12562,.T.);
#12566=DIRECTION('',(0.0,0.0,-1.0));
#12567=AXIS2_PLACEMENT_3D('',#9054,#475,#12566);
#12568=PLANE('',#12567);
#12569=EDGE_LOOP('',(#12563,#12564,#12565));
#12570=FACE_BOUND('',#12569,.T.);
#12571=ADVANCED_FACE('',(#12570),#12568,.T.);
#12572=DIRECTION('',(0.9826168247657927,0.0,-0.18564529535431654));
#12573=VECTOR('',#12572,1000.0);
#12574=LINE('',#8938,#12573);
#12575=EDGE_CURVE('',#8939,#9057,#12574,.T.);
#12576=LINE('',#9056,#11630);
#12577=EDGE_CURVE('',#9057,#9039,#12576,.T.);
#12578=ORIENTED_EDGE('',*,*,#12439,.F.);
#12579=ORIENTED_EDGE('',*,*,#12575,.T.);
#12580=ORIENTED_EDGE('',*,*,#12577,.T.);
#12581=DIRECTION('',(-0.0,-1.0,-0.0));
#12582=DIRECTION('',(-0.9951960512004983,0.0,0.0979020922908957));
#12583=AXIS2_PLACEMENT_3D('',#9038,#12581,#12582);
#12584=PLANE('',#12583);
#12585=EDGE_LOOP('',(#12578,#12579,#12580));
#12586=FACE_BOUND('',#12585,.T.);
#12587=ADVANCED_FACE('',(#12586),#12584,.T.);
#12588=LINE('',#9058,#2148);
#12589=EDGE_CURVE('',#9059,#9061,#12588,.T.);
#12590=DIRECTION('',(-0.9951960512004983,0.0,-0.09790209229089594));
#12591=VECTOR('',#12590,1000.0);
#12592=LINE('',#9060,#12591);
#12593=EDGE_CURVE('',#9061,#9063,#12592,.T.);
#12594=LINE('',#9062,#492);
#12595=EDGE_CURVE('',#9063,#9059,#12594,.T.);
#12596=ORIENTED_EDGE('',*,*,#12589,.T.);
#12597=ORIENTED_EDGE('',*,*,#12593,.T.);
#12598=ORIENTED_EDGE('',*,*,#12595,.T.);
#12599=AXIS2_PLACEMENT_3D('',#9058,#727,#2147);
#12600=PLANE('',#12599);
#12601=EDGE_LOOP('',(#12596,#12597,#12598));
#12602=FACE_BOUND('',#12601,.T.);
#12603=ADVANCED_FACE('',(#12602),#12600,.T.);
#12604=LINE('',#9060,#11682);
#12605=EDGE_CURVE('',#9061,#9065,#12604,.T.);
#12606=DIRECTION('',(-0.9826168247657925,0.0,-0.18564529535431673));
#12607=VECTOR('',#12606,1000.0);
#12608=LINE('',#9064,#12607);
#12609=EDGE_CURVE('',#9065,#9063,#12608,.T.);
#12610=ORIENTED_EDGE('',*,*,#12593,.F.);
#12611=ORIENTED_EDGE('',*,*,#12605,.T.);
#12612=ORIENTED_EDGE('',*,*,#12609,.T.);
#12613=DIRECTION('',(0.9951960512004983,0.0,0.09790209229089594));
#12614=AXIS2_PLACEMENT_3D('',#9062,#475,#12613);
#12615=PLANE('',#12614);
#12616=EDGE_LOOP('',(#12610,#12611,#12612));
#12617=FACE_BOUND('',#12616,.T.);
#12618=ADVANCED_FACE('',(#12617),#12615,.T.);
#12619=DIRECTION('',(-0.3556078195928967,0.0,0.9346352650335776));
#12620=VECTOR('',#12619,1000.0);
#12621=LINE('',#9064,#12620);
#12622=EDGE_CURVE('',#9065,#8939,#12621,.T.);
#12623=DIRECTION('',(0.0,0.0,-1.0));
#12624=VECTOR('',#12623,1000.0);
#12625=LINE('',#8938,#12624);
#12626=EDGE_CURVE('',#8939,#9063,#12625,.T.);
#12627=ORIENTED_EDGE('',*,*,#12609,.F.);
#12628=ORIENTED_EDGE('',*,*,#12622,.T.);
#12629=ORIENTED_EDGE('',*,*,#12626,.T.);
#12630=DIRECTION('',(0.9826168247657925,0.0,0.18564529535431673));
#12631=AXIS2_PLACEMENT_3D('',#9062,#475,#12630);
#12632=PLANE('',#12631);
#12633=EDGE_LOOP('',(#12627,#12628,#12629));
#12634=FACE_BOUND('',#12633,.T.);
#12635=ADVANCED_FACE('',(#12634),#12632,.T.);
#12636=LINE('',#9064,#11652);
#12637=EDGE_CURVE('',#9065,#9067,#12636,.T.);
#12638=LINE('',#9066,#870);
#12639=EDGE_CURVE('',#9067,#8939,#12638,.T.);
#12640=ORIENTED_EDGE('',*,*,#12622,.F.);
#12641=ORIENTED_EDGE('',*,*,#12637,.T.);
#12642=ORIENTED_EDGE('',*,*,#12639,.T.);
#12643=DIRECTION('',(0.3556078195928967,0.0,-0.9346352650335776));
#12644=AXIS2_PLACEMENT_3D('',#8938,#475,#12643);
#12645=PLANE('',#12644);
#12646=EDGE_LOOP('',(#12640,#12641,#12642));
#12647=FACE_BOUND('',#12646,.T.);
#12648=ADVANCED_FACE('',(#12647),#12645,.T.);
#12649=LINE('',#9066,#11728);
#12650=EDGE_CURVE('',#9067,#9045,#12649,.T.);
#12651=ORIENTED_EDGE('',*,*,#12639,.F.);
#12652=ORIENTED_EDGE('',*,*,#12650,.T.);
#12653=ORIENTED_EDGE('',*,*,#12471,.F.);
#12654=AXIS2_PLACEMENT_3D('',#8938,#475,#890);
#12655=PLANE('',#12654);
#12656=EDGE_LOOP('',(#12651,#12652,#12653));
#12657=FACE_BOUND('',#12656,.T.);
#12658=ADVANCED_FACE('',(#12657),#12655,.T.);
#12659=DIRECTION('',(-0.8191591449871467,0.0,0.5735662953695301));
#12660=VECTOR('',#12659,1000.0);
#12661=LINE('',#9050,#12660);
#12662=EDGE_CURVE('',#9051,#9069,#12661,.T.);
#12663=LINE('',#9068,#11802);
#12664=EDGE_CURVE('',#9069,#9041,#12663,.T.);
#12665=ORIENTED_EDGE('',*,*,#12662,.T.);
#12666=ORIENTED_EDGE('',*,*,#12664,.T.);
#12667=ORIENTED_EDGE('',*,*,#12509,.F.);
#12668=DIRECTION('',(-0.0,-1.0,-0.0));
#12669=DIRECTION('',(-0.8191591449871467,0.0,0.5735662953695301));
#12670=AXIS2_PLACEMENT_3D('',#9050,#12668,#12669);
#12671=PLANE('',#12670);
#12672=EDGE_LOOP('',(#12665,#12666,#12667));
#12673=FACE_BOUND('',#12672,.T.);
#12674=ADVANCED_FACE('',(#12673),#12671,.T.);
#12675=DIRECTION('',(-0.7070924389771077,0.0,0.7071211231050911));
#12676=VECTOR('',#12675,1000.0);
#12677=LINE('',#9068,#12676);
#12678=EDGE_CURVE('',#9069,#9071,#12677,.T.);
#12679=DIRECTION('',(0.07388022672227568,0.0,-0.9972671217379349));
#12680=VECTOR('',#12679,1000.0);
#12681=LINE('',#9070,#12680);
#12682=EDGE_CURVE('',#9071,#9041,#12681,.T.);
#12683=ORIENTED_EDGE('',*,*,#12664,.F.);
#12684=ORIENTED_EDGE('',*,*,#12678,.T.);
#12685=ORIENTED_EDGE('',*,*,#12682,.T.);
#12686=AXIS2_PLACEMENT_3D('',#9040,#475,#11826);
#12687=PLANE('',#12686);
#12688=EDGE_LOOP('',(#12683,#12684,#12685));
#12689=FACE_BOUND('',#12688,.T.);
#12690=ADVANCED_FACE('',(#12689),#12687,.T.);
#12691=DIRECTION('',(-0.951315627992956,0.0,0.3082183900035296));
#12692=VECTOR('',#12691,1000.0);
#12693=LINE('',#9070,#12692);
#12694=EDGE_CURVE('',#9071,#8939,#12693,.T.);
#12695=ORIENTED_EDGE('',*,*,#12682,.F.);
#12696=ORIENTED_EDGE('',*,*,#12694,.T.);
#12697=ORIENTED_EDGE('',*,*,#12452,.F.);
#12698=DIRECTION('',(-0.07388022672227568,0.0,0.9972671217379349));
#12699=AXIS2_PLACEMENT_3D('',#9040,#475,#12698);
#12700=PLANE('',#12699);
#12701=EDGE_LOOP('',(#12695,#12696,#12697));
#12702=FACE_BOUND('',#12701,.T.);
#12703=ADVANCED_FACE('',(#12702),#12700,.T.);
#12704=LINE('',#9070,#11846);
#12705=EDGE_CURVE('',#9071,#9073,#12704,.T.);
#12706=DIRECTION('',(-0.9665399501839788,0.0,0.25651612950914415));
#12707=VECTOR('',#12706,1000.0);
#12708=LINE('',#9072,#12707);
#12709=EDGE_CURVE('',#9073,#8939,#12708,.T.);
#12710=ORIENTED_EDGE('',*,*,#12694,.F.);
#12711=ORIENTED_EDGE('',*,*,#12705,.T.);
#12712=ORIENTED_EDGE('',*,*,#12709,.T.);
#12713=DIRECTION('',(0.951315627992956,0.0,-0.3082183900035296));
#12714=AXIS2_PLACEMENT_3D('',#8938,#475,#12713);
#12715=PLANE('',#12714);
#12716=EDGE_LOOP('',(#12710,#12711,#12712));
#12717=FACE_BOUND('',#12716,.T.);
#12718=ADVANCED_FACE('',(#12717),#12715,.T.);
#12719=LINE('',#9072,#11863);
#12720=EDGE_CURVE('',#9073,#9057,#12719,.T.);
#12721=ORIENTED_EDGE('',*,*,#12709,.F.);
#12722=ORIENTED_EDGE('',*,*,#12720,.T.);
#12723=ORIENTED_EDGE('',*,*,#12575,.F.);
#12724=DIRECTION('',(0.9665399501839788,0.0,-0.25651612950914415));
#12725=AXIS2_PLACEMENT_3D('',#8938,#475,#12724);
#12726=PLANE('',#12725);
#12727=EDGE_LOOP('',(#12721,#12722,#12723));
#12728=FACE_BOUND('',#12727,.T.);
#12729=ADVANCED_FACE('',(#12728),#12726,.T.);
#12730=DIRECTION('',(0.0,-0.019604074934445596,-0.9998078216567244));
#12731=VECTOR('',#12730,1000.0);
#12732=LINE('',#8934,#12731);
#12733=EDGE_CURVE('',#8935,#9063,#12732,.T.);
#12734=ORIENTED_EDGE('',*,*,#11594,.F.);
#12735=ORIENTED_EDGE('',*,*,#12733,.T.);
#12736=ORIENTED_EDGE('',*,*,#12626,.F.);
#12737=DIRECTION('',(-1.0,0.0,-0.0));
#12738=AXIS2_PLACEMENT_3D('',#8938,#12737,#462);
#12739=PLANE('',#12738);
#12740=EDGE_LOOP('',(#12734,#12735,#12736));
#12741=FACE_BOUND('',#12740,.T.);
#12742=ADVANCED_FACE('',(#12741),#12739,.T.);
#12743=DIRECTION('',(0.0,0.0,-1.0));
#12744=VECTOR('',#12743,1000.0);
#12745=LINE('',#8934,#12744);
#12746=EDGE_CURVE('',#8935,#9075,#12745,.T.);
#12747=DIRECTION('',(0.0,-0.707106781186548,-0.707106781186547));
#12748=VECTOR('',#12747,1000.0);
#12749=LINE('',#9074,#12748);
#12750=EDGE_CURVE('',#9075,#9063,#12749,.T.);
#12751=ORIENTED_EDGE('',*,*,#12733,.F.);
#12752=ORIENTED_EDGE('',*,*,#12746,.T.);
#12753=ORIENTED_EDGE('',*,*,#12750,.T.);
#12754=DIRECTION('',(0.0,0.019604074934445596,0.9998078216567244));
#12755=AXIS2_PLACEMENT_3D('',#9062,#510,#12754);
#12756=PLANE('',#12755);
#12757=EDGE_LOOP('',(#12751,#12752,#12753));
#12758=FACE_BOUND('',#12757,.T.);
#12759=ADVANCED_FACE('',(#12758),#12756,.T.);
#12760=DIRECTION('',(0.0,0.9992611746313141,-0.03843312210120437));
#12761=VECTOR('',#12760,1000.0);
#12762=LINE('',#9074,#12761);
#12763=EDGE_CURVE('',#9075,#8985,#12762,.T.);
#12764=LINE('',#8984,#476);
#12765=EDGE_CURVE('',#8985,#9063,#12764,.T.);
#12766=ORIENTED_EDGE('',*,*,#12750,.F.);
#12767=ORIENTED_EDGE('',*,*,#12763,.T.);
#12768=ORIENTED_EDGE('',*,*,#12765,.T.);
#12769=DIRECTION('',(0.0,0.707106781186548,0.707106781186547));
#12770=AXIS2_PLACEMENT_3D('',#9062,#510,#12769);
#12771=PLANE('',#12770);
#12772=EDGE_LOOP('',(#12766,#12767,#12768));
#12773=FACE_BOUND('',#12772,.T.);
#12774=ADVANCED_FACE('',(#12773),#12771,.T.);
#12775=LINE('',#9074,#463);
#12776=EDGE_CURVE('',#9075,#8953,#12775,.T.);
#12777=DIRECTION('',(0.0,0.7071067811865475,-0.7071067811865475));
#12778=VECTOR('',#12777,1000.0);
#12779=LINE('',#8952,#12778);
#12780=EDGE_CURVE('',#8953,#8985,#12779,.T.);
#12781=ORIENTED_EDGE('',*,*,#12763,.F.);
#12782=ORIENTED_EDGE('',*,*,#12776,.T.);
#12783=ORIENTED_EDGE('',*,*,#12780,.T.);
#12784=DIRECTION('',(0.0,-0.9992611746313141,0.03843312210120437));
#12785=AXIS2_PLACEMENT_3D('',#8984,#510,#12784);
#12786=PLANE('',#12785);
#12787=EDGE_LOOP('',(#12781,#12782,#12783));
#12788=FACE_BOUND('',#12787,.T.);
#12789=ADVANCED_FACE('',(#12788),#12786,.T.);
#12790=ORIENTED_EDGE('',*,*,#12780,.F.);
#12791=ORIENTED_EDGE('',*,*,#12337,.F.);
#12792=ORIENTED_EDGE('',*,*,#11970,.F.);
#12793=DIRECTION('',(0.0,-0.7071067811865475,0.7071067811865475));
#12794=AXIS2_PLACEMENT_3D('',#8984,#510,#12793);
#12795=PLANE('',#12794);
#12796=EDGE_LOOP('',(#12790,#12791,#12792));
#12797=FACE_BOUND('',#12796,.T.);
#12798=ADVANCED_FACE('',(#12797),#12795,.T.);
#12799=DIRECTION('',(-0.13685358235820677,0.0,-0.9905912865535036));
#12800=VECTOR('',#12799,1000.0);
#12801=LINE('',#9076,#12800);
#12802=EDGE_CURVE('',#9077,#9079,#12801,.T.);
#12803=LINE('',#9078,#511);
#12804=EDGE_CURVE('',#9079,#9075,#12803,.T.);
#12805=DIRECTION('',(0.9991307073473465,0.0,0.041687283859602756));
#12806=VECTOR('',#12805,1000.0);
#12807=LINE('',#9074,#12806);
#12808=EDGE_CURVE('',#9075,#9077,#12807,.T.);
#12809=ORIENTED_EDGE('',*,*,#12802,.T.);
#12810=ORIENTED_EDGE('',*,*,#12804,.T.);
#12811=ORIENTED_EDGE('',*,*,#12808,.T.);
#12812=AXIS2_PLACEMENT_3D('',#9076,#462,#12799);
#12813=PLANE('',#12812);
#12814=EDGE_LOOP('',(#12809,#12810,#12811));
#12815=FACE_BOUND('',#12814,.T.);
#12816=ADVANCED_FACE('',(#12815),#12813,.T.);
#12817=DIRECTION('',(0.4692692095580158,0.0,-0.883055156239289));
#12818=VECTOR('',#12817,1000.0);
#12819=LINE('',#8934,#12818);
#12820=EDGE_CURVE('',#8935,#9081,#12819,.T.);
#12821=DIRECTION('',(-0.8191591449871488,0.0,-0.5735662953695267));
#12822=VECTOR('',#12821,1000.0);
#12823=LINE('',#9080,#12822);
#12824=EDGE_CURVE('',#9081,#9083,#12823,.T.);
#12825=DIRECTION('',(-0.43726426148432235,0.0,0.8993330671272853));
#12826=VECTOR('',#12825,1000.0);
#12827=LINE('',#9082,#12826);
#12828=EDGE_CURVE('',#9083,#8935,#12827,.T.);
#12829=ORIENTED_EDGE('',*,*,#12820,.T.);
#12830=ORIENTED_EDGE('',*,*,#12824,.T.);
#12831=ORIENTED_EDGE('',*,*,#12828,.T.);
#12832=AXIS2_PLACEMENT_3D('',#8934,#462,#12817);
#12833=PLANE('',#12832);
#12834=EDGE_LOOP('',(#12829,#12830,#12831));
#12835=FACE_BOUND('',#12834,.T.);
#12836=ADVANCED_FACE('',(#12835),#12833,.T.);
#12837=DIRECTION('',(0.08714204243959062,0.0,-0.9961958966184595));
#12838=VECTOR('',#12837,1000.0);
#12839=LINE('',#8932,#12838);
#12840=EDGE_CURVE('',#8933,#9085,#12839,.T.);
#12841=DIRECTION('',(-0.9951960512004983,0.0,0.0979020922908957));
#12842=VECTOR('',#12841,1000.0);
#12843=LINE('',#9084,#12842);
#12844=EDGE_CURVE('',#9085,#8935,#12843,.T.);
#12845=ORIENTED_EDGE('',*,*,#11578,.F.);
#12846=ORIENTED_EDGE('',*,*,#12840,.T.);
#12847=ORIENTED_EDGE('',*,*,#12844,.T.);
#12848=AXIS2_PLACEMENT_3D('',#8934,#8069,#12);
#12849=PLANE('',#12848);
#12850=EDGE_LOOP('',(#12845,#12846,#12847));
#12851=FACE_BOUND('',#12850,.T.);
#12852=ADVANCED_FACE('',(#12851),#12849,.T.);
#12853=DIRECTION('',(-0.047900729581762065,0.0,-0.9988521012169594));
#12854=VECTOR('',#12853,1000.0);
#12855=LINE('',#9086,#12854);
#12856=EDGE_CURVE('',#9087,#9081,#12855,.T.);
#12857=LINE('',#9080,#1194);
#12858=EDGE_CURVE('',#9081,#9089,#12857,.T.);
#12859=DIRECTION('',(0.9063128053668551,0.0,-0.4226074997300225));
#12860=VECTOR('',#12859,1000.0);
#12861=LINE('',#9088,#12860);
#12862=EDGE_CURVE('',#9089,#9087,#12861,.T.);
#12863=ORIENTED_EDGE('',*,*,#12856,.T.);
#12864=ORIENTED_EDGE('',*,*,#12858,.T.);
#12865=ORIENTED_EDGE('',*,*,#12862,.T.);
#12866=DIRECTION('',(0.0,1.0,-0.0));
#12867=AXIS2_PLACEMENT_3D('',#9086,#12866,#12853);
#12868=PLANE('',#12867);
#12869=EDGE_LOOP('',(#12863,#12864,#12865));
#12870=FACE_BOUND('',#12869,.T.);
#12871=ADVANCED_FACE('',(#12870),#12868,.T.);
#12872=VECTOR('',#11826,1000.0);
#12873=LINE('',#9080,#12872);
#12874=EDGE_CURVE('',#9081,#9091,#12873,.T.);
#12875=DIRECTION('',(0.8191591449871467,0.0,-0.5735662953695301));
#12876=VECTOR('',#12875,1000.0);
#12877=LINE('',#9090,#12876);
#12878=EDGE_CURVE('',#9091,#9089,#12877,.T.);
#12879=ORIENTED_EDGE('',*,*,#12858,.F.);
#12880=ORIENTED_EDGE('',*,*,#12874,.T.);
#12881=ORIENTED_EDGE('',*,*,#12878,.T.);
#12882=DIRECTION('',(0.0,0.0,-1.0));
#12883=AXIS2_PLACEMENT_3D('',#9088,#462,#12882);
#12884=PLANE('',#12883);
#12885=EDGE_LOOP('',(#12879,#12880,#12881));
#12886=FACE_BOUND('',#12885,.T.);
#12887=ADVANCED_FACE('',(#12886),#12884,.T.);
#12888=DIRECTION('',(0.25882115655168836,0.0,-0.9659252605254955));
#12889=VECTOR('',#12888,1000.0);
#12890=LINE('',#9084,#12889);
#12891=EDGE_CURVE('',#9085,#9093,#12890,.T.);
#12892=DIRECTION('',(-0.9826168247657927,0.0,0.18564529535431654));
#12893=VECTOR('',#12892,1000.0);
#12894=LINE('',#9092,#12893);
#12895=EDGE_CURVE('',#9093,#8935,#12894,.T.);
#12896=ORIENTED_EDGE('',*,*,#12891,.T.);
#12897=ORIENTED_EDGE('',*,*,#12895,.T.);
#12898=ORIENTED_EDGE('',*,*,#12844,.F.);
#12899=DIRECTION('',(0.25882115655168836,0.0,-0.9659252605254955));
#12900=AXIS2_PLACEMENT_3D('',#9084,#462,#12899);
#12901=PLANE('',#12900);
#12902=EDGE_LOOP('',(#12896,#12897,#12898));
#12903=FACE_BOUND('',#12902,.T.);
#12904=ADVANCED_FACE('',(#12903),#12901,.T.);
#12905=DIRECTION('',(0.42263106076404944,0.0,-0.9063018186440179));
#12906=VECTOR('',#12905,1000.0);
#12907=LINE('',#9092,#12906);
#12908=EDGE_CURVE('',#9093,#9095,#12907,.T.);
#12909=LINE('',#9094,#12707);
#12910=EDGE_CURVE('',#9095,#8935,#12909,.T.);
#12911=ORIENTED_EDGE('',*,*,#12895,.F.);
#12912=ORIENTED_EDGE('',*,*,#12908,.T.);
#12913=ORIENTED_EDGE('',*,*,#12910,.T.);
#12914=AXIS2_PLACEMENT_3D('',#8934,#462,#12572);
#12915=PLANE('',#12914);
#12916=EDGE_LOOP('',(#12911,#12912,#12913));
#12917=FACE_BOUND('',#12916,.T.);
#12918=ADVANCED_FACE('',(#12917),#12915,.T.);
#12919=DIRECTION('',(0.09755796539450756,0.0,-0.9952298445023059));
#12920=VECTOR('',#12919,1000.0);
#12921=LINE('',#9094,#12920);
#12922=EDGE_CURVE('',#9095,#9081,#12921,.T.);
#12923=ORIENTED_EDGE('',*,*,#12910,.F.);
#12924=ORIENTED_EDGE('',*,*,#12922,.T.);
#12925=ORIENTED_EDGE('',*,*,#12820,.F.);
#12926=AXIS2_PLACEMENT_3D('',#8934,#462,#12724);
#12927=PLANE('',#12926);
#12928=EDGE_LOOP('',(#12923,#12924,#12925));
#12929=FACE_BOUND('',#12928,.T.);
#12930=ADVANCED_FACE('',(#12929),#12927,.T.);
#12931=DIRECTION('',(0.5735797725829153,0.0,-0.8191497082241628));
#12932=VECTOR('',#12931,1000.0);
#12933=LINE('',#9094,#12932);
#12934=EDGE_CURVE('',#9095,#9097,#12933,.T.);
#12935=DIRECTION('',(0.07388022672227568,0.0,-0.9972671217379349));
#12936=VECTOR('',#12935,1000.0);
#12937=LINE('',#9096,#12936);
#12938=EDGE_CURVE('',#9097,#9081,#12937,.T.);
#12939=ORIENTED_EDGE('',*,*,#12922,.F.);
#12940=ORIENTED_EDGE('',*,*,#12934,.T.);
#12941=ORIENTED_EDGE('',*,*,#12938,.T.);
#12942=DIRECTION('',(-0.0,1.0,-0.0));
#12943=DIRECTION('',(-0.09755796539450756,0.0,0.9952298445023059));
#12944=AXIS2_PLACEMENT_3D('',#9080,#12942,#12943);
#12945=PLANE('',#12944);
#12946=EDGE_LOOP('',(#12939,#12940,#12941));
#12947=FACE_BOUND('',#12946,.T.);
#12948=ADVANCED_FACE('',(#12947),#12945,.T.);
#12949=DIRECTION('',(0.7070924389771077,0.0,-0.7071211231050911));
#12950=VECTOR('',#12949,1000.0);
#12951=LINE('',#9096,#12950);
#12952=EDGE_CURVE('',#9097,#9091,#12951,.T.);
#12953=ORIENTED_EDGE('',*,*,#12938,.F.);
#12954=ORIENTED_EDGE('',*,*,#12952,.T.);
#12955=ORIENTED_EDGE('',*,*,#12874,.F.);
#12956=DIRECTION('',(-0.0,1.0,-0.0));
#12957=DIRECTION('',(-0.07388022672227568,0.0,0.9972671217379349));
#12958=AXIS2_PLACEMENT_3D('',#9080,#12956,#12957);
#12959=PLANE('',#12958);
#12960=EDGE_LOOP('',(#12953,#12954,#12955));
#12961=FACE_BOUND('',#12960,.T.);
#12962=ADVANCED_FACE('',(#12961),#12959,.T.);
#12963=DIRECTION('',(-0.7071067811865468,0.0,-0.7071067811865483));
#12964=VECTOR('',#12963,1000.0);
#12965=LINE('',#9082,#12964);
#12966=EDGE_CURVE('',#9083,#9099,#12965,.T.);
#12967=DIRECTION('',(-0.4066472202215556,0.0,0.9135852660184935));
#12968=VECTOR('',#12967,1000.0);
#12969=LINE('',#9098,#12968);
#12970=EDGE_CURVE('',#9099,#8935,#12969,.T.);
#12971=ORIENTED_EDGE('',*,*,#12966,.T.);
#12972=ORIENTED_EDGE('',*,*,#12970,.T.);
#12973=ORIENTED_EDGE('',*,*,#12828,.F.);
#12974=DIRECTION('',(-0.7071067811865468,0.0,-0.7071067811865483));
#12975=AXIS2_PLACEMENT_3D('',#9082,#462,#12974);
#12976=PLANE('',#12975);
#12977=EDGE_LOOP('',(#12971,#12972,#12973));
#12978=FACE_BOUND('',#12977,.T.);
#12979=ADVANCED_FACE('',(#12978),#12976,.T.);
#12980=DIRECTION('',(-0.5735662953695273,0.0,-0.8191591449871486));
#12981=VECTOR('',#12980,1000.0);
#12982=LINE('',#9098,#12981);
#12983=EDGE_CURVE('',#9099,#9101,#12982,.T.);
#12984=LINE('',#9100,#870);
#12985=EDGE_CURVE('',#9101,#8935,#12984,.T.);
#12986=ORIENTED_EDGE('',*,*,#12970,.F.);
#12987=ORIENTED_EDGE('',*,*,#12983,.T.);
#12988=ORIENTED_EDGE('',*,*,#12985,.T.);
#12989=AXIS2_PLACEMENT_3D('',#8934,#462,#12468);
#12990=PLANE('',#12989);
#12991=EDGE_LOOP('',(#12986,#12987,#12988));
#12992=FACE_BOUND('',#12991,.T.);
#12993=ADVANCED_FACE('',(#12992),#12990,.T.);
#12994=DIRECTION('',(-0.9781952235494902,0.0,-0.2076875167769191));
#12995=VECTOR('',#12994,1000.0);
#12996=LINE('',#9100,#12995);
#12997=EDGE_CURVE('',#9101,#9075,#12996,.T.);
#12998=ORIENTED_EDGE('',*,*,#12985,.F.);
#12999=ORIENTED_EDGE('',*,*,#12997,.T.);
#13000=ORIENTED_EDGE('',*,*,#12746,.F.);
#13001=AXIS2_PLACEMENT_3D('',#8934,#462,#890);
#13002=PLANE('',#13001);
#13003=EDGE_LOOP('',(#12998,#12999,#13000));
#13004=FACE_BOUND('',#13003,.T.);
#13005=ADVANCED_FACE('',(#13004),#13002,.T.);
#13006=DIRECTION('',(-0.4226310607640513,0.0,-0.9063018186440172));
#13007=VECTOR('',#13006,1000.0);
#13008=LINE('',#9100,#13007);
#13009=EDGE_CURVE('',#9101,#9103,#13008,.T.);
#13010=DIRECTION('',(-0.9911815036360413,0.0,-0.1325112329193118));
#13011=VECTOR('',#13010,1000.0);
#13012=LINE('',#9102,#13011);
#13013=EDGE_CURVE('',#9103,#9075,#13012,.T.);
#13014=ORIENTED_EDGE('',*,*,#12997,.F.);
#13015=ORIENTED_EDGE('',*,*,#13009,.T.);
#13016=ORIENTED_EDGE('',*,*,#13013,.T.);
#13017=DIRECTION('',(0.9781952235494902,0.0,0.2076875167769191));
#13018=AXIS2_PLACEMENT_3D('',#9074,#8069,#13017);
#13019=PLANE('',#13018);
#13020=EDGE_LOOP('',(#13014,#13015,#13016));
#13021=FACE_BOUND('',#13020,.T.);
#13022=ADVANCED_FACE('',(#13021),#13019,.T.);
#13023=DIRECTION('',(-0.25882115655168836,0.0,-0.9659252605254955));
#13024=VECTOR('',#13023,1000.0);
#13025=LINE('',#9102,#13024);
#13026=EDGE_CURVE('',#9103,#9077,#13025,.T.);
#13027=ORIENTED_EDGE('',*,*,#13013,.F.);
#13028=ORIENTED_EDGE('',*,*,#13026,.T.);
#13029=ORIENTED_EDGE('',*,*,#12808,.F.);
#13030=DIRECTION('',(0.9911815036360413,0.0,0.1325112329193118));
#13031=AXIS2_PLACEMENT_3D('',#9074,#8069,#13030);
#13032=PLANE('',#13031);
#13033=EDGE_LOOP('',(#13027,#13028,#13029));
#13034=FACE_BOUND('',#13033,.T.);
#13035=ADVANCED_FACE('',(#13034),#13032,.T.);
#13036=DIRECTION('',(-0.023597645406290557,0.0,0.9997215367947611));
#13037=VECTOR('',#13036,1000.0);
#13038=LINE('',#9032,#13037);
#13039=EDGE_CURVE('',#9033,#9105,#13038,.T.);
#13040=DIRECTION('',(0.9905912865535037,0.0,-0.13685358235820577));
#13041=VECTOR('',#13040,1000.0);
#13042=LINE('',#9104,#13041);
#13043=EDGE_CURVE('',#9105,#9031,#13042,.T.);
#13044=ORIENTED_EDGE('',*,*,#12380,.F.);
#13045=ORIENTED_EDGE('',*,*,#13039,.T.);
#13046=ORIENTED_EDGE('',*,*,#13043,.T.);
#13047=DIRECTION('',(0.0,0.0,-1.0));
#13048=AXIS2_PLACEMENT_3D('',#9030,#462,#13047);
#13049=PLANE('',#13048);
#13050=EDGE_LOOP('',(#13044,#13045,#13046));
#13051=FACE_BOUND('',#13050,.T.);
#13052=ADVANCED_FACE('',(#13051),#13049,.T.);
#13053=DIRECTION('',(-0.9905912865535037,0.0,-0.13685358235820577));
#13054=VECTOR('',#13053,1000.0);
#13055=LINE('',#9032,#13054);
#13056=EDGE_CURVE('',#9033,#9107,#13055,.T.);
#13057=LINE('',#9106,#1194);
#13058=EDGE_CURVE('',#9107,#9105,#13057,.T.);
#13059=ORIENTED_EDGE('',*,*,#13039,.F.);
#13060=ORIENTED_EDGE('',*,*,#13056,.T.);
#13061=ORIENTED_EDGE('',*,*,#13058,.T.);
#13062=DIRECTION('',(0.023597645406290557,0.0,-0.9997215367947611));
#13063=AXIS2_PLACEMENT_3D('',#9104,#462,#13062);
#13064=PLANE('',#13063);
#13065=EDGE_LOOP('',(#13059,#13060,#13061));
#13066=FACE_BOUND('',#13065,.T.);
#13067=ADVANCED_FACE('',(#13066),#13064,.T.);
#13068=LINE('',#9106,#11912);
#13069=EDGE_CURVE('',#9107,#9087,#13068,.T.);
#13070=DIRECTION('',(0.9659180890033782,0.0,-0.258847919319553));
#13071=VECTOR('',#13070,1000.0);
#13072=LINE('',#9086,#13071);
#13073=EDGE_CURVE('',#9087,#9105,#13072,.T.);
#13074=ORIENTED_EDGE('',*,*,#13058,.F.);
#13075=ORIENTED_EDGE('',*,*,#13069,.T.);
#13076=ORIENTED_EDGE('',*,*,#13073,.T.);
#13077=DIRECTION('',(0.0,0.0,-1.0));
#13078=AXIS2_PLACEMENT_3D('',#9104,#462,#13077);
#13079=PLANE('',#13078);
#13080=EDGE_LOOP('',(#13074,#13075,#13076));
#13081=FACE_BOUND('',#13080,.T.);
#13082=ADVANCED_FACE('',(#13081),#13079,.T.);
#13083=DIRECTION('',(-0.9659252605254955,0.0,-0.25882115655168836));
#13084=VECTOR('',#13083,1000.0);
#13085=LINE('',#9106,#13084);
#13086=EDGE_CURVE('',#9107,#9109,#13085,.T.);
#13087=LINE('',#9108,#1194);
#13088=EDGE_CURVE('',#9109,#9087,#13087,.T.);
#13089=ORIENTED_EDGE('',*,*,#13069,.F.);
#13090=ORIENTED_EDGE('',*,*,#13086,.T.);
#13091=ORIENTED_EDGE('',*,*,#13088,.T.);
#13092=AXIS2_PLACEMENT_3D('',#9086,#462,#11933);
#13093=PLANE('',#13092);
#13094=EDGE_LOOP('',(#13089,#13090,#13091));
#13095=FACE_BOUND('',#13094,.T.);
#13096=ADVANCED_FACE('',(#13095),#13093,.T.);
#13097=DIRECTION('',(-0.9063018186440168,0.0,-0.4226310607640519));
#13098=VECTOR('',#13097,1000.0);
#13099=LINE('',#9108,#13098);
#13100=EDGE_CURVE('',#9109,#9081,#13099,.T.);
#13101=ORIENTED_EDGE('',*,*,#13088,.F.);
#13102=ORIENTED_EDGE('',*,*,#13100,.T.);
#13103=ORIENTED_EDGE('',*,*,#12856,.F.);
#13104=DIRECTION('',(0.0,0.0,-1.0));
#13105=AXIS2_PLACEMENT_3D('',#9086,#462,#13104);
#13106=PLANE('',#13105);
#13107=EDGE_LOOP('',(#13101,#13102,#13103));
#13108=FACE_BOUND('',#13107,.T.);
#13109=ADVANCED_FACE('',(#13108),#13106,.T.);
#13110=DIRECTION('',(0.0,0.01999600119960013,-0.9998000599800071));
#13111=VECTOR('',#13110,1000.0);
#13112=LINE('',#8884,#13111);
#13113=EDGE_CURVE('',#8885,#9003,#13112,.T.);
#13114=ORIENTED_EDGE('',*,*,#13113,.T.);
#13115=ORIENTED_EDGE('',*,*,#12322,.F.);
#13116=AXIS2_PLACEMENT_3D('',#8886,#510,#11);
#13117=PLANE('',#13116);
#13118=EDGE_LOOP('',(#10384,#13114,#13115));
#13119=FACE_BOUND('',#13118,.T.);
#13120=ADVANCED_FACE('',(#13119),#13117,.T.);
#13121=ORIENTED_EDGE('',*,*,#13113,.F.);
#13122=ORIENTED_EDGE('',*,*,#12363,.F.);
#13123=ORIENTED_EDGE('',*,*,#12062,.F.);
#13124=DIRECTION('',(0.0,-0.01999600119960013,0.9998000599800071));
#13125=AXIS2_PLACEMENT_3D('',#9002,#510,#13124);
#13126=PLANE('',#13125);
#13127=EDGE_LOOP('',(#13121,#13122,#13123));
#13128=FACE_BOUND('',#13127,.T.);
#13129=ADVANCED_FACE('',(#13128),#13126,.T.);
#13130=DIRECTION('',(0.5745637252650518,0.8184598497235805,0.0));
#13131=VECTOR('',#13130,1000.0);
#13132=LINE('',#9074,#13131);
#13133=EDGE_CURVE('',#9075,#8955,#13132,.T.);
#13134=ORIENTED_EDGE('',*,*,#12776,.F.);
#13135=ORIENTED_EDGE('',*,*,#13133,.T.);
#13136=ORIENTED_EDGE('',*,*,#11712,.F.);
#13137=AXIS2_PLACEMENT_3D('',#8952,#7915,#475);
#13138=PLANE('',#13137);
#13139=EDGE_LOOP('',(#13134,#13135,#13136));
#13140=FACE_BOUND('',#13139,.T.);
#13141=ADVANCED_FACE('',(#13140),#13138,.T.);
#13142=LINE('',#9078,#463);
#13143=EDGE_CURVE('',#9079,#8955,#13142,.T.);
#13144=ORIENTED_EDGE('',*,*,#13133,.F.);
#13145=ORIENTED_EDGE('',*,*,#12804,.F.);
#13146=ORIENTED_EDGE('',*,*,#13143,.T.);
#13147=DIRECTION('',(-0.5745637252650518,-0.8184598497235805,0.0));
#13148=AXIS2_PLACEMENT_3D('',#8954,#7915,#13147);
#13149=PLANE('',#13148);
#13150=EDGE_LOOP('',(#13144,#13145,#13146));
#13151=FACE_BOUND('',#13150,.T.);
#13152=ADVANCED_FACE('',(#13151),#13149,.T.);
#13153=DIRECTION('',(0.5438954542495685,0.8391529865564775,0.0));
#13154=VECTOR('',#13153,1000.0);
#13155=LINE('',#9062,#13154);
#13156=EDGE_CURVE('',#9063,#8983,#13155,.T.);
#13157=LINE('',#8982,#476);
#13158=EDGE_CURVE('',#8983,#9059,#13157,.T.);
#13159=ORIENTED_EDGE('',*,*,#12595,.F.);
#13160=ORIENTED_EDGE('',*,*,#13156,.T.);
#13161=ORIENTED_EDGE('',*,*,#13158,.T.);
#13162=DIRECTION('',(0.0,0.0,-1.0));
#13163=AXIS2_PLACEMENT_3D('',#9058,#13162,#510);
#13164=PLANE('',#13163);
#13165=EDGE_LOOP('',(#13159,#13160,#13161));
#13166=FACE_BOUND('',#13165,.T.);
#13167=ADVANCED_FACE('',(#13166),#13164,.T.);
#13168=ORIENTED_EDGE('',*,*,#13156,.F.);
#13169=ORIENTED_EDGE('',*,*,#12765,.F.);
#13170=ORIENTED_EDGE('',*,*,#11953,.F.);
#13171=DIRECTION('',(-0.0,0.0,-1.0));
#13172=DIRECTION('',(-0.5438954542495685,-0.8391529865564775,0.0));
#13173=AXIS2_PLACEMENT_3D('',#8982,#13171,#13172);
#13174=PLANE('',#13173);
#13175=EDGE_LOOP('',(#13168,#13169,#13170));
#13176=FACE_BOUND('',#13175,.T.);
#13177=ADVANCED_FACE('',(#13176),#13174,.T.);
#13178=LINE('',#8972,#463);
#13179=EDGE_CURVE('',#8973,#9009,#13178,.T.);
#13180=DIRECTION('',(0.5910402315918097,-0.8024986172325922,0.08165423430341666));
#13181=VECTOR('',#13180,1000.0);
#13182=LINE('',#9008,#13181);
#13183=EDGE_CURVE('',#9009,#8975,#13182,.T.);
#13184=ORIENTED_EDGE('',*,*,#13179,.T.);
#13185=ORIENTED_EDGE('',*,*,#13183,.T.);
#13186=ORIENTED_EDGE('',*,*,#11878,.F.);
#13187=DIRECTION('',(0.1368535823582058,0.0,-0.9905912865535038));
#13188=AXIS2_PLACEMENT_3D('',#8972,#13187,#462);
#13189=PLANE('',#13188);
#13190=EDGE_LOOP('',(#13184,#13185,#13186));
#13191=FACE_BOUND('',#13190,.T.);
#13192=ADVANCED_FACE('',(#13191),#13189,.T.);
#13193=DIRECTION('',(-0.7066626026961158,-0.7066626026961148,-0.035439129525209334));
#13194=VECTOR('',#13193,1000.0);
#13195=LINE('',#9006,#13194);
#13196=EDGE_CURVE('',#9007,#8975,#13195,.T.);
#13197=ORIENTED_EDGE('',*,*,#13183,.F.);
#13198=ORIENTED_EDGE('',*,*,#12092,.F.);
#13199=ORIENTED_EDGE('',*,*,#13196,.T.);
#13200=DIRECTION('',(0.0870818651945005,-0.03715714107107115,-0.9955079585928339));
#13201=DIRECTION('',(-0.5910402315918097,0.8024986172325922,-0.08165423430341666));
#13202=AXIS2_PLACEMENT_3D('',#8974,#13200,#13201);
#13203=PLANE('',#13202);
#13204=EDGE_LOOP('',(#13197,#13198,#13199));
#13205=FACE_BOUND('',#13204,.T.);
#13206=ADVANCED_FACE('',(#13205),#13203,.T.);
#13207=DIRECTION('',(-0.038433050712801536,-0.9992593185328391,-0.0019274174932469494));
#13208=VECTOR('',#13207,1000.0);
#13209=LINE('',#9006,#13208);
#13210=EDGE_CURVE('',#9007,#9033,#13209,.T.);
#13211=ORIENTED_EDGE('',*,*,#13196,.F.);
#13212=ORIENTED_EDGE('',*,*,#13210,.T.);
#13213=ORIENTED_EDGE('',*,*,#12391,.F.);
#13214=DIRECTION('',(0.050087054517935804,0.0,-0.9987448557913665));
#13215=DIRECTION('',(0.7066626026961158,0.7066626026961148,0.035439129525209334));
#13216=AXIS2_PLACEMENT_3D('',#8974,#13214,#13215);
#13217=PLANE('',#13216);
#13218=EDGE_LOOP('',(#13211,#13212,#13213));
#13219=FACE_BOUND('',#13218,.T.);
#13220=ADVANCED_FACE('',(#13219),#13217,.T.);
#13221=DIRECTION('',(-0.7066626026961152,0.7066626026961152,-0.035439129525209306));
#13222=VECTOR('',#13221,1000.0);
#13223=LINE('',#9034,#13222);
#13224=EDGE_CURVE('',#9035,#9033,#13223,.T.);
#13225=ORIENTED_EDGE('',*,*,#13210,.F.);
#13226=ORIENTED_EDGE('',*,*,#12406,.F.);
#13227=ORIENTED_EDGE('',*,*,#13224,.T.);
#13228=DIRECTION('',(0.038433050712801536,0.9992593185328391,0.0019274174932469494));
#13229=AXIS2_PLACEMENT_3D('',#9032,#13214,#13228);
#13230=PLANE('',#13229);
#13231=EDGE_LOOP('',(#13225,#13226,#13227));
#13232=FACE_BOUND('',#13231,.T.);
#13233=ADVANCED_FACE('',(#13232),#13230,.T.);
#13234=DIRECTION('',(-0.8641008432499339,0.49761062093287123,-0.0755870533197027));
#13235=VECTOR('',#13234,1000.0);
#13236=LINE('',#9034,#13235);
#13237=EDGE_CURVE('',#9035,#9107,#13236,.T.);
#13238=ORIENTED_EDGE('',*,*,#13224,.F.);
#13239=ORIENTED_EDGE('',*,*,#13237,.T.);
#13240=ORIENTED_EDGE('',*,*,#13056,.F.);
#13241=DIRECTION('',(0.1363365144178454,0.0868460582029327,-0.9868485785625906));
#13242=DIRECTION('',(0.7066626026961152,-0.7066626026961152,0.035439129525209306));
#13243=AXIS2_PLACEMENT_3D('',#9032,#13241,#13242);
#13244=PLANE('',#13243);
#13245=EDGE_LOOP('',(#13238,#13239,#13240));
#13246=FACE_BOUND('',#13245,.T.);
#13247=ADVANCED_FACE('',(#13246),#13244,.T.);
#13248=LINE('',#9046,#463);
#13249=EDGE_CURVE('',#9047,#9107,#13248,.T.);
#13250=ORIENTED_EDGE('',*,*,#13237,.F.);
#13251=ORIENTED_EDGE('',*,*,#12489,.F.);
#13252=ORIENTED_EDGE('',*,*,#13249,.T.);
#13253=DIRECTION('',(0.08714204243958691,0.0,-0.99619589661846));
#13254=DIRECTION('',(0.8641008432499339,-0.49761062093287123,0.0755870533197027));
#13255=AXIS2_PLACEMENT_3D('',#9106,#13253,#13254);
#13256=PLANE('',#13255);
#13257=EDGE_LOOP('',(#13250,#13251,#13252));
#13258=FACE_BOUND('',#13257,.T.);
#13259=ADVANCED_FACE('',(#13258),#13256,.T.);
#13260=DIRECTION('',(-0.8378398494395101,0.49761825113708574,-0.2245004740004961));
#13261=VECTOR('',#13260,1000.0);
#13262=LINE('',#9046,#13261);
#13263=EDGE_CURVE('',#9047,#9109,#13262,.T.);
#13264=ORIENTED_EDGE('',*,*,#13249,.F.);
#13265=ORIENTED_EDGE('',*,*,#13263,.T.);
#13266=ORIENTED_EDGE('',*,*,#13086,.F.);
#13267=DIRECTION('',(0.2588211565516884,0.0,-0.9659252605254955));
#13268=AXIS2_PLACEMENT_3D('',#9106,#13267,#475);
#13269=PLANE('',#13268);
#13270=EDGE_LOOP('',(#13264,#13265,#13266));
#13271=FACE_BOUND('',#13270,.T.);
#13272=ADVANCED_FACE('',(#13271),#13269,.T.);
#13273=LINE('',#9052,#463);
#13274=EDGE_CURVE('',#9053,#9109,#13273,.T.);
#13275=ORIENTED_EDGE('',*,*,#13263,.F.);
#13276=ORIENTED_EDGE('',*,*,#12533,.F.);
#13277=ORIENTED_EDGE('',*,*,#13274,.T.);
#13278=DIRECTION('',(0.2588211565516884,0.0,-0.9659252605254955));
#13279=DIRECTION('',(0.8378398494395101,-0.49761825113708574,0.2245004740004961));
#13280=AXIS2_PLACEMENT_3D('',#9108,#13278,#13279);
#13281=PLANE('',#13280);
#13282=EDGE_LOOP('',(#13275,#13276,#13277));
#13283=FACE_BOUND('',#13282,.T.);
#13284=ADVANCED_FACE('',(#13283),#13281,.T.);
#13285=DIRECTION('',(-0.7861263227548836,0.4976112943124986,-0.36659024052001804));
#13286=VECTOR('',#13285,1000.0);
#13287=LINE('',#9052,#13286);
#13288=EDGE_CURVE('',#9053,#9081,#13287,.T.);
#13289=ORIENTED_EDGE('',*,*,#13274,.F.);
#13290=ORIENTED_EDGE('',*,*,#13288,.T.);
#13291=ORIENTED_EDGE('',*,*,#13100,.F.);
#13292=DIRECTION('',(0.4226310607640519,0.0,-0.9063018186440167));
#13293=AXIS2_PLACEMENT_3D('',#9108,#13292,#475);
#13294=PLANE('',#13293);
#13295=EDGE_LOOP('',(#13289,#13290,#13291));
#13296=FACE_BOUND('',#13295,.T.);
#13297=ADVANCED_FACE('',(#13296),#13294,.T.);
#13298=LINE('',#9040,#463);
#13299=EDGE_CURVE('',#9041,#9081,#13298,.T.);
#13300=ORIENTED_EDGE('',*,*,#13288,.F.);
#13301=ORIENTED_EDGE('',*,*,#12519,.F.);
#13302=ORIENTED_EDGE('',*,*,#13299,.T.);
#13303=DIRECTION('',(0.4226310607640519,0.0,-0.9063018186440167));
#13304=DIRECTION('',(0.7861263227548836,-0.4976112943124986,0.36659024052001804));
#13305=AXIS2_PLACEMENT_3D('',#9080,#13303,#13304);
#13306=PLANE('',#13305);
#13307=EDGE_LOOP('',(#13300,#13301,#13302));
#13308=FACE_BOUND('',#13307,.T.);
#13309=ADVANCED_FACE('',(#13308),#13306,.T.);
#13310=DIRECTION('',(-0.7105388574918438,0.49761107745069144,-0.49751155523519985));
#13311=VECTOR('',#13310,1000.0);
#13312=LINE('',#9040,#13311);
#13313=EDGE_CURVE('',#9041,#9083,#13312,.T.);
#13314=ORIENTED_EDGE('',*,*,#13299,.F.);
#13315=ORIENTED_EDGE('',*,*,#13313,.T.);
#13316=ORIENTED_EDGE('',*,*,#12824,.F.);
#13317=DIRECTION('',(0.5735662953695269,0.0,-0.8191591449871489));
#13318=AXIS2_PLACEMENT_3D('',#9080,#13317,#475);
#13319=PLANE('',#13318);
#13320=EDGE_LOOP('',(#13314,#13315,#13316));
#13321=FACE_BOUND('',#13320,.T.);
#13322=ADVANCED_FACE('',(#13321),#13319,.T.);
#13323=LINE('',#9042,#463);
#13324=EDGE_CURVE('',#9043,#9083,#13323,.T.);
#13325=ORIENTED_EDGE('',*,*,#13313,.F.);
#13326=ORIENTED_EDGE('',*,*,#12458,.F.);
#13327=ORIENTED_EDGE('',*,*,#13324,.T.);
#13328=DIRECTION('',(0.5735662953695269,0.0,-0.8191591449871489));
#13329=DIRECTION('',(0.7105388574918438,-0.49761107745069144,0.49751155523519985));
#13330=AXIS2_PLACEMENT_3D('',#9082,#13328,#13329);
#13331=PLANE('',#13330);
#13332=EDGE_LOOP('',(#13325,#13326,#13327));
#13333=FACE_BOUND('',#13332,.T.);
#13334=ADVANCED_FACE('',(#13333),#13331,.T.);
#13335=DIRECTION('',(-0.6133411226073019,0.49761966866034074,-0.6133411226073033));
#13336=VECTOR('',#13335,1000.0);
#13337=LINE('',#9042,#13336);
#13338=EDGE_CURVE('',#9043,#9099,#13337,.T.);
#13339=ORIENTED_EDGE('',*,*,#13324,.F.);
#13340=ORIENTED_EDGE('',*,*,#13338,.T.);
#13341=ORIENTED_EDGE('',*,*,#12966,.F.);
#13342=DIRECTION('',(0.7071067811865483,0.0,-0.7071067811865468));
#13343=AXIS2_PLACEMENT_3D('',#9082,#13342,#475);
#13344=PLANE('',#13343);
#13345=EDGE_LOOP('',(#13339,#13340,#13341));
#13346=FACE_BOUND('',#13345,.T.);
#13347=ADVANCED_FACE('',(#13346),#13344,.T.);
#13348=LINE('',#9044,#463);
#13349=EDGE_CURVE('',#9045,#9099,#13348,.T.);
#13350=ORIENTED_EDGE('',*,*,#13338,.F.);
#13351=ORIENTED_EDGE('',*,*,#12475,.F.);
#13352=ORIENTED_EDGE('',*,*,#13349,.T.);
#13353=DIRECTION('',(0.7071067811865483,0.0,-0.7071067811865468));
#13354=DIRECTION('',(0.6133411226073019,-0.49761966866034074,0.6133411226073033));
#13355=AXIS2_PLACEMENT_3D('',#9098,#13353,#13354);
#13356=PLANE('',#13355);
#13357=EDGE_LOOP('',(#13350,#13351,#13352));
#13358=FACE_BOUND('',#13357,.T.);
#13359=ADVANCED_FACE('',(#13358),#13356,.T.);
#13360=DIRECTION('',(-0.49751155523519974,0.4976110774506927,-0.7105388574918429));
#13361=VECTOR('',#13360,1000.0);
#13362=LINE('',#9044,#13361);
#13363=EDGE_CURVE('',#9045,#9101,#13362,.T.);
#13364=ORIENTED_EDGE('',*,*,#13349,.F.);
#13365=ORIENTED_EDGE('',*,*,#13363,.T.);
#13366=ORIENTED_EDGE('',*,*,#12983,.F.);
#13367=DIRECTION('',(0.8191591449871486,0.0,-0.5735662953695273));
#13368=AXIS2_PLACEMENT_3D('',#9098,#13367,#475);
#13369=PLANE('',#13368);
#13370=EDGE_LOOP('',(#13364,#13365,#13366));
#13371=FACE_BOUND('',#13370,.T.);
#13372=ADVANCED_FACE('',(#13371),#13369,.T.);
#13373=LINE('',#9066,#463);
#13374=EDGE_CURVE('',#9067,#9101,#13373,.T.);
#13375=ORIENTED_EDGE('',*,*,#13363,.F.);
#13376=ORIENTED_EDGE('',*,*,#12650,.F.);
#13377=ORIENTED_EDGE('',*,*,#13374,.T.);
#13378=DIRECTION('',(0.8191591449871486,0.0,-0.5735662953695273));
#13379=DIRECTION('',(0.49751155523519974,-0.4976110774506927,0.7105388574918429));
#13380=AXIS2_PLACEMENT_3D('',#9100,#13378,#13379);
#13381=PLANE('',#13380);
#13382=EDGE_LOOP('',(#13375,#13376,#13377));
#13383=FACE_BOUND('',#13382,.T.);
#13384=ADVANCED_FACE('',(#13383),#13381,.T.);
#13385=DIRECTION('',(-0.3665902405200176,0.497611294312498,-0.786126322754884));
#13386=VECTOR('',#13385,1000.0);
#13387=LINE('',#9066,#13386);
#13388=EDGE_CURVE('',#9067,#9103,#13387,.T.);
#13389=ORIENTED_EDGE('',*,*,#13374,.F.);
#13390=ORIENTED_EDGE('',*,*,#13388,.T.);
#13391=ORIENTED_EDGE('',*,*,#13009,.F.);
#13392=DIRECTION('',(0.906301818644017,0.0,-0.4226310607640513));
#13393=AXIS2_PLACEMENT_3D('',#9100,#13392,#475);
#13394=PLANE('',#13393);
#13395=EDGE_LOOP('',(#13389,#13390,#13391));
#13396=FACE_BOUND('',#13395,.T.);
#13397=ADVANCED_FACE('',(#13396),#13394,.T.);
#13398=LINE('',#9064,#463);
#13399=EDGE_CURVE('',#9065,#9103,#13398,.T.);
#13400=ORIENTED_EDGE('',*,*,#13388,.F.);
#13401=ORIENTED_EDGE('',*,*,#12637,.F.);
#13402=ORIENTED_EDGE('',*,*,#13399,.T.);
#13403=DIRECTION('',(0.906301818644017,0.0,-0.4226310607640513));
#13404=DIRECTION('',(0.3665902405200176,-0.497611294312498,0.786126322754884));
#13405=AXIS2_PLACEMENT_3D('',#9102,#13403,#13404);
#13406=PLANE('',#13405);
#13407=EDGE_LOOP('',(#13400,#13401,#13402));
#13408=FACE_BOUND('',#13407,.T.);
#13409=ADVANCED_FACE('',(#13408),#13406,.T.);
#13410=DIRECTION('',(-0.2245004740004961,0.49761825113708574,-0.8378398494395101));
#13411=VECTOR('',#13410,1000.0);
#13412=LINE('',#9064,#13411);
#13413=EDGE_CURVE('',#9065,#9077,#13412,.T.);
#13414=ORIENTED_EDGE('',*,*,#13399,.F.);
#13415=ORIENTED_EDGE('',*,*,#13413,.T.);
#13416=ORIENTED_EDGE('',*,*,#13026,.F.);
#13417=DIRECTION('',(0.9659252605254955,0.0,-0.2588211565516884));
#13418=AXIS2_PLACEMENT_3D('',#9102,#13417,#475);
#13419=PLANE('',#13418);
#13420=EDGE_LOOP('',(#13414,#13415,#13416));
#13421=FACE_BOUND('',#13420,.T.);
#13422=ADVANCED_FACE('',(#13421),#13419,.T.);
#13423=LINE('',#9060,#463);
#13424=EDGE_CURVE('',#9061,#9077,#13423,.T.);
#13425=ORIENTED_EDGE('',*,*,#13413,.F.);
#13426=ORIENTED_EDGE('',*,*,#12605,.F.);
#13427=ORIENTED_EDGE('',*,*,#13424,.T.);
#13428=DIRECTION('',(0.9659252605254955,0.0,-0.2588211565516884));
#13429=DIRECTION('',(0.2245004740004961,-0.49761825113708574,0.8378398494395101));
#13430=AXIS2_PLACEMENT_3D('',#9076,#13428,#13429);
#13431=PLANE('',#13430);
#13432=EDGE_LOOP('',(#13425,#13426,#13427));
#13433=FACE_BOUND('',#13432,.T.);
#13434=ADVANCED_FACE('',(#13433),#13431,.T.);
#13435=DIRECTION('',(-0.0816542343034168,0.8024986172325946,-0.5910402315918063));
#13436=VECTOR('',#13435,1000.0);
#13437=LINE('',#9060,#13436);
#13438=EDGE_CURVE('',#9061,#9079,#13437,.T.);
#13439=ORIENTED_EDGE('',*,*,#13424,.F.);
#13440=ORIENTED_EDGE('',*,*,#13438,.T.);
#13441=ORIENTED_EDGE('',*,*,#12802,.F.);
#13442=DIRECTION('',(0.9905912865535037,0.0,-0.1368535823582068));
#13443=AXIS2_PLACEMENT_3D('',#9076,#13442,#475);
#13444=PLANE('',#13443);
#13445=EDGE_LOOP('',(#13439,#13440,#13441));
#13446=FACE_BOUND('',#13445,.T.);
#13447=ADVANCED_FACE('',(#13446),#13444,.T.);
#13448=DIRECTION('',(0.03543912952521325,0.7066626026961156,0.7066626026961147));
#13449=VECTOR('',#13448,1000.0);
#13450=LINE('',#9058,#13449);
#13451=EDGE_CURVE('',#9059,#9079,#13450,.T.);
#13452=ORIENTED_EDGE('',*,*,#13438,.F.);
#13453=ORIENTED_EDGE('',*,*,#12589,.F.);
#13454=ORIENTED_EDGE('',*,*,#13451,.T.);
#13455=DIRECTION('',(0.9955079585928337,0.03715714107106896,-0.08708186519450399));
#13456=DIRECTION('',(0.0816542343034168,-0.8024986172325946,0.5910402315918063));
#13457=AXIS2_PLACEMENT_3D('',#9078,#13455,#13456);
#13458=PLANE('',#13457);
#13459=EDGE_LOOP('',(#13452,#13453,#13454));
#13460=FACE_BOUND('',#13459,.T.);
#13461=ADVANCED_FACE('',(#13460),#13458,.T.);
#13462=DIRECTION('',(0.0019274174932471628,0.9992593185328391,0.03843305071280148));
#13463=VECTOR('',#13462,1000.0);
#13464=LINE('',#9058,#13463);
#13465=EDGE_CURVE('',#9059,#8955,#13464,.T.);
#13466=ORIENTED_EDGE('',*,*,#13451,.F.);
#13467=ORIENTED_EDGE('',*,*,#13465,.T.);
#13468=ORIENTED_EDGE('',*,*,#13143,.F.);
#13469=DIRECTION('',(0.9987448557913663,0.0,-0.0500870545179414));
#13470=DIRECTION('',(-0.03543912952521325,-0.7066626026961156,-0.7066626026961147));
#13471=AXIS2_PLACEMENT_3D('',#9078,#13469,#13470);
#13472=PLANE('',#13471);
#13473=EDGE_LOOP('',(#13466,#13467,#13468));
#13474=FACE_BOUND('',#13473,.T.);
#13475=ADVANCED_FACE('',(#13474),#13472,.T.);
#13476=DIRECTION('',(0.035439129525213275,-0.7066626026961151,0.7066626026961151));
#13477=VECTOR('',#13476,1000.0);
#13478=LINE('',#8982,#13477);
#13479=EDGE_CURVE('',#8983,#8955,#13478,.T.);
#13480=ORIENTED_EDGE('',*,*,#13465,.F.);
#13481=ORIENTED_EDGE('',*,*,#13158,.F.);
#13482=ORIENTED_EDGE('',*,*,#13479,.T.);
#13483=DIRECTION('',(0.9987448557913663,0.0,-0.05008705451794139));
#13484=DIRECTION('',(-0.0019274174932471628,-0.9992593185328391,-0.03843305071280148));
#13485=AXIS2_PLACEMENT_3D('',#8954,#13483,#13484);
#13486=PLANE('',#13485);
#13487=EDGE_LOOP('',(#13480,#13481,#13482));
#13488=FACE_BOUND('',#13487,.T.);
#13489=ADVANCED_FACE('',(#13488),#13486,.T.);
#13490=DIRECTION('',(0.0755870533197057,-0.49761062093287206,0.8641008432499331));
#13491=VECTOR('',#13490,1000.0);
#13492=LINE('',#8982,#13491);
#13493=EDGE_CURVE('',#8983,#8951,#13492,.T.);
#13494=ORIENTED_EDGE('',*,*,#13479,.F.);
#13495=ORIENTED_EDGE('',*,*,#13493,.T.);
#13496=ORIENTED_EDGE('',*,*,#11716,.F.);
#13497=DIRECTION('',(0.9868485785625908,-0.08684605820292819,-0.13633651441784647));
#13498=DIRECTION('',(-0.035439129525213275,0.7066626026961151,-0.7066626026961151));
#13499=AXIS2_PLACEMENT_3D('',#8954,#13497,#13498);
#13500=PLANE('',#13499);
#13501=EDGE_LOOP('',(#13494,#13495,#13496));
#13502=FACE_BOUND('',#13501,.T.);
#13503=ADVANCED_FACE('',(#13502),#13500,.T.);
#13504=LINE('',#8986,#476);
#13505=EDGE_CURVE('',#8987,#8951,#13504,.T.);
#13506=ORIENTED_EDGE('',*,*,#13493,.F.);
#13507=ORIENTED_EDGE('',*,*,#11959,.F.);
#13508=ORIENTED_EDGE('',*,*,#13505,.T.);
#13509=DIRECTION('',(0.9961958966184598,0.0,-0.08714204243959042));
#13510=DIRECTION('',(-0.0755870533197057,0.49761062093287206,-0.8641008432499331));
#13511=AXIS2_PLACEMENT_3D('',#8950,#13509,#13510);
#13512=PLANE('',#13511);
#13513=EDGE_LOOP('',(#13506,#13507,#13508));
#13514=FACE_BOUND('',#13513,.T.);
#13515=ADVANCED_FACE('',(#13514),#13512,.T.);
#13516=VECTOR('',#13429,1000.0);
#13517=LINE('',#8986,#13516);
#13518=EDGE_CURVE('',#8987,#8949,#13517,.T.);
#13519=ORIENTED_EDGE('',*,*,#13505,.F.);
#13520=ORIENTED_EDGE('',*,*,#13518,.T.);
#13521=ORIENTED_EDGE('',*,*,#11684,.F.);
#13522=DIRECTION('',(0.9659252605254957,0.0,-0.25882115655168836));
#13523=AXIS2_PLACEMENT_3D('',#8950,#13522,#462);
#13524=PLANE('',#13523);
#13525=EDGE_LOOP('',(#13519,#13520,#13521));
#13526=FACE_BOUND('',#13525,.T.);
#13527=ADVANCED_FACE('',(#13526),#13524,.T.);
#13528=LINE('',#8990,#476);
#13529=EDGE_CURVE('',#8991,#8949,#13528,.T.);
#13530=ORIENTED_EDGE('',*,*,#13518,.F.);
#13531=ORIENTED_EDGE('',*,*,#11992,.F.);
#13532=ORIENTED_EDGE('',*,*,#13529,.T.);
#13533=DIRECTION('',(0.9659252605254957,0.0,-0.25882115655168836));
#13534=AXIS2_PLACEMENT_3D('',#8948,#13533,#13410);
#13535=PLANE('',#13534);
#13536=EDGE_LOOP('',(#13530,#13531,#13532));
#13537=FACE_BOUND('',#13536,.T.);
#13538=ADVANCED_FACE('',(#13537),#13535,.T.);
#13539=VECTOR('',#13404,1000.0);
#13540=LINE('',#8990,#13539);
#13541=EDGE_CURVE('',#8991,#8947,#13540,.T.);
#13542=ORIENTED_EDGE('',*,*,#13529,.F.);
#13543=ORIENTED_EDGE('',*,*,#13541,.T.);
#13544=ORIENTED_EDGE('',*,*,#11654,.F.);
#13545=DIRECTION('',(0.906301818644017,0.0,-0.42263106076405127));
#13546=AXIS2_PLACEMENT_3D('',#8948,#13545,#462);
#13547=PLANE('',#13546);
#13548=EDGE_LOOP('',(#13542,#13543,#13544));
#13549=FACE_BOUND('',#13548,.T.);
#13550=ADVANCED_FACE('',(#13549),#13547,.T.);
#13551=LINE('',#8992,#476);
#13552=EDGE_CURVE('',#8993,#8947,#13551,.T.);
#13553=ORIENTED_EDGE('',*,*,#13541,.F.);
#13554=ORIENTED_EDGE('',*,*,#12010,.F.);
#13555=ORIENTED_EDGE('',*,*,#13552,.T.);
#13556=DIRECTION('',(0.906301818644017,0.0,-0.42263106076405127));
#13557=AXIS2_PLACEMENT_3D('',#8946,#13556,#13385);
#13558=PLANE('',#13557);
#13559=EDGE_LOOP('',(#13553,#13554,#13555));
#13560=FACE_BOUND('',#13559,.T.);
#13561=ADVANCED_FACE('',(#13560),#13558,.T.);
#13562=VECTOR('',#13379,1000.0);
#13563=LINE('',#8992,#13562);
#13564=EDGE_CURVE('',#8993,#8957,#13563,.T.);
#13565=ORIENTED_EDGE('',*,*,#13552,.F.);
#13566=ORIENTED_EDGE('',*,*,#13564,.T.);
#13567=ORIENTED_EDGE('',*,*,#11730,.F.);
#13568=DIRECTION('',(0.8191591449871485,0.0,-0.5735662953695272));
#13569=AXIS2_PLACEMENT_3D('',#8946,#13568,#462);
#13570=PLANE('',#13569);
#13571=EDGE_LOOP('',(#13565,#13566,#13567));
#13572=FACE_BOUND('',#13571,.T.);
#13573=ADVANCED_FACE('',(#13572),#13570,.T.);
#13574=LINE('',#9028,#476);
#13575=EDGE_CURVE('',#9029,#8957,#13574,.T.);
#13576=ORIENTED_EDGE('',*,*,#13564,.F.);
#13577=ORIENTED_EDGE('',*,*,#12311,.F.);
#13578=ORIENTED_EDGE('',*,*,#13575,.T.);
#13579=DIRECTION('',(0.8191591449871485,0.0,-0.5735662953695272));
#13580=AXIS2_PLACEMENT_3D('',#8956,#13579,#13360);
#13581=PLANE('',#13580);
#13582=EDGE_LOOP('',(#13576,#13577,#13578));
#13583=FACE_BOUND('',#13582,.T.);
#13584=ADVANCED_FACE('',(#13583),#13581,.T.);
#13585=VECTOR('',#13354,1000.0);
#13586=LINE('',#9028,#13585);
#13587=EDGE_CURVE('',#9029,#8959,#13586,.T.);
#13588=ORIENTED_EDGE('',*,*,#13575,.F.);
#13589=ORIENTED_EDGE('',*,*,#13587,.T.);
#13590=ORIENTED_EDGE('',*,*,#11746,.F.);
#13591=DIRECTION('',(0.7071067811865485,0.0,-0.7071067811865468));
#13592=AXIS2_PLACEMENT_3D('',#8956,#13591,#462);
#13593=PLANE('',#13592);
#13594=EDGE_LOOP('',(#13588,#13589,#13590));
#13595=FACE_BOUND('',#13594,.T.);
#13596=ADVANCED_FACE('',(#13595),#13593,.T.);
#13597=LINE('',#9026,#476);
#13598=EDGE_CURVE('',#9027,#8959,#13597,.T.);
#13599=ORIENTED_EDGE('',*,*,#13587,.F.);
#13600=ORIENTED_EDGE('',*,*,#12295,.F.);
#13601=ORIENTED_EDGE('',*,*,#13598,.T.);
#13602=DIRECTION('',(0.7071067811865485,0.0,-0.7071067811865468));
#13603=AXIS2_PLACEMENT_3D('',#8958,#13602,#13335);
#13604=PLANE('',#13603);
#13605=EDGE_LOOP('',(#13599,#13600,#13601));
#13606=FACE_BOUND('',#13605,.T.);
#13607=ADVANCED_FACE('',(#13606),#13604,.T.);
#13608=VECTOR('',#13329,1000.0);
#13609=LINE('',#9026,#13608);
#13610=EDGE_CURVE('',#9027,#8961,#13609,.T.);
#13611=ORIENTED_EDGE('',*,*,#13598,.F.);
#13612=ORIENTED_EDGE('',*,*,#13610,.T.);
#13613=ORIENTED_EDGE('',*,*,#11763,.F.);
#13614=DIRECTION('',(0.5735662953695269,0.0,-0.8191591449871488));
#13615=AXIS2_PLACEMENT_3D('',#8958,#13614,#462);
#13616=PLANE('',#13615);
#13617=EDGE_LOOP('',(#13611,#13612,#13613));
#13618=FACE_BOUND('',#13617,.T.);
#13619=ADVANCED_FACE('',(#13618),#13616,.T.);
#13620=LINE('',#9024,#476);
#13621=EDGE_CURVE('',#9025,#8961,#13620,.T.);
#13622=ORIENTED_EDGE('',*,*,#13610,.F.);
#13623=ORIENTED_EDGE('',*,*,#12265,.F.);
#13624=ORIENTED_EDGE('',*,*,#13621,.T.);
#13625=DIRECTION('',(0.5735662953695269,0.0,-0.8191591449871488));
#13626=AXIS2_PLACEMENT_3D('',#8960,#13625,#13310);
#13627=PLANE('',#13626);
#13628=EDGE_LOOP('',(#13622,#13623,#13624));
#13629=FACE_BOUND('',#13628,.T.);
#13630=ADVANCED_FACE('',(#13629),#13627,.T.);
#13631=VECTOR('',#13304,1000.0);
#13632=LINE('',#9024,#13631);
#13633=EDGE_CURVE('',#9025,#8979,#13632,.T.);
#13634=ORIENTED_EDGE('',*,*,#13621,.F.);
#13635=ORIENTED_EDGE('',*,*,#13633,.T.);
#13636=ORIENTED_EDGE('',*,*,#11896,.F.);
#13637=DIRECTION('',(0.42263106076405194,0.0,-0.9063018186440168));
#13638=AXIS2_PLACEMENT_3D('',#8960,#13637,#462);
#13639=PLANE('',#13638);
#13640=EDGE_LOOP('',(#13634,#13635,#13636));
#13641=FACE_BOUND('',#13640,.T.);
#13642=ADVANCED_FACE('',(#13641),#13639,.T.);
#13643=LINE('',#9012,#476);
#13644=EDGE_CURVE('',#9013,#8979,#13643,.T.);
#13645=ORIENTED_EDGE('',*,*,#13633,.F.);
#13646=ORIENTED_EDGE('',*,*,#12247,.F.);
#13647=ORIENTED_EDGE('',*,*,#13644,.T.);
#13648=DIRECTION('',(0.42263106076405194,0.0,-0.9063018186440168));
#13649=AXIS2_PLACEMENT_3D('',#8978,#13648,#13285);
#13650=PLANE('',#13649);
#13651=EDGE_LOOP('',(#13645,#13646,#13647));
#13652=FACE_BOUND('',#13651,.T.);
#13653=ADVANCED_FACE('',(#13652),#13650,.T.);
#13654=VECTOR('',#13279,1000.0);
#13655=LINE('',#9012,#13654);
#13656=EDGE_CURVE('',#9013,#8973,#13655,.T.);
#13657=ORIENTED_EDGE('',*,*,#13644,.F.);
#13658=ORIENTED_EDGE('',*,*,#13656,.T.);
#13659=ORIENTED_EDGE('',*,*,#11910,.F.);
#13660=DIRECTION('',(0.25882115655168836,0.0,-0.9659252605254957));
#13661=AXIS2_PLACEMENT_3D('',#8978,#13660,#462);
#13662=PLANE('',#13661);
#13663=EDGE_LOOP('',(#13657,#13658,#13659));
#13664=FACE_BOUND('',#13663,.T.);
#13665=ADVANCED_FACE('',(#13664),#13662,.T.);
#13666=ORIENTED_EDGE('',*,*,#13656,.F.);
#13667=ORIENTED_EDGE('',*,*,#12114,.F.);
#13668=ORIENTED_EDGE('',*,*,#13179,.F.);
#13669=DIRECTION('',(0.25882115655168836,0.0,-0.9659252605254957));
#13670=AXIS2_PLACEMENT_3D('',#8972,#13669,#13260);
#13671=PLANE('',#13670);
#13672=EDGE_LOOP('',(#13666,#13667,#13668));
#13673=FACE_BOUND('',#13672,.T.);
#13674=ADVANCED_FACE('',(#13673),#13671,.T.);
#13675=DIRECTION('',(0.0755870533197058,0.49761062093287345,-0.8641008432499322));
#13676=VECTOR('',#13675,1000.0);
#13677=LINE('',#8936,#13676);
#13678=EDGE_CURVE('',#8937,#9085,#13677,.T.);
#13679=ORIENTED_EDGE('',*,*,#11584,.F.);
#13680=ORIENTED_EDGE('',*,*,#13678,.T.);
#13681=ORIENTED_EDGE('',*,*,#12840,.F.);
#13682=DIRECTION('',(0.9961958966184595,0.0,0.08714204243959062));
#13683=AXIS2_PLACEMENT_3D('',#8932,#13682,#475);
#13684=PLANE('',#13683);
#13685=EDGE_LOOP('',(#13679,#13680,#13681));
#13686=FACE_BOUND('',#13685,.T.);
#13687=ADVANCED_FACE('',(#13686),#13684,.T.);
#13688=LINE('',#9038,#463);
#13689=EDGE_CURVE('',#9039,#9085,#13688,.T.);
#13690=ORIENTED_EDGE('',*,*,#13678,.F.);
#13691=ORIENTED_EDGE('',*,*,#12435,.F.);
#13692=ORIENTED_EDGE('',*,*,#13689,.T.);
#13693=DIRECTION('',(0.9961958966184595,0.0,0.08714204243959062));
#13694=DIRECTION('',(-0.0755870533197058,-0.49761062093287345,0.8641008432499322));
#13695=AXIS2_PLACEMENT_3D('',#9084,#13693,#13694);
#13696=PLANE('',#13695);
#13697=EDGE_LOOP('',(#13690,#13691,#13692));
#13698=FACE_BOUND('',#13697,.T.);
#13699=ADVANCED_FACE('',(#13698),#13696,.T.);
#13700=DIRECTION('',(0.2245004740004961,0.49761825113708574,-0.8378398494395101));
#13701=VECTOR('',#13700,1000.0);
#13702=LINE('',#9038,#13701);
#13703=EDGE_CURVE('',#9039,#9093,#13702,.T.);
#13704=ORIENTED_EDGE('',*,*,#13689,.F.);
#13705=ORIENTED_EDGE('',*,*,#13703,.T.);
#13706=ORIENTED_EDGE('',*,*,#12891,.F.);
#13707=DIRECTION('',(0.9659252605254955,0.0,0.2588211565516884));
#13708=AXIS2_PLACEMENT_3D('',#9084,#13707,#475);
#13709=PLANE('',#13708);
#13710=EDGE_LOOP('',(#13704,#13705,#13706));
#13711=FACE_BOUND('',#13710,.T.);
#13712=ADVANCED_FACE('',(#13711),#13709,.T.);
#13713=LINE('',#9056,#463);
#13714=EDGE_CURVE('',#9057,#9093,#13713,.T.);
#13715=ORIENTED_EDGE('',*,*,#13703,.F.);
#13716=ORIENTED_EDGE('',*,*,#12577,.F.);
#13717=ORIENTED_EDGE('',*,*,#13714,.T.);
#13718=DIRECTION('',(0.9659252605254955,0.0,0.2588211565516884));
#13719=DIRECTION('',(-0.2245004740004961,-0.49761825113708574,0.8378398494395101));
#13720=AXIS2_PLACEMENT_3D('',#9092,#13718,#13719);
#13721=PLANE('',#13720);
#13722=EDGE_LOOP('',(#13715,#13716,#13717));
#13723=FACE_BOUND('',#13722,.T.);
#13724=ADVANCED_FACE('',(#13723),#13721,.T.);
#13725=DIRECTION('',(0.3665902405200164,0.4976112943124964,-0.7861263227548856));
#13726=VECTOR('',#13725,1000.0);
#13727=LINE('',#9056,#13726);
#13728=EDGE_CURVE('',#9057,#9095,#13727,.T.);
#13729=ORIENTED_EDGE('',*,*,#13714,.F.);
#13730=ORIENTED_EDGE('',*,*,#13728,.T.);
#13731=ORIENTED_EDGE('',*,*,#12908,.F.);
#13732=AXIS2_PLACEMENT_3D('',#9092,#11893,#475);
#13733=PLANE('',#13732);
#13734=EDGE_LOOP('',(#13729,#13730,#13731));
#13735=FACE_BOUND('',#13734,.T.);
#13736=ADVANCED_FACE('',(#13735),#13733,.T.);
#13737=LINE('',#9072,#463);
#13738=EDGE_CURVE('',#9073,#9095,#13737,.T.);
#13739=ORIENTED_EDGE('',*,*,#13728,.F.);
#13740=ORIENTED_EDGE('',*,*,#12720,.F.);
#13741=ORIENTED_EDGE('',*,*,#13738,.T.);
#13742=DIRECTION('',(-0.3665902405200164,-0.4976112943124964,0.7861263227548856));
#13743=AXIS2_PLACEMENT_3D('',#9094,#11893,#13742);
#13744=PLANE('',#13743);
#13745=EDGE_LOOP('',(#13739,#13740,#13741));
#13746=FACE_BOUND('',#13745,.T.);
#13747=ADVANCED_FACE('',(#13746),#13744,.T.);
#13748=DIRECTION('',(0.49752035062238226,0.49761987459730456,-0.7105265379437593));
#13749=VECTOR('',#13748,1000.0);
#13750=LINE('',#9072,#13749);
#13751=EDGE_CURVE('',#9073,#9097,#13750,.T.);
#13752=ORIENTED_EDGE('',*,*,#13738,.F.);
#13753=ORIENTED_EDGE('',*,*,#13751,.T.);
#13754=ORIENTED_EDGE('',*,*,#12934,.F.);
#13755=AXIS2_PLACEMENT_3D('',#9094,#11760,#475);
#13756=PLANE('',#13755);
#13757=EDGE_LOOP('',(#13752,#13753,#13754));
#13758=FACE_BOUND('',#13757,.T.);
#13759=ADVANCED_FACE('',(#13758),#13756,.T.);
#13760=LINE('',#9070,#463);
#13761=EDGE_CURVE('',#9071,#9097,#13760,.T.);
#13762=ORIENTED_EDGE('',*,*,#13751,.F.);
#13763=ORIENTED_EDGE('',*,*,#12705,.F.);
#13764=ORIENTED_EDGE('',*,*,#13761,.T.);
#13765=DIRECTION('',(-0.49752035062238226,-0.49761987459730456,0.7105265379437593));
#13766=AXIS2_PLACEMENT_3D('',#9096,#11760,#13765);
#13767=PLANE('',#13766);
#13768=EDGE_LOOP('',(#13762,#13763,#13764));
#13769=FACE_BOUND('',#13768,.T.);
#13770=ADVANCED_FACE('',(#13769),#13767,.T.);
#13771=DIRECTION('',(0.6133317627209216,0.4976120747401101,-0.6133566433246566));
#13772=VECTOR('',#13771,1000.0);
#13773=LINE('',#9070,#13772);
#13774=EDGE_CURVE('',#9071,#9091,#13773,.T.);
#13775=ORIENTED_EDGE('',*,*,#13761,.F.);
#13776=ORIENTED_EDGE('',*,*,#13774,.T.);
#13777=ORIENTED_EDGE('',*,*,#12952,.F.);
#13778=DIRECTION('',(0.707121123105091,0.0,0.7070924389771076));
#13779=AXIS2_PLACEMENT_3D('',#9096,#13778,#475);
#13780=PLANE('',#13779);
#13781=EDGE_LOOP('',(#13775,#13776,#13777));
#13782=FACE_BOUND('',#13781,.T.);
#13783=ADVANCED_FACE('',(#13782),#13780,.T.);
#13784=LINE('',#9068,#463);
#13785=EDGE_CURVE('',#9069,#9091,#13784,.T.);
#13786=ORIENTED_EDGE('',*,*,#13774,.F.);
#13787=ORIENTED_EDGE('',*,*,#12678,.F.);
#13788=ORIENTED_EDGE('',*,*,#13785,.T.);
#13789=DIRECTION('',(0.707121123105091,0.0,0.7070924389771076));
#13790=DIRECTION('',(-0.6133317627209216,-0.4976120747401101,0.6133566433246566));
#13791=AXIS2_PLACEMENT_3D('',#9090,#13789,#13790);
#13792=PLANE('',#13791);
#13793=EDGE_LOOP('',(#13786,#13787,#13788));
#13794=FACE_BOUND('',#13793,.T.);
#13795=ADVANCED_FACE('',(#13794),#13792,.T.);
#13796=DIRECTION('',(0.7105388574918423,0.49761107745069044,-0.49751155523520296));
#13797=VECTOR('',#13796,1000.0);
#13798=LINE('',#9068,#13797);
#13799=EDGE_CURVE('',#9069,#9089,#13798,.T.);
#13800=ORIENTED_EDGE('',*,*,#13785,.F.);
#13801=ORIENTED_EDGE('',*,*,#13799,.T.);
#13802=ORIENTED_EDGE('',*,*,#12878,.F.);
#13803=AXIS2_PLACEMENT_3D('',#9090,#11727,#475);
#13804=PLANE('',#13803);
#13805=EDGE_LOOP('',(#13800,#13801,#13802));
#13806=FACE_BOUND('',#13805,.T.);
#13807=ADVANCED_FACE('',(#13806),#13804,.T.);
#13808=LINE('',#9050,#463);
#13809=EDGE_CURVE('',#9051,#9089,#13808,.T.);
#13810=ORIENTED_EDGE('',*,*,#13799,.F.);
#13811=ORIENTED_EDGE('',*,*,#12662,.F.);
#13812=ORIENTED_EDGE('',*,*,#13809,.T.);
#13813=DIRECTION('',(-0.7105388574918423,-0.49761107745069044,0.49751155523520296));
#13814=AXIS2_PLACEMENT_3D('',#9088,#11727,#13813);
#13815=PLANE('',#13814);
#13816=EDGE_LOOP('',(#13810,#13811,#13812));
#13817=FACE_BOUND('',#13816,.T.);
#13818=ADVANCED_FACE('',(#13817),#13815,.T.);
#13819=DIRECTION('',(0.7861334928459941,0.49761583291935424,-0.3665687033200391));
#13820=VECTOR('',#13819,1000.0);
#13821=LINE('',#9050,#13820);
#13822=EDGE_CURVE('',#9051,#9087,#13821,.T.);
#13823=ORIENTED_EDGE('',*,*,#13809,.F.);
#13824=ORIENTED_EDGE('',*,*,#13822,.T.);
#13825=ORIENTED_EDGE('',*,*,#12862,.F.);
#13826=AXIS2_PLACEMENT_3D('',#9088,#11651,#475);
#13827=PLANE('',#13826);
#13828=EDGE_LOOP('',(#13823,#13824,#13825));
#13829=FACE_BOUND('',#13828,.T.);
#13830=ADVANCED_FACE('',(#13829),#13827,.T.);
#13831=LINE('',#9048,#463);
#13832=EDGE_CURVE('',#9049,#9087,#13831,.T.);
#13833=ORIENTED_EDGE('',*,*,#13822,.F.);
#13834=ORIENTED_EDGE('',*,*,#12505,.F.);
#13835=ORIENTED_EDGE('',*,*,#13832,.T.);
#13836=DIRECTION('',(-0.7861334928459941,-0.49761583291935424,0.3665687033200391));
#13837=AXIS2_PLACEMENT_3D('',#9086,#11651,#13836);
#13838=PLANE('',#13837);
#13839=EDGE_LOOP('',(#13833,#13834,#13835));
#13840=FACE_BOUND('',#13839,.T.);
#13841=ADVANCED_FACE('',(#13840),#13838,.T.);
#13842=DIRECTION('',(0.8378351692331109,0.4976154714219351,-0.22452410070558046));
#13843=VECTOR('',#13842,1000.0);
#13844=LINE('',#9048,#13843);
#13845=EDGE_CURVE('',#9049,#9105,#13844,.T.);
#13846=ORIENTED_EDGE('',*,*,#13832,.F.);
#13847=ORIENTED_EDGE('',*,*,#13845,.T.);
#13848=ORIENTED_EDGE('',*,*,#13073,.F.);
#13849=AXIS2_PLACEMENT_3D('',#9086,#11681,#475);
#13850=PLANE('',#13849);
#13851=EDGE_LOOP('',(#13846,#13847,#13848));
#13852=FACE_BOUND('',#13851,.T.);
#13853=ADVANCED_FACE('',(#13852),#13850,.T.);
#13854=LINE('',#9054,#463);
#13855=EDGE_CURVE('',#9055,#9105,#13854,.T.);
#13856=ORIENTED_EDGE('',*,*,#13845,.F.);
#13857=ORIENTED_EDGE('',*,*,#12550,.F.);
#13858=ORIENTED_EDGE('',*,*,#13855,.T.);
#13859=DIRECTION('',(-0.8378351692331109,-0.4976154714219351,0.22452410070558046));
#13860=AXIS2_PLACEMENT_3D('',#9104,#11681,#13859);
#13861=PLANE('',#13860);
#13862=EDGE_LOOP('',(#13856,#13857,#13858));
#13863=FACE_BOUND('',#13862,.T.);
#13864=ADVANCED_FACE('',(#13863),#13861,.T.);
#13865=DIRECTION('',(0.5910402315918093,0.8024986172325926,-0.08165423430341659));
#13866=VECTOR('',#13865,1000.0);
#13867=LINE('',#9054,#13866);
#13868=EDGE_CURVE('',#9055,#9031,#13867,.T.);
#13869=ORIENTED_EDGE('',*,*,#13855,.F.);
#13870=ORIENTED_EDGE('',*,*,#13868,.T.);
#13871=ORIENTED_EDGE('',*,*,#13043,.F.);
#13872=AXIS2_PLACEMENT_3D('',#9104,#11713,#475);
#13873=PLANE('',#13872);
#13874=EDGE_LOOP('',(#13869,#13870,#13871));
#13875=FACE_BOUND('',#13874,.T.);
#13876=ADVANCED_FACE('',(#13875),#13873,.T.);
#13877=DIRECTION('',(-0.7066626026961154,0.7066626026961154,0.035439129525205386));
#13878=VECTOR('',#13877,1000.0);
#13879=LINE('',#9036,#13878);
#13880=EDGE_CURVE('',#9037,#9031,#13879,.T.);
#13881=ORIENTED_EDGE('',*,*,#13868,.F.);
#13882=ORIENTED_EDGE('',*,*,#12562,.F.);
#13883=ORIENTED_EDGE('',*,*,#13880,.T.);
#13884=DIRECTION('',(0.08708186519449729,0.03715714107107343,0.995507958592834));
#13885=DIRECTION('',(-0.5910402315918093,-0.8024986172325926,0.08165423430341659));
#13886=AXIS2_PLACEMENT_3D('',#9030,#13884,#13885);
#13887=PLANE('',#13886);
#13888=EDGE_LOOP('',(#13881,#13882,#13883));
#13889=FACE_BOUND('',#13888,.T.);
#13890=ADVANCED_FACE('',(#13889),#13887,.T.);
#13891=DIRECTION('',(-0.038433050712801536,0.9992593185328391,0.001927417493246736));
#13892=VECTOR('',#13891,1000.0);
#13893=LINE('',#9036,#13892);
#13894=EDGE_CURVE('',#9037,#8977,#13893,.T.);
#13895=ORIENTED_EDGE('',*,*,#13880,.F.);
#13896=ORIENTED_EDGE('',*,*,#13894,.T.);
#13897=ORIENTED_EDGE('',*,*,#12374,.F.);
#13898=DIRECTION('',(0.05008705451793026,0.0,0.9987448557913667));
#13899=DIRECTION('',(0.7066626026961154,-0.7066626026961154,-0.035439129525205386));
#13900=AXIS2_PLACEMENT_3D('',#9030,#13898,#13899);
#13901=PLANE('',#13900);
#13902=EDGE_LOOP('',(#13895,#13896,#13897));
#13903=FACE_BOUND('',#13902,.T.);
#13904=ADVANCED_FACE('',(#13903),#13901,.T.);
#13905=DIRECTION('',(-0.7066626026961159,-0.7066626026961149,0.035439129525205414));
#13906=VECTOR('',#13905,1000.0);
#13907=LINE('',#9010,#13906);
#13908=EDGE_CURVE('',#9011,#8977,#13907,.T.);
#13909=ORIENTED_EDGE('',*,*,#13894,.F.);
#13910=ORIENTED_EDGE('',*,*,#12417,.F.);
#13911=ORIENTED_EDGE('',*,*,#13908,.T.);
#13912=DIRECTION('',(0.05008705451793026,-0.0,0.9987448557913667));
#13913=DIRECTION('',(0.038433050712801536,-0.9992593185328391,-0.001927417493246736));
#13914=AXIS2_PLACEMENT_3D('',#8976,#13912,#13913);
#13915=PLANE('',#13914);
#13916=EDGE_LOOP('',(#13909,#13910,#13911));
#13917=FACE_BOUND('',#13916,.T.);
#13918=ADVANCED_FACE('',(#13917),#13915,.T.);
#13919=DIRECTION('',(-0.8641008432499343,-0.4976106209328708,0.07558705331969998));
#13920=VECTOR('',#13919,1000.0);
#13921=LINE('',#9010,#13920);
#13922=EDGE_CURVE('',#9011,#8981,#13921,.T.);
#13923=ORIENTED_EDGE('',*,*,#13908,.F.);
#13924=ORIENTED_EDGE('',*,*,#13922,.T.);
#13925=ORIENTED_EDGE('',*,*,#11942,.F.);
#13926=DIRECTION('',(0.13633651441784536,-0.08684605820293825,0.9868485785625901));
#13927=DIRECTION('',(0.7066626026961159,0.7066626026961149,-0.035439129525205414));
#13928=AXIS2_PLACEMENT_3D('',#8976,#13926,#13927);
#13929=PLANE('',#13928);
#13930=EDGE_LOOP('',(#13923,#13924,#13925));
#13931=FACE_BOUND('',#13930,.T.);
#13932=ADVANCED_FACE('',(#13931),#13929,.T.);
#13933=LINE('',#9022,#476);
#13934=EDGE_CURVE('',#9023,#8981,#13933,.T.);
#13935=ORIENTED_EDGE('',*,*,#13922,.F.);
#13936=ORIENTED_EDGE('',*,*,#12231,.F.);
#13937=ORIENTED_EDGE('',*,*,#13934,.T.);
#13938=DIRECTION('',(0.8641008432499343,0.4976106209328708,-0.07558705331969998));
#13939=AXIS2_PLACEMENT_3D('',#8980,#2147,#13938);
#13940=PLANE('',#13939);
#13941=EDGE_LOOP('',(#13935,#13936,#13937));
#13942=FACE_BOUND('',#13941,.T.);
#13943=ADVANCED_FACE('',(#13942),#13940,.T.);
#13944=VECTOR('',#13859,1000.0);
#13945=LINE('',#9022,#13944);
#13946=EDGE_CURVE('',#9023,#8963,#13945,.T.);
#13947=ORIENTED_EDGE('',*,*,#13934,.F.);
#13948=ORIENTED_EDGE('',*,*,#13946,.T.);
#13949=ORIENTED_EDGE('',*,*,#11929,.F.);
#13950=DIRECTION('',(0.25884791931955303,-0.0,0.9659180890033783));
#13951=AXIS2_PLACEMENT_3D('',#8980,#13950,#462);
#13952=PLANE('',#13951);
#13953=EDGE_LOOP('',(#13947,#13948,#13949));
#13954=FACE_BOUND('',#13953,.T.);
#13955=ADVANCED_FACE('',(#13954),#13952,.T.);
#13956=LINE('',#9020,#476);
#13957=EDGE_CURVE('',#9021,#8963,#13956,.T.);
#13958=ORIENTED_EDGE('',*,*,#13946,.F.);
#13959=ORIENTED_EDGE('',*,*,#12216,.F.);
#13960=ORIENTED_EDGE('',*,*,#13957,.T.);
#13961=AXIS2_PLACEMENT_3D('',#8962,#11681,#13842);
#13962=PLANE('',#13961);
#13963=EDGE_LOOP('',(#13958,#13959,#13960));
#13964=FACE_BOUND('',#13963,.T.);
#13965=ADVANCED_FACE('',(#13964),#13962,.T.);
#13966=VECTOR('',#13836,1000.0);
#13967=LINE('',#9020,#13966);
#13968=EDGE_CURVE('',#9021,#8965,#13967,.T.);
#13969=ORIENTED_EDGE('',*,*,#13957,.F.);
#13970=ORIENTED_EDGE('',*,*,#13968,.T.);
#13971=ORIENTED_EDGE('',*,*,#11784,.F.);
#13972=DIRECTION('',(0.4226074997300225,-0.0,0.9063128053668552));
#13973=AXIS2_PLACEMENT_3D('',#8962,#13972,#462);
#13974=PLANE('',#13973);
#13975=EDGE_LOOP('',(#13969,#13970,#13971));
#13976=FACE_BOUND('',#13975,.T.);
#13977=ADVANCED_FACE('',(#13976),#13974,.T.);
#13978=LINE('',#9014,#476);
#13979=EDGE_CURVE('',#9015,#8965,#13978,.T.);
#13980=ORIENTED_EDGE('',*,*,#13968,.F.);
#13981=ORIENTED_EDGE('',*,*,#12199,.F.);
#13982=ORIENTED_EDGE('',*,*,#13979,.T.);
#13983=AXIS2_PLACEMENT_3D('',#8964,#11651,#13819);
#13984=PLANE('',#13983);
#13985=EDGE_LOOP('',(#13980,#13981,#13982));
#13986=FACE_BOUND('',#13985,.T.);
#13987=ADVANCED_FACE('',(#13986),#13984,.T.);
#13988=VECTOR('',#13813,1000.0);
#13989=LINE('',#9014,#13988);
#13990=EDGE_CURVE('',#9015,#8967,#13989,.T.);
#13991=ORIENTED_EDGE('',*,*,#13979,.F.);
#13992=ORIENTED_EDGE('',*,*,#13990,.T.);
#13993=ORIENTED_EDGE('',*,*,#11800,.F.);
#13994=DIRECTION('',(0.5735662953695301,-0.0,0.8191591449871466));
#13995=AXIS2_PLACEMENT_3D('',#8964,#13994,#462);
#13996=PLANE('',#13995);
#13997=EDGE_LOOP('',(#13991,#13992,#13993));
#13998=FACE_BOUND('',#13997,.T.);
#13999=ADVANCED_FACE('',(#13998),#13996,.T.);
#14000=LINE('',#9016,#476);
#14001=EDGE_CURVE('',#9017,#8967,#14000,.T.);
#14002=ORIENTED_EDGE('',*,*,#13990,.F.);
#14003=ORIENTED_EDGE('',*,*,#12139,.F.);
#14004=ORIENTED_EDGE('',*,*,#14001,.T.);
#14005=AXIS2_PLACEMENT_3D('',#8966,#11727,#13796);
#14006=PLANE('',#14005);
#14007=EDGE_LOOP('',(#14002,#14003,#14004));
#14008=FACE_BOUND('',#14007,.T.);
#14009=ADVANCED_FACE('',(#14008),#14006,.T.);
#14010=VECTOR('',#13790,1000.0);
#14011=LINE('',#9016,#14010);
#14012=EDGE_CURVE('',#9017,#8969,#14011,.T.);
#14013=ORIENTED_EDGE('',*,*,#14001,.F.);
#14014=ORIENTED_EDGE('',*,*,#14012,.T.);
#14015=ORIENTED_EDGE('',*,*,#11818,.F.);
#14016=AXIS2_PLACEMENT_3D('',#8966,#11476,#462);
#14017=PLANE('',#14016);
#14018=EDGE_LOOP('',(#14013,#14014,#14015));
#14019=FACE_BOUND('',#14018,.T.);
#14020=ADVANCED_FACE('',(#14019),#14017,.T.);
#14021=LINE('',#9018,#476);
#14022=EDGE_CURVE('',#9019,#8969,#14021,.T.);
#14023=ORIENTED_EDGE('',*,*,#14012,.F.);
#14024=ORIENTED_EDGE('',*,*,#12171,.F.);
#14025=ORIENTED_EDGE('',*,*,#14022,.T.);
#14026=DIRECTION('',(0.7071211231050911,0.0,0.7070924389771076));
#14027=AXIS2_PLACEMENT_3D('',#8968,#14026,#13771);
#14028=PLANE('',#14027);
#14029=EDGE_LOOP('',(#14023,#14024,#14025));
#14030=FACE_BOUND('',#14029,.T.);
#14031=ADVANCED_FACE('',(#14030),#14028,.T.);
#14032=VECTOR('',#13765,1000.0);
#14033=LINE('',#9018,#14032);
#14034=EDGE_CURVE('',#9019,#8971,#14033,.T.);
#14035=ORIENTED_EDGE('',*,*,#14022,.F.);
#14036=ORIENTED_EDGE('',*,*,#14034,.T.);
#14037=ORIENTED_EDGE('',*,*,#11848,.F.);
#14038=DIRECTION('',(0.819149708224163,-0.0,0.5735797725829154));
#14039=AXIS2_PLACEMENT_3D('',#8968,#14038,#462);
#14040=PLANE('',#14039);
#14041=EDGE_LOOP('',(#14035,#14036,#14037));
#14042=FACE_BOUND('',#14041,.T.);
#14043=ADVANCED_FACE('',(#14042),#14040,.T.);
#14044=LINE('',#9004,#476);
#14045=EDGE_CURVE('',#9005,#8971,#14044,.T.);
#14046=ORIENTED_EDGE('',*,*,#14034,.F.);
#14047=ORIENTED_EDGE('',*,*,#12185,.F.);
#14048=ORIENTED_EDGE('',*,*,#14045,.T.);
#14049=AXIS2_PLACEMENT_3D('',#8970,#11760,#13748);
#14050=PLANE('',#14049);
#14051=EDGE_LOOP('',(#14046,#14047,#14048));
#14052=FACE_BOUND('',#14051,.T.);
#14053=ADVANCED_FACE('',(#14052),#14050,.T.);
#14054=VECTOR('',#13742,1000.0);
#14055=LINE('',#9004,#14054);
#14056=EDGE_CURVE('',#9005,#8945,#14055,.T.);
#14057=ORIENTED_EDGE('',*,*,#14045,.F.);
#14058=ORIENTED_EDGE('',*,*,#14056,.T.);
#14059=ORIENTED_EDGE('',*,*,#11865,.F.);
#14060=DIRECTION('',(0.906301818644018,-0.0,0.4226310607640495));
#14061=AXIS2_PLACEMENT_3D('',#8970,#14060,#462);
#14062=PLANE('',#14061);
#14063=EDGE_LOOP('',(#14057,#14058,#14059));
#14064=FACE_BOUND('',#14063,.T.);
#14065=ADVANCED_FACE('',(#14064),#14062,.T.);
#14066=LINE('',#9000,#476);
#14067=EDGE_CURVE('',#9001,#8945,#14066,.T.);
#14068=ORIENTED_EDGE('',*,*,#14056,.F.);
#14069=ORIENTED_EDGE('',*,*,#12075,.F.);
#14070=ORIENTED_EDGE('',*,*,#14067,.T.);
#14071=AXIS2_PLACEMENT_3D('',#8944,#11893,#13725);
#14072=PLANE('',#14071);
#14073=EDGE_LOOP('',(#14068,#14069,#14070));
#14074=FACE_BOUND('',#14073,.T.);
#14075=ADVANCED_FACE('',(#14074),#14072,.T.);
#14076=VECTOR('',#13719,1000.0);
#14077=LINE('',#9000,#14076);
#14078=EDGE_CURVE('',#9001,#8943,#14077,.T.);
#14079=ORIENTED_EDGE('',*,*,#14067,.F.);
#14080=ORIENTED_EDGE('',*,*,#14078,.T.);
#14081=ORIENTED_EDGE('',*,*,#11632,.F.);
#14082=DIRECTION('',(0.9659252605254957,-0.0,0.25882115655168836));
#14083=AXIS2_PLACEMENT_3D('',#8944,#14082,#462);
#14084=PLANE('',#14083);
#14085=EDGE_LOOP('',(#14079,#14080,#14081));
#14086=FACE_BOUND('',#14085,.T.);
#14087=ADVANCED_FACE('',(#14086),#14084,.T.);
#14088=LINE('',#8996,#476);
#14089=EDGE_CURVE('',#8997,#8943,#14088,.T.);
#14090=ORIENTED_EDGE('',*,*,#14078,.F.);
#14091=ORIENTED_EDGE('',*,*,#12043,.F.);
#14092=ORIENTED_EDGE('',*,*,#14089,.T.);
#14093=DIRECTION('',(0.9659252605254957,0.0,0.25882115655168836));
#14094=AXIS2_PLACEMENT_3D('',#8942,#14093,#13700);
#14095=PLANE('',#14094);
#14096=EDGE_LOOP('',(#14090,#14091,#14092));
#14097=FACE_BOUND('',#14096,.T.);
#14098=ADVANCED_FACE('',(#14097),#14095,.T.);
#14099=VECTOR('',#13694,1000.0);
#14100=LINE('',#8996,#14099);
#14101=EDGE_CURVE('',#8997,#8941,#14100,.T.);
#14102=ORIENTED_EDGE('',*,*,#14089,.F.);
#14103=ORIENTED_EDGE('',*,*,#14101,.T.);
#14104=ORIENTED_EDGE('',*,*,#11615,.F.);
#14105=DIRECTION('',(0.9961958966184595,-0.0,0.08714204243959062));
#14106=AXIS2_PLACEMENT_3D('',#8942,#14105,#462);
#14107=PLANE('',#14106);
#14108=EDGE_LOOP('',(#14102,#14103,#14104));
#14109=FACE_BOUND('',#14108,.T.);
#14110=ADVANCED_FACE('',(#14109),#14107,.T.);
#14111=ORIENTED_EDGE('',*,*,#14101,.F.);
#14112=ORIENTED_EDGE('',*,*,#12024,.F.);
#14113=ORIENTED_EDGE('',*,*,#12353,.F.);
#14114=DIRECTION('',(0.9961958966184595,0.0,0.08714204243959062));
#14115=AXIS2_PLACEMENT_3D('',#8940,#14114,#13675);
#14116=PLANE('',#14115);
#14117=EDGE_LOOP('',(#14111,#14112,#14113));
#14118=FACE_BOUND('',#14117,.T.);
#14119=ADVANCED_FACE('',(#14118),#14116,.T.);
#14120=DIRECTION('',(-0.09492911569927392,-0.9952518892377348,0.021497440807535358));
#14121=VECTOR('',#14120,1000.0);
#14122=LINE('',#8976,#14121);
#14123=EDGE_CURVE('',#8977,#9113,#14122,.T.);
#14124=DIRECTION('',(0.9753043229444655,0.0,-0.220865292986105));
#14125=VECTOR('',#14124,1000.0);
#14126=LINE('',#9112,#14125);
#14127=EDGE_CURVE('',#9113,#9031,#14126,.T.);
#14128=ORIENTED_EDGE('',*,*,#14123,.T.);
#14129=ORIENTED_EDGE('',*,*,#14127,.T.);
#14130=DIRECTION('',(0.220865292986105,-0.0,0.9753043229444655));
#14131=AXIS2_PLACEMENT_3D('',#9030,#14130,#462);
#14132=PLANE('',#14131);
#14133=EDGE_LOOP('',(#12381,#14128,#14129));
#14134=FACE_BOUND('',#14133,.T.);
#14135=ADVANCED_FACE('',(#14134),#14132,.T.);
#14136=LINE('',#8976,#5725);
#14137=EDGE_CURVE('',#8977,#9179,#14136,.T.);
#14138=LINE('',#9178,#476);
#14139=EDGE_CURVE('',#9179,#9113,#14138,.T.);
#14140=ORIENTED_EDGE('',*,*,#14123,.F.);
#14141=ORIENTED_EDGE('',*,*,#14137,.T.);
#14142=ORIENTED_EDGE('',*,*,#14139,.T.);
#14143=DIRECTION('',(0.220865292986105,0.0,0.9753043229444655));
#14144=DIRECTION('',(0.09492911569927392,0.9952518892377348,-0.021497440807535358));
#14145=AXIS2_PLACEMENT_3D('',#9112,#14143,#14144);
#14146=PLANE('',#14145);
#14147=EDGE_LOOP('',(#14140,#14141,#14142));
#14148=FACE_BOUND('',#14147,.T.);
#14149=ADVANCED_FACE('',(#14148),#14146,.T.);
#14150=DIRECTION('',(-0.08687355140719415,-0.995251940784462,0.043892601092476426));
#14151=VECTOR('',#14150,1000.0);
#14152=LINE('',#9178,#14151);
#14153=EDGE_CURVE('',#9179,#9119,#14152,.T.);
#14154=DIRECTION('',(0.8925460691122081,0.0,-0.4509562223900956));
#14155=VECTOR('',#14154,1000.0);
#14156=LINE('',#9118,#14155);
#14157=EDGE_CURVE('',#9119,#9113,#14156,.T.);
#14158=ORIENTED_EDGE('',*,*,#14139,.F.);
#14159=ORIENTED_EDGE('',*,*,#14153,.T.);
#14160=ORIENTED_EDGE('',*,*,#14157,.T.);
#14161=DIRECTION('',(0.4509562223900956,-0.0,0.8925460691122081));
#14162=AXIS2_PLACEMENT_3D('',#9112,#14161,#462);
#14163=PLANE('',#14162);
#14164=EDGE_LOOP('',(#14158,#14159,#14160));
#14165=FACE_BOUND('',#14164,.T.);
#14166=ADVANCED_FACE('',(#14165),#14163,.T.);
#14167=LINE('',#9178,#5794);
#14168=EDGE_CURVE('',#9179,#9191,#14167,.T.);
#14169=LINE('',#9190,#476);
#14170=EDGE_CURVE('',#9191,#9119,#14169,.T.);
#14171=ORIENTED_EDGE('',*,*,#14153,.F.);
#14172=ORIENTED_EDGE('',*,*,#14168,.T.);
#14173=ORIENTED_EDGE('',*,*,#14170,.T.);
#14174=DIRECTION('',(0.4509562223900956,0.0,0.8925460691122081));
#14175=DIRECTION('',(0.08687355140719415,0.995251940784462,-0.043892601092476426));
#14176=AXIS2_PLACEMENT_3D('',#9118,#14174,#14175);
#14177=PLANE('',#14176);
#14178=EDGE_LOOP('',(#14171,#14172,#14173));
#14179=FACE_BOUND('',#14178,.T.);
#14180=ADVANCED_FACE('',(#14179),#14177,.T.);
#14181=DIRECTION('',(-0.07362674966404342,-0.9952519622596386,0.06366029651397544));
#14182=VECTOR('',#14181,1000.0);
#14183=LINE('',#9190,#14182);
#14184=EDGE_CURVE('',#9191,#9117,#14183,.T.);
#14185=DIRECTION('',(0.756449036439311,0.0,-0.6540526395253198));
#14186=VECTOR('',#14185,1000.0);
#14187=LINE('',#9116,#14186);
#14188=EDGE_CURVE('',#9117,#9119,#14187,.T.);
#14189=ORIENTED_EDGE('',*,*,#14170,.F.);
#14190=ORIENTED_EDGE('',*,*,#14184,.T.);
#14191=ORIENTED_EDGE('',*,*,#14188,.T.);
#14192=DIRECTION('',(0.6540526395253198,-0.0,0.7564490364393112));
#14193=AXIS2_PLACEMENT_3D('',#9118,#14192,#462);
#14194=PLANE('',#14193);
#14195=EDGE_LOOP('',(#14189,#14190,#14191));
#14196=FACE_BOUND('',#14195,.T.);
#14197=ADVANCED_FACE('',(#14196),#14194,.T.);
#14198=LINE('',#9190,#5810);
#14199=EDGE_CURVE('',#9191,#9189,#14198,.T.);
#14200=LINE('',#9188,#476);
#14201=EDGE_CURVE('',#9189,#9117,#14200,.T.);
#14202=ORIENTED_EDGE('',*,*,#14184,.F.);
#14203=ORIENTED_EDGE('',*,*,#14199,.T.);
#14204=ORIENTED_EDGE('',*,*,#14201,.T.);
#14205=DIRECTION('',(0.6540526395253198,0.0,0.7564490364393112));
#14206=DIRECTION('',(0.07362674966404342,0.9952519622596386,-0.06366029651397544));
#14207=AXIS2_PLACEMENT_3D('',#9116,#14205,#14206);
#14208=PLANE('',#14207);
#14209=EDGE_LOOP('',(#14202,#14203,#14204));
#14210=FACE_BOUND('',#14209,.T.);
#14211=ADVANCED_FACE('',(#14210),#14208,.T.);
#14212=DIRECTION('',(-0.055978938687835475,-0.9952519056970394,0.07962413346338568));
#14213=VECTOR('',#14212,1000.0);
#14214=LINE('',#9188,#14213);
#14215=EDGE_CURVE('',#9189,#9115,#14214,.T.);
#14216=LINE('',#9114,#8156);
#14217=EDGE_CURVE('',#9115,#9117,#14216,.T.);
#14218=ORIENTED_EDGE('',*,*,#14201,.F.);
#14219=ORIENTED_EDGE('',*,*,#14215,.T.);
#14220=ORIENTED_EDGE('',*,*,#14217,.T.);
#14221=DIRECTION('',(0.8180619326923938,-0.0,0.5751301368208636));
#14222=AXIS2_PLACEMENT_3D('',#9116,#14221,#462);
#14223=PLANE('',#14222);
#14224=EDGE_LOOP('',(#14218,#14219,#14220));
#14225=FACE_BOUND('',#14224,.T.);
#14226=ADVANCED_FACE('',(#14225),#14223,.T.);
#14227=LINE('',#9188,#5774);
#14228=EDGE_CURVE('',#9189,#9171,#14227,.T.);
#14229=LINE('',#9170,#476);
#14230=EDGE_CURVE('',#9171,#9115,#14229,.T.);
#14231=ORIENTED_EDGE('',*,*,#14215,.F.);
#14232=ORIENTED_EDGE('',*,*,#14228,.T.);
#14233=ORIENTED_EDGE('',*,*,#14230,.T.);
#14234=DIRECTION('',(0.8180619326923938,0.0,0.5751301368208636));
#14235=DIRECTION('',(0.055978938687835475,0.9952519056970394,-0.07962413346338568));
#14236=AXIS2_PLACEMENT_3D('',#9114,#14234,#14235);
#14237=PLANE('',#14236);
#14238=EDGE_LOOP('',(#14231,#14232,#14233));
#14239=FACE_BOUND('',#14238,.T.);
#14240=ADVANCED_FACE('',(#14239),#14237,.T.);
#14241=DIRECTION('',(-0.03498311041817592,-0.9952520744857948,0.09082670431757375));
#14242=VECTOR('',#14241,1000.0);
#14243=LINE('',#9170,#14242);
#14244=EDGE_CURVE('',#9171,#9111,#14243,.T.);
#14245=DIRECTION('',(0.35942442512874445,0.0,-0.9331741973612813));
#14246=VECTOR('',#14245,1000.0);
#14247=LINE('',#9110,#14246);
#14248=EDGE_CURVE('',#9111,#9115,#14247,.T.);
#14249=ORIENTED_EDGE('',*,*,#14230,.F.);
#14250=ORIENTED_EDGE('',*,*,#14244,.T.);
#14251=ORIENTED_EDGE('',*,*,#14248,.T.);
#14252=DIRECTION('',(0.9331741973612813,-0.0,0.3594244251287444));
#14253=AXIS2_PLACEMENT_3D('',#9114,#14252,#462);
#14254=PLANE('',#14253);
#14255=EDGE_LOOP('',(#14249,#14250,#14251));
#14256=FACE_BOUND('',#14255,.T.);
#14257=ADVANCED_FACE('',(#14256),#14254,.T.);
#14258=LINE('',#9170,#5760);
#14259=EDGE_CURVE('',#9171,#9199,#14258,.T.);
#14260=LINE('',#9198,#476);
#14261=EDGE_CURVE('',#9199,#9111,#14260,.T.);
#14262=ORIENTED_EDGE('',*,*,#14244,.F.);
#14263=ORIENTED_EDGE('',*,*,#14259,.T.);
#14264=ORIENTED_EDGE('',*,*,#14261,.T.);
#14265=DIRECTION('',(0.9331741973612813,0.0,0.3594244251287444));
#14266=DIRECTION('',(0.03498311041817592,0.9952520744857948,-0.09082670431757375));
#14267=AXIS2_PLACEMENT_3D('',#9110,#14265,#14266);
#14268=PLANE('',#14267);
#14269=EDGE_LOOP('',(#14262,#14263,#14264));
#14270=FACE_BOUND('',#14269,.T.);
#14271=ADVANCED_FACE('',(#14270),#14268,.T.);
#14272=DIRECTION('',(-0.011899231115629906,-0.9952518497515749,0.0966031255442869));
#14273=VECTOR('',#14272,1000.0);
#14274=LINE('',#9198,#14273);
#14275=EDGE_CURVE('',#9199,#8933,#14274,.T.);
#14276=DIRECTION('',(0.12225251778906952,0.0,-0.9924990286616069));
#14277=VECTOR('',#14276,1000.0);
#14278=LINE('',#8932,#14277);
#14279=EDGE_CURVE('',#8933,#9111,#14278,.T.);
#14280=ORIENTED_EDGE('',*,*,#14261,.F.);
#14281=ORIENTED_EDGE('',*,*,#14275,.T.);
#14282=ORIENTED_EDGE('',*,*,#14279,.T.);
#14283=DIRECTION('',(0.992499028661607,-0.0,0.12225251778906954));
#14284=AXIS2_PLACEMENT_3D('',#9110,#14283,#462);
#14285=PLANE('',#14284);
#14286=EDGE_LOOP('',(#14280,#14281,#14282));
#14287=FACE_BOUND('',#14286,.T.);
#14288=ADVANCED_FACE('',(#14287),#14285,.T.);
#14289=LINE('',#9198,#5705);
#14290=EDGE_CURVE('',#9199,#8941,#14289,.T.);
#14291=LINE('',#8940,#476);
#14292=EDGE_CURVE('',#8941,#8933,#14291,.T.);
#14293=ORIENTED_EDGE('',*,*,#14275,.F.);
#14294=ORIENTED_EDGE('',*,*,#14290,.T.);
#14295=ORIENTED_EDGE('',*,*,#14292,.T.);
#14296=DIRECTION('',(0.992499028661607,0.0,0.12225251778906954));
#14297=DIRECTION('',(0.011899231115629906,0.9952518497515749,-0.0966031255442869));
#14298=AXIS2_PLACEMENT_3D('',#8932,#14296,#14297);
#14299=PLANE('',#14298);
#14300=EDGE_LOOP('',(#14293,#14294,#14295));
#14301=FACE_BOUND('',#14300,.T.);
#14302=ADVANCED_FACE('',(#14301),#14299,.T.);
#14303=DIRECTION('',(0.019311915964108885,-0.9958702539247644,0.08871013047911015));
#14304=VECTOR('',#14303,1000.0);
#14305=LINE('',#8954,#14304);
#14306=EDGE_CURVE('',#8955,#9121,#14305,.T.);
#14307=DIRECTION('',(-0.2127147156765567,0.0,-0.9771143483414015));
#14308=VECTOR('',#14307,1000.0);
#14309=LINE('',#9120,#14308);
#14310=EDGE_CURVE('',#9121,#9079,#14309,.T.);
#14311=ORIENTED_EDGE('',*,*,#14306,.T.);
#14312=ORIENTED_EDGE('',*,*,#14310,.T.);
#14313=DIRECTION('',(0.9771143483414015,0.0,-0.2127147156765567));
#14314=AXIS2_PLACEMENT_3D('',#9078,#14313,#462);
#14315=PLANE('',#14314);
#14316=EDGE_LOOP('',(#13146,#14311,#14312));
#14317=FACE_BOUND('',#14316,.T.);
#14318=ADVANCED_FACE('',(#14317),#14315,.T.);
#14319=LINE('',#8954,#5931);
#14320=EDGE_CURVE('',#8955,#9181,#14319,.T.);
#14321=LINE('',#9180,#476);
#14322=EDGE_CURVE('',#9181,#9121,#14321,.T.);
#14323=ORIENTED_EDGE('',*,*,#14306,.F.);
#14324=ORIENTED_EDGE('',*,*,#14320,.T.);
#14325=ORIENTED_EDGE('',*,*,#14322,.T.);
#14326=DIRECTION('',(0.9771143483414015,0.0,-0.2127147156765567));
#14327=DIRECTION('',(-0.019311915964108885,0.9958702539247644,-0.08871013047911015));
#14328=AXIS2_PLACEMENT_3D('',#9120,#14326,#14327);
#14329=PLANE('',#14328);
#14330=EDGE_LOOP('',(#14323,#14324,#14325));
#14331=FACE_BOUND('',#14330,.T.);
#14332=ADVANCED_FACE('',(#14331),#14329,.T.);
#14333=DIRECTION('',(0.038900676606302316,-0.9958700682582148,0.08203380100270224));
#14334=VECTOR('',#14333,1000.0);
#14335=LINE('',#9180,#14334);
#14336=EDGE_CURVE('',#9181,#9125,#14335,.T.);
#14337=DIRECTION('',(-0.42846917732065,0.0,-0.903556397844742));
#14338=VECTOR('',#14337,1000.0);
#14339=LINE('',#9124,#14338);
#14340=EDGE_CURVE('',#9125,#9121,#14339,.T.);
#14341=ORIENTED_EDGE('',*,*,#14322,.F.);
#14342=ORIENTED_EDGE('',*,*,#14336,.T.);
#14343=ORIENTED_EDGE('',*,*,#14340,.T.);
#14344=DIRECTION('',(0.9035563978447418,0.0,-0.42846917732064993));
#14345=AXIS2_PLACEMENT_3D('',#9120,#14344,#462);
#14346=PLANE('',#14345);
#14347=EDGE_LOOP('',(#14341,#14342,#14343));
#14348=FACE_BOUND('',#14347,.T.);
#14349=ADVANCED_FACE('',(#14348),#14346,.T.);
#14350=LINE('',#9180,#6325);
#14351=EDGE_CURVE('',#9181,#9183,#14350,.T.);
#14352=LINE('',#9182,#476);
#14353=EDGE_CURVE('',#9183,#9125,#14352,.T.);
#14354=ORIENTED_EDGE('',*,*,#14336,.F.);
#14355=ORIENTED_EDGE('',*,*,#14351,.T.);
#14356=ORIENTED_EDGE('',*,*,#14353,.T.);
#14357=DIRECTION('',(0.9035563978447418,0.0,-0.42846917732064993));
#14358=DIRECTION('',(-0.038900676606302316,0.9958700682582148,-0.08203380100270224));
#14359=AXIS2_PLACEMENT_3D('',#9124,#14357,#14358);
#14360=PLANE('',#14359);
#14361=EDGE_LOOP('',(#14354,#14355,#14356));
#14362=FACE_BOUND('',#14361,.T.);
#14363=ADVANCED_FACE('',(#14362),#14360,.T.);
#14364=DIRECTION('',(0.05646384450165781,-0.9958701277233315,0.0710951684181686));
#14365=VECTOR('',#14364,1000.0);
#14366=LINE('',#9182,#14365);
#14367=EDGE_CURVE('',#9183,#9123,#14366,.T.);
#14368=DIRECTION('',(-0.621922108470015,0.0,-0.7830791090280796));
#14369=VECTOR('',#14368,1000.0);
#14370=LINE('',#9122,#14369);
#14371=EDGE_CURVE('',#9123,#9125,#14370,.T.);
#14372=ORIENTED_EDGE('',*,*,#14353,.F.);
#14373=ORIENTED_EDGE('',*,*,#14367,.T.);
#14374=ORIENTED_EDGE('',*,*,#14371,.T.);
#14375=DIRECTION('',(0.7830791090280796,0.0,-0.621922108470015));
#14376=AXIS2_PLACEMENT_3D('',#9124,#14375,#462);
#14377=PLANE('',#14376);
#14378=EDGE_LOOP('',(#14372,#14373,#14374));
#14379=FACE_BOUND('',#14378,.T.);
#14380=ADVANCED_FACE('',(#14379),#14377,.T.);
#14381=LINE('',#9182,#6290);
#14382=EDGE_CURVE('',#9183,#9205,#14381,.T.);
#14383=LINE('',#9204,#476);
#14384=EDGE_CURVE('',#9205,#9123,#14383,.T.);
#14385=ORIENTED_EDGE('',*,*,#14367,.F.);
#14386=ORIENTED_EDGE('',*,*,#14382,.T.);
#14387=ORIENTED_EDGE('',*,*,#14384,.T.);
#14388=DIRECTION('',(0.7830791090280796,0.0,-0.621922108470015));
#14389=DIRECTION('',(-0.05646384450165781,0.9958701277233315,-0.0710951684181686));
#14390=AXIS2_PLACEMENT_3D('',#9122,#14388,#14389);
#14391=PLANE('',#14390);
#14392=EDGE_LOOP('',(#14385,#14386,#14387));
#14393=FACE_BOUND('',#14392,.T.);
#14394=ADVANCED_FACE('',(#14393),#14391,.T.);
#14395=DIRECTION('',(0.07109516841816826,-0.9958701277233315,0.05646384450165748));
#14396=VECTOR('',#14395,1000.0);
#14397=LINE('',#9204,#14396);
#14398=EDGE_CURVE('',#9205,#9127,#14397,.T.);
#14399=DIRECTION('',(-0.7830791090280799,0.0,-0.6219221084700144));
#14400=VECTOR('',#14399,1000.0);
#14401=LINE('',#9126,#14400);
#14402=EDGE_CURVE('',#9127,#9123,#14401,.T.);
#14403=ORIENTED_EDGE('',*,*,#14384,.F.);
#14404=ORIENTED_EDGE('',*,*,#14398,.T.);
#14405=ORIENTED_EDGE('',*,*,#14402,.T.);
#14406=DIRECTION('',(0.6219221084700145,0.0,-0.7830791090280801));
#14407=AXIS2_PLACEMENT_3D('',#9122,#14406,#462);
#14408=PLANE('',#14407);
#14409=EDGE_LOOP('',(#14403,#14404,#14405));
#14410=FACE_BOUND('',#14409,.T.);
#14411=ADVANCED_FACE('',(#14410),#14408,.T.);
#14412=LINE('',#9204,#6802);
#14413=EDGE_CURVE('',#9205,#9203,#14412,.T.);
#14414=LINE('',#9202,#476);
#14415=EDGE_CURVE('',#9203,#9127,#14414,.T.);
#14416=ORIENTED_EDGE('',*,*,#14398,.F.);
#14417=ORIENTED_EDGE('',*,*,#14413,.T.);
#14418=ORIENTED_EDGE('',*,*,#14415,.T.);
#14419=DIRECTION('',(0.6219221084700145,0.0,-0.7830791090280801));
#14420=DIRECTION('',(-0.07109516841816826,0.9958701277233315,-0.05646384450165748));
#14421=AXIS2_PLACEMENT_3D('',#9126,#14419,#14420);
#14422=PLANE('',#14421);
#14423=EDGE_LOOP('',(#14416,#14417,#14418));
#14424=FACE_BOUND('',#14423,.T.);
#14425=ADVANCED_FACE('',(#14424),#14422,.T.);
#14426=DIRECTION('',(0.08203380735852245,-0.9958701454162998,0.038898687879960654));
#14427=VECTOR('',#14426,1000.0);
#14428=LINE('',#9202,#14427);
#14429=EDGE_CURVE('',#9203,#9129,#14428,.T.);
#14430=DIRECTION('',(-0.90356489091979,0.0,-0.4284512666536396));
#14431=VECTOR('',#14430,1000.0);
#14432=LINE('',#9128,#14431);
#14433=EDGE_CURVE('',#9129,#9127,#14432,.T.);
#14434=ORIENTED_EDGE('',*,*,#14415,.F.);
#14435=ORIENTED_EDGE('',*,*,#14429,.T.);
#14436=ORIENTED_EDGE('',*,*,#14433,.T.);
#14437=DIRECTION('',(0.42845126665363964,0.0,-0.90356489091979));
#14438=AXIS2_PLACEMENT_3D('',#9126,#14437,#462);
#14439=PLANE('',#14438);
#14440=EDGE_LOOP('',(#14434,#14435,#14436));
#14441=FACE_BOUND('',#14440,.T.);
#14442=ADVANCED_FACE('',(#14441),#14439,.T.);
#14443=LINE('',#9202,#6818);
#14444=EDGE_CURVE('',#9203,#9201,#14443,.T.);
#14445=LINE('',#9200,#476);
#14446=EDGE_CURVE('',#9201,#9129,#14445,.T.);
#14447=ORIENTED_EDGE('',*,*,#14429,.F.);
#14448=ORIENTED_EDGE('',*,*,#14444,.T.);
#14449=ORIENTED_EDGE('',*,*,#14446,.T.);
#14450=DIRECTION('',(0.42845126665363964,0.0,-0.90356489091979));
#14451=DIRECTION('',(-0.08203380735852245,0.9958701454162998,-0.038898687879960654));
#14452=AXIS2_PLACEMENT_3D('',#9128,#14450,#14451);
#14453=PLANE('',#14452);
#14454=EDGE_LOOP('',(#14447,#14448,#14449));
#14455=FACE_BOUND('',#14454,.T.);
#14456=ADVANCED_FACE('',(#14455),#14453,.T.);
#14457=DIRECTION('',(0.08871012706675928,-0.9958702156173137,0.019313906961682205));
#14458=VECTOR('',#14457,1000.0);
#14459=LINE('',#9200,#14458);
#14460=EDGE_CURVE('',#9201,#9033,#14459,.T.);
#14461=DIRECTION('',(-0.9771097883165464,0.0,-0.21273566127002264));
#14462=VECTOR('',#14461,1000.0);
#14463=LINE('',#9032,#14462);
#14464=EDGE_CURVE('',#9033,#9129,#14463,.T.);
#14465=ORIENTED_EDGE('',*,*,#14446,.F.);
#14466=ORIENTED_EDGE('',*,*,#14460,.T.);
#14467=ORIENTED_EDGE('',*,*,#14464,.T.);
#14468=DIRECTION('',(0.21273566127002266,0.0,-0.9771097883165465));
#14469=AXIS2_PLACEMENT_3D('',#9128,#14468,#462);
#14470=PLANE('',#14469);
#14471=EDGE_LOOP('',(#14465,#14466,#14467));
#14472=FACE_BOUND('',#14471,.T.);
#14473=ADVANCED_FACE('',(#14472),#14470,.T.);
#14474=LINE('',#9200,#6835);
#14475=EDGE_CURVE('',#9201,#8975,#14474,.T.);
#14476=ORIENTED_EDGE('',*,*,#14460,.F.);
#14477=ORIENTED_EDGE('',*,*,#14475,.T.);
#14478=DIRECTION('',(0.21273566127002266,0.0,-0.9771097883165465));
#14479=DIRECTION('',(-0.08871012706675928,0.9958702156173137,-0.019313906961682205));
#14480=AXIS2_PLACEMENT_3D('',#9032,#14478,#14479);
#14481=PLANE('',#14480);
#14482=EDGE_LOOP('',(#14476,#14477,#12394));
#14483=FACE_BOUND('',#14482,.T.);
#14484=ADVANCED_FACE('',(#14483),#14481,.T.);
#14485=LINE('',#9144,#463);
#14486=EDGE_CURVE('',#9145,#9163,#14485,.T.);
#14487=DIRECTION('',(0.08871012706675928,-0.9958702156173137,-0.019313906961682205));
#14488=VECTOR('',#14487,1000.0);
#14489=LINE('',#9162,#14488);
#14490=EDGE_CURVE('',#9163,#9147,#14489,.T.);
#14491=LINE('',#9146,#8098);
#14492=EDGE_CURVE('',#9147,#9145,#14491,.T.);
#14493=ORIENTED_EDGE('',*,*,#14486,.T.);
#14494=ORIENTED_EDGE('',*,*,#14490,.T.);
#14495=ORIENTED_EDGE('',*,*,#14492,.T.);
#14496=DIRECTION('',(-0.21273566127002266,0.0,-0.9771097883165465));
#14497=AXIS2_PLACEMENT_3D('',#9144,#14496,#462);
#14498=PLANE('',#14497);
#14499=EDGE_LOOP('',(#14493,#14494,#14495));
#14500=FACE_BOUND('',#14499,.T.);
#14501=ADVANCED_FACE('',(#14500),#14498,.T.);
#14502=DIRECTION('',(0.9771097883165464,0.0,-0.21273566127002264));
#14503=VECTOR('',#14502,1000.0);
#14504=LINE('',#9162,#14503);
#14505=EDGE_CURVE('',#9163,#9185,#14504,.T.);
#14506=LINE('',#9184,#476);
#14507=EDGE_CURVE('',#9185,#9147,#14506,.T.);
#14508=ORIENTED_EDGE('',*,*,#14490,.F.);
#14509=ORIENTED_EDGE('',*,*,#14505,.T.);
#14510=ORIENTED_EDGE('',*,*,#14507,.T.);
#14511=DIRECTION('',(-0.21273566127002266,0.0,-0.9771097883165465));
#14512=DIRECTION('',(-0.08871012706675928,0.9958702156173137,0.019313906961682205));
#14513=AXIS2_PLACEMENT_3D('',#9146,#14511,#14512);
#14514=PLANE('',#14513);
#14515=EDGE_LOOP('',(#14508,#14509,#14510));
#14516=FACE_BOUND('',#14515,.T.);
#14517=ADVANCED_FACE('',(#14516),#14514,.T.);
#14518=DIRECTION('',(0.08203380735852245,-0.9958701454162998,-0.038898687879960654));
#14519=VECTOR('',#14518,1000.0);
#14520=LINE('',#9184,#14519);
#14521=EDGE_CURVE('',#9185,#9149,#14520,.T.);
#14522=LINE('',#9148,#8247);
#14523=EDGE_CURVE('',#9149,#9147,#14522,.T.);
#14524=ORIENTED_EDGE('',*,*,#14507,.F.);
#14525=ORIENTED_EDGE('',*,*,#14521,.T.);
#14526=ORIENTED_EDGE('',*,*,#14523,.T.);
#14527=DIRECTION('',(-0.42845126665363964,0.0,-0.90356489091979));
#14528=AXIS2_PLACEMENT_3D('',#9146,#14527,#462);
#14529=PLANE('',#14528);
#14530=EDGE_LOOP('',(#14524,#14525,#14526));
#14531=FACE_BOUND('',#14530,.T.);
#14532=ADVANCED_FACE('',(#14531),#14529,.T.);
#14533=DIRECTION('',(0.90356489091979,0.0,-0.4284512666536396));
#14534=VECTOR('',#14533,1000.0);
#14535=LINE('',#9184,#14534);
#14536=EDGE_CURVE('',#9185,#9195,#14535,.T.);
#14537=LINE('',#9194,#476);
#14538=EDGE_CURVE('',#9195,#9149,#14537,.T.);
#14539=ORIENTED_EDGE('',*,*,#14521,.F.);
#14540=ORIENTED_EDGE('',*,*,#14536,.T.);
#14541=ORIENTED_EDGE('',*,*,#14538,.T.);
#14542=DIRECTION('',(-0.42845126665363964,0.0,-0.90356489091979));
#14543=DIRECTION('',(-0.08203380735852245,0.9958701454162998,0.038898687879960654));
#14544=AXIS2_PLACEMENT_3D('',#9148,#14542,#14543);
#14545=PLANE('',#14544);
#14546=EDGE_LOOP('',(#14539,#14540,#14541));
#14547=FACE_BOUND('',#14546,.T.);
#14548=ADVANCED_FACE('',(#14547),#14545,.T.);
#14549=DIRECTION('',(0.07109516841816826,-0.9958701277233315,-0.05646384450165748));
#14550=VECTOR('',#14549,1000.0);
#14551=LINE('',#9194,#14550);
#14552=EDGE_CURVE('',#9195,#9155,#14551,.T.);
#14553=LINE('',#9154,#8232);
#14554=EDGE_CURVE('',#9155,#9149,#14553,.T.);
#14555=ORIENTED_EDGE('',*,*,#14538,.F.);
#14556=ORIENTED_EDGE('',*,*,#14552,.T.);
#14557=ORIENTED_EDGE('',*,*,#14554,.T.);
#14558=DIRECTION('',(-0.6219221084700145,0.0,-0.7830791090280801));
#14559=AXIS2_PLACEMENT_3D('',#9148,#14558,#462);
#14560=PLANE('',#14559);
#14561=EDGE_LOOP('',(#14555,#14556,#14557));
#14562=FACE_BOUND('',#14561,.T.);
#14563=ADVANCED_FACE('',(#14562),#14560,.T.);
#14564=DIRECTION('',(0.7830791090280799,0.0,-0.6219221084700144));
#14565=VECTOR('',#14564,1000.0);
#14566=LINE('',#9194,#14565);
#14567=EDGE_CURVE('',#9195,#9193,#14566,.T.);
#14568=LINE('',#9192,#476);
#14569=EDGE_CURVE('',#9193,#9155,#14568,.T.);
#14570=ORIENTED_EDGE('',*,*,#14552,.F.);
#14571=ORIENTED_EDGE('',*,*,#14567,.T.);
#14572=ORIENTED_EDGE('',*,*,#14569,.T.);
#14573=DIRECTION('',(-0.6219221084700145,0.0,-0.7830791090280801));
#14574=DIRECTION('',(-0.07109516841816826,0.9958701277233315,0.05646384450165748));
#14575=AXIS2_PLACEMENT_3D('',#9154,#14573,#14574);
#14576=PLANE('',#14575);
#14577=EDGE_LOOP('',(#14570,#14571,#14572));
#14578=FACE_BOUND('',#14577,.T.);
#14579=ADVANCED_FACE('',(#14578),#14576,.T.);
#14580=DIRECTION('',(0.05646384450165781,-0.9958701277233315,-0.0710951684181686));
#14581=VECTOR('',#14580,1000.0);
#14582=LINE('',#9192,#14581);
#14583=EDGE_CURVE('',#9193,#9157,#14582,.T.);
#14584=LINE('',#9156,#8216);
#14585=EDGE_CURVE('',#9157,#9155,#14584,.T.);
#14586=ORIENTED_EDGE('',*,*,#14569,.F.);
#14587=ORIENTED_EDGE('',*,*,#14583,.T.);
#14588=ORIENTED_EDGE('',*,*,#14585,.T.);
#14589=DIRECTION('',(-0.7830791090280796,0.0,-0.621922108470015));
#14590=AXIS2_PLACEMENT_3D('',#9154,#14589,#462);
#14591=PLANE('',#14590);
#14592=EDGE_LOOP('',(#14586,#14587,#14588));
#14593=FACE_BOUND('',#14592,.T.);
#14594=ADVANCED_FACE('',(#14593),#14591,.T.);
#14595=DIRECTION('',(0.621922108470015,0.0,-0.7830791090280796));
#14596=VECTOR('',#14595,1000.0);
#14597=LINE('',#9192,#14596);
#14598=EDGE_CURVE('',#9193,#9177,#14597,.T.);
#14599=LINE('',#9176,#476);
#14600=EDGE_CURVE('',#9177,#9157,#14599,.T.);
#14601=ORIENTED_EDGE('',*,*,#14583,.F.);
#14602=ORIENTED_EDGE('',*,*,#14598,.T.);
#14603=ORIENTED_EDGE('',*,*,#14600,.T.);
#14604=DIRECTION('',(-0.7830791090280796,0.0,-0.621922108470015));
#14605=DIRECTION('',(-0.05646384450165781,0.9958701277233315,0.0710951684181686));
#14606=AXIS2_PLACEMENT_3D('',#9156,#14604,#14605);
#14607=PLANE('',#14606);
#14608=EDGE_LOOP('',(#14601,#14602,#14603));
#14609=FACE_BOUND('',#14608,.T.);
#14610=ADVANCED_FACE('',(#14609),#14607,.T.);
#14611=DIRECTION('',(0.038900676606302316,-0.9958700682582148,-0.08203380100270224));
#14612=VECTOR('',#14611,1000.0);
#14613=LINE('',#9176,#14612);
#14614=EDGE_CURVE('',#9177,#9141,#14613,.T.);
#14615=LINE('',#9140,#8041);
#14616=EDGE_CURVE('',#9141,#9157,#14615,.T.);
#14617=ORIENTED_EDGE('',*,*,#14600,.F.);
#14618=ORIENTED_EDGE('',*,*,#14614,.T.);
#14619=ORIENTED_EDGE('',*,*,#14616,.T.);
#14620=DIRECTION('',(-0.9035563978447418,0.0,-0.42846917732064993));
#14621=AXIS2_PLACEMENT_3D('',#9156,#14620,#462);
#14622=PLANE('',#14621);
#14623=EDGE_LOOP('',(#14617,#14618,#14619));
#14624=FACE_BOUND('',#14623,.T.);
#14625=ADVANCED_FACE('',(#14624),#14622,.T.);
#14626=DIRECTION('',(0.42846917732065,0.0,-0.903556397844742));
#14627=VECTOR('',#14626,1000.0);
#14628=LINE('',#9176,#14627);
#14629=EDGE_CURVE('',#9177,#9175,#14628,.T.);
#14630=LINE('',#9174,#476);
#14631=EDGE_CURVE('',#9175,#9141,#14630,.T.);
#14632=ORIENTED_EDGE('',*,*,#14614,.F.);
#14633=ORIENTED_EDGE('',*,*,#14629,.T.);
#14634=ORIENTED_EDGE('',*,*,#14631,.T.);
#14635=DIRECTION('',(-0.9035563978447418,0.0,-0.42846917732064993));
#14636=DIRECTION('',(-0.038900676606302316,0.9958700682582148,0.08203380100270224));
#14637=AXIS2_PLACEMENT_3D('',#9140,#14635,#14636);
#14638=PLANE('',#14637);
#14639=EDGE_LOOP('',(#14632,#14633,#14634));
#14640=FACE_BOUND('',#14639,.T.);
#14641=ADVANCED_FACE('',(#14640),#14638,.T.);
#14642=DIRECTION('',(0.019311915964108885,-0.9958702539247644,-0.08871013047911015));
#14643=VECTOR('',#14642,1000.0);
#14644=LINE('',#9174,#14643);
#14645=EDGE_CURVE('',#9175,#9137,#14644,.T.);
#14646=LINE('',#9136,#8025);
#14647=EDGE_CURVE('',#9137,#9141,#14646,.T.);
#14648=ORIENTED_EDGE('',*,*,#14631,.F.);
#14649=ORIENTED_EDGE('',*,*,#14645,.T.);
#14650=ORIENTED_EDGE('',*,*,#14647,.T.);
#14651=DIRECTION('',(-0.9771143483414015,0.0,-0.2127147156765567));
#14652=AXIS2_PLACEMENT_3D('',#9140,#14651,#462);
#14653=PLANE('',#14652);
#14654=EDGE_LOOP('',(#14648,#14649,#14650));
#14655=FACE_BOUND('',#14654,.T.);
#14656=ADVANCED_FACE('',(#14655),#14653,.T.);
#14657=DIRECTION('',(0.2127147156765567,0.0,-0.9771143483414015));
#14658=VECTOR('',#14657,1000.0);
#14659=LINE('',#9174,#14658);
#14660=EDGE_CURVE('',#9175,#9159,#14659,.T.);
#14661=LINE('',#9158,#476);
#14662=EDGE_CURVE('',#9159,#9137,#14661,.T.);
#14663=ORIENTED_EDGE('',*,*,#14645,.F.);
#14664=ORIENTED_EDGE('',*,*,#14660,.T.);
#14665=ORIENTED_EDGE('',*,*,#14662,.T.);
#14666=DIRECTION('',(-0.9771143483414015,0.0,-0.2127147156765567));
#14667=DIRECTION('',(-0.019311915964108885,0.9958702539247644,0.08871013047911015));
#14668=AXIS2_PLACEMENT_3D('',#9136,#14666,#14667);
#14669=PLANE('',#14668);
#14670=EDGE_LOOP('',(#14663,#14664,#14665));
#14671=FACE_BOUND('',#14670,.T.);
#14672=ADVANCED_FACE('',(#14671),#14669,.T.);
#14673=LINE('',#9152,#463);
#14674=EDGE_CURVE('',#9153,#9165,#14673,.T.);
#14675=DIRECTION('',(-0.011899231115629906,-0.9952518497515749,-0.0966031255442869));
#14676=VECTOR('',#14675,1000.0);
#14677=LINE('',#9164,#14676);
#14678=EDGE_CURVE('',#9165,#9151,#14677,.T.);
#14679=LINE('',#9150,#8127);
#14680=EDGE_CURVE('',#9151,#9153,#14679,.T.);
#14681=ORIENTED_EDGE('',*,*,#14674,.T.);
#14682=ORIENTED_EDGE('',*,*,#14678,.T.);
#14683=ORIENTED_EDGE('',*,*,#14680,.T.);
#14684=DIRECTION('',(-0.992499028661607,0.0,0.12225251778906954));
#14685=AXIS2_PLACEMENT_3D('',#9152,#14684,#462);
#14686=PLANE('',#14685);
#14687=EDGE_LOOP('',(#14681,#14682,#14683));
#14688=FACE_BOUND('',#14687,.T.);
#14689=ADVANCED_FACE('',(#14688),#14686,.T.);
#14690=DIRECTION('',(-0.12225251778906952,0.0,-0.9924990286616069));
#14691=VECTOR('',#14690,1000.0);
#14692=LINE('',#9164,#14691);
#14693=EDGE_CURVE('',#9165,#9187,#14692,.T.);
#14694=LINE('',#9186,#476);
#14695=EDGE_CURVE('',#9187,#9151,#14694,.T.);
#14696=ORIENTED_EDGE('',*,*,#14678,.F.);
#14697=ORIENTED_EDGE('',*,*,#14693,.T.);
#14698=ORIENTED_EDGE('',*,*,#14695,.T.);
#14699=DIRECTION('',(-0.992499028661607,0.0,0.12225251778906954));
#14700=DIRECTION('',(0.011899231115629906,0.9952518497515749,0.0966031255442869));
#14701=AXIS2_PLACEMENT_3D('',#9150,#14699,#14700);
#14702=PLANE('',#14701);
#14703=EDGE_LOOP('',(#14696,#14697,#14698));
#14704=FACE_BOUND('',#14703,.T.);
#14705=ADVANCED_FACE('',(#14704),#14702,.T.);
#14706=DIRECTION('',(-0.03498311041817592,-0.9952520744857948,-0.09082670431757375));
#14707=VECTOR('',#14706,1000.0);
#14708=LINE('',#9186,#14707);
#14709=EDGE_CURVE('',#9187,#9131,#14708,.T.);
#14710=LINE('',#9130,#8275);
#14711=EDGE_CURVE('',#9131,#9151,#14710,.T.);
#14712=ORIENTED_EDGE('',*,*,#14695,.F.);
#14713=ORIENTED_EDGE('',*,*,#14709,.T.);
#14714=ORIENTED_EDGE('',*,*,#14711,.T.);
#14715=DIRECTION('',(-0.9331741973612813,0.0,0.3594244251287444));
#14716=AXIS2_PLACEMENT_3D('',#9150,#14715,#462);
#14717=PLANE('',#14716);
#14718=EDGE_LOOP('',(#14712,#14713,#14714));
#14719=FACE_BOUND('',#14718,.T.);
#14720=ADVANCED_FACE('',(#14719),#14717,.T.);
#14721=DIRECTION('',(-0.35942442512874445,0.0,-0.9331741973612813));
#14722=VECTOR('',#14721,1000.0);
#14723=LINE('',#9186,#14722);
#14724=EDGE_CURVE('',#9187,#9197,#14723,.T.);
#14725=LINE('',#9196,#476);
#14726=EDGE_CURVE('',#9197,#9131,#14725,.T.);
#14727=ORIENTED_EDGE('',*,*,#14709,.F.);
#14728=ORIENTED_EDGE('',*,*,#14724,.T.);
#14729=ORIENTED_EDGE('',*,*,#14726,.T.);
#14730=DIRECTION('',(0.03498311041817592,0.9952520744857948,0.09082670431757375));
#14731=AXIS2_PLACEMENT_3D('',#9130,#14715,#14730);
#14732=PLANE('',#14731);
#14733=EDGE_LOOP('',(#14727,#14728,#14729));
#14734=FACE_BOUND('',#14733,.T.);
#14735=ADVANCED_FACE('',(#14734),#14732,.T.);
#14736=DIRECTION('',(-0.055978938687835475,-0.9952519056970394,-0.07962413346338568));
#14737=VECTOR('',#14736,1000.0);
#14738=LINE('',#9196,#14737);
#14739=EDGE_CURVE('',#9197,#9133,#14738,.T.);
#14740=DIRECTION('',(0.5751301368208636,0.0,0.8180619326923939));
#14741=VECTOR('',#14740,1000.0);
#14742=LINE('',#9132,#14741);
#14743=EDGE_CURVE('',#9133,#9131,#14742,.T.);
#14744=ORIENTED_EDGE('',*,*,#14726,.F.);
#14745=ORIENTED_EDGE('',*,*,#14739,.T.);
#14746=ORIENTED_EDGE('',*,*,#14743,.T.);
#14747=DIRECTION('',(-0.8180619326923938,0.0,0.5751301368208636));
#14748=AXIS2_PLACEMENT_3D('',#9130,#14747,#462);
#14749=PLANE('',#14748);
#14750=EDGE_LOOP('',(#14744,#14745,#14746));
#14751=FACE_BOUND('',#14750,.T.);
#14752=ADVANCED_FACE('',(#14751),#14749,.T.);
#14753=DIRECTION('',(-0.5751301368208636,0.0,-0.8180619326923939));
#14754=VECTOR('',#14753,1000.0);
#14755=LINE('',#9196,#14754);
#14756=EDGE_CURVE('',#9197,#9169,#14755,.T.);
#14757=LINE('',#9168,#476);
#14758=EDGE_CURVE('',#9169,#9133,#14757,.T.);
#14759=ORIENTED_EDGE('',*,*,#14739,.F.);
#14760=ORIENTED_EDGE('',*,*,#14756,.T.);
#14761=ORIENTED_EDGE('',*,*,#14758,.T.);
#14762=DIRECTION('',(0.055978938687835475,0.9952519056970394,0.07962413346338568));
#14763=AXIS2_PLACEMENT_3D('',#9132,#14747,#14762);
#14764=PLANE('',#14763);
#14765=EDGE_LOOP('',(#14759,#14760,#14761));
#14766=FACE_BOUND('',#14765,.T.);
#14767=ADVANCED_FACE('',(#14766),#14764,.T.);
#14768=DIRECTION('',(-0.07362674966404342,-0.9952519622596386,-0.06366029651397544));
#14769=VECTOR('',#14768,1000.0);
#14770=LINE('',#9168,#14769);
#14771=EDGE_CURVE('',#9169,#9135,#14770,.T.);
#14772=LINE('',#9134,#7988);
#14773=EDGE_CURVE('',#9135,#9133,#14772,.T.);
#14774=ORIENTED_EDGE('',*,*,#14758,.F.);
#14775=ORIENTED_EDGE('',*,*,#14771,.T.);
#14776=ORIENTED_EDGE('',*,*,#14773,.T.);
#14777=DIRECTION('',(-0.6540526395253198,0.0,0.7564490364393112));
#14778=AXIS2_PLACEMENT_3D('',#9132,#14777,#462);
#14779=PLANE('',#14778);
#14780=EDGE_LOOP('',(#14774,#14775,#14776));
#14781=FACE_BOUND('',#14780,.T.);
#14782=ADVANCED_FACE('',(#14781),#14779,.T.);
#14783=DIRECTION('',(-0.756449036439311,0.0,-0.6540526395253198));
#14784=VECTOR('',#14783,1000.0);
#14785=LINE('',#9168,#14784);
#14786=EDGE_CURVE('',#9169,#9167,#14785,.T.);
#14787=LINE('',#9166,#476);
#14788=EDGE_CURVE('',#9167,#9135,#14787,.T.);
#14789=ORIENTED_EDGE('',*,*,#14771,.F.);
#14790=ORIENTED_EDGE('',*,*,#14786,.T.);
#14791=ORIENTED_EDGE('',*,*,#14788,.T.);
#14792=DIRECTION('',(0.07362674966404342,0.9952519622596386,0.06366029651397544));
#14793=AXIS2_PLACEMENT_3D('',#9134,#14777,#14792);
#14794=PLANE('',#14793);
#14795=EDGE_LOOP('',(#14789,#14790,#14791));
#14796=FACE_BOUND('',#14795,.T.);
#14797=ADVANCED_FACE('',(#14796),#14794,.T.);
#14798=DIRECTION('',(-0.08687355140719415,-0.995251940784462,-0.043892601092476426));
#14799=VECTOR('',#14798,1000.0);
#14800=LINE('',#9166,#14799);
#14801=EDGE_CURVE('',#9167,#9139,#14800,.T.);
#14802=LINE('',#9138,#8013);
#14803=EDGE_CURVE('',#9139,#9135,#14802,.T.);
#14804=ORIENTED_EDGE('',*,*,#14788,.F.);
#14805=ORIENTED_EDGE('',*,*,#14801,.T.);
#14806=ORIENTED_EDGE('',*,*,#14803,.T.);
#14807=DIRECTION('',(-0.4509562223900956,0.0,0.8925460691122081));
#14808=AXIS2_PLACEMENT_3D('',#9134,#14807,#462);
#14809=PLANE('',#14808);
#14810=EDGE_LOOP('',(#14804,#14805,#14806));
#14811=FACE_BOUND('',#14810,.T.);
#14812=ADVANCED_FACE('',(#14811),#14809,.T.);
#14813=DIRECTION('',(-0.8925460691122081,0.0,-0.4509562223900956));
#14814=VECTOR('',#14813,1000.0);
#14815=LINE('',#9166,#14814);
#14816=EDGE_CURVE('',#9167,#9173,#14815,.T.);
#14817=LINE('',#9172,#476);
#14818=EDGE_CURVE('',#9173,#9139,#14817,.T.);
#14819=ORIENTED_EDGE('',*,*,#14801,.F.);
#14820=ORIENTED_EDGE('',*,*,#14816,.T.);
#14821=ORIENTED_EDGE('',*,*,#14818,.T.);
#14822=DIRECTION('',(0.08687355140719415,0.995251940784462,0.043892601092476426));
#14823=AXIS2_PLACEMENT_3D('',#9138,#14807,#14822);
#14824=PLANE('',#14823);
#14825=EDGE_LOOP('',(#14819,#14820,#14821));
#14826=FACE_BOUND('',#14825,.T.);
#14827=ADVANCED_FACE('',(#14826),#14824,.T.);
#14828=DIRECTION('',(-0.09492911569927392,-0.9952518892377348,-0.021497440807535358));
#14829=VECTOR('',#14828,1000.0);
#14830=LINE('',#9172,#14829);
#14831=EDGE_CURVE('',#9173,#9143,#14830,.T.);
#14832=LINE('',#9142,#8110);
#14833=EDGE_CURVE('',#9143,#9139,#14832,.T.);
#14834=ORIENTED_EDGE('',*,*,#14818,.F.);
#14835=ORIENTED_EDGE('',*,*,#14831,.T.);
#14836=ORIENTED_EDGE('',*,*,#14833,.T.);
#14837=DIRECTION('',(-0.220865292986105,0.0,0.9753043229444655));
#14838=AXIS2_PLACEMENT_3D('',#9138,#14837,#462);
#14839=PLANE('',#14838);
#14840=EDGE_LOOP('',(#14834,#14835,#14836));
#14841=FACE_BOUND('',#14840,.T.);
#14842=ADVANCED_FACE('',(#14841),#14839,.T.);
#14843=DIRECTION('',(-0.9753043229444655,0.0,-0.220865292986105));
#14844=VECTOR('',#14843,1000.0);
#14845=LINE('',#9172,#14844);
#14846=EDGE_CURVE('',#9173,#9161,#14845,.T.);
#14847=LINE('',#9160,#476);
#14848=EDGE_CURVE('',#9161,#9143,#14847,.T.);
#14849=ORIENTED_EDGE('',*,*,#14831,.F.);
#14850=ORIENTED_EDGE('',*,*,#14846,.T.);
#14851=ORIENTED_EDGE('',*,*,#14848,.T.);
#14852=DIRECTION('',(0.09492911569927392,0.9952518892377348,0.021497440807535358));
#14853=AXIS2_PLACEMENT_3D('',#9142,#14837,#14852);
#14854=PLANE('',#14853);
#14855=EDGE_LOOP('',(#14849,#14850,#14851));
#14856=FACE_BOUND('',#14855,.T.);
#14857=ADVANCED_FACE('',(#14856),#14854,.T.);
#14858=LINE('',#9206,#476);
#14859=EDGE_CURVE('',#9207,#8769,#14858,.T.);
#14860=DIRECTION('',(-0.9988735153121042,0.0474520853918905,0.0));
#14861=VECTOR('',#14860,1000.0);
#14862=LINE('',#8768,#14861);
#14863=EDGE_CURVE('',#8769,#9209,#14862,.T.);
#14864=LINE('',#9208,#492);
#14865=EDGE_CURVE('',#9209,#9207,#14864,.T.);
#14866=ORIENTED_EDGE('',*,*,#14859,.T.);
#14867=ORIENTED_EDGE('',*,*,#14863,.T.);
#14868=ORIENTED_EDGE('',*,*,#14865,.T.);
#14869=AXIS2_PLACEMENT_3D('',#9206,#7787,#475);
#14870=PLANE('',#14869);
#14871=EDGE_LOOP('',(#14866,#14867,#14868));
#14872=FACE_BOUND('',#14871,.T.);
#14873=ADVANCED_FACE('',(#14872),#14870,.T.);
#14874=LINE('',#8768,#511);
#14875=EDGE_CURVE('',#8769,#9159,#14874,.T.);
#14876=LINE('',#9158,#463);
#14877=EDGE_CURVE('',#9159,#9209,#14876,.T.);
#14878=ORIENTED_EDGE('',*,*,#14863,.F.);
#14879=ORIENTED_EDGE('',*,*,#14875,.T.);
#14880=ORIENTED_EDGE('',*,*,#14877,.T.);
#14881=DIRECTION('',(0.9988735153121042,-0.0474520853918905,0.0));
#14882=AXIS2_PLACEMENT_3D('',#9208,#7787,#14881);
#14883=PLANE('',#14882);
#14884=EDGE_LOOP('',(#14878,#14879,#14880));
#14885=FACE_BOUND('',#14884,.T.);
#14886=ADVANCED_FACE('',(#14885),#14883,.T.);
#14887=LINE('',#9164,#492);
#14888=EDGE_CURVE('',#9165,#8771,#14887,.T.);
#14889=VECTOR('',#12367,1000.0);
#14890=LINE('',#8770,#14889);
#14891=EDGE_CURVE('',#8771,#9211,#14890,.T.);
#14892=LINE('',#9210,#476);
#14893=EDGE_CURVE('',#9211,#9165,#14892,.T.);
#14894=ORIENTED_EDGE('',*,*,#14888,.T.);
#14895=ORIENTED_EDGE('',*,*,#14891,.T.);
#14896=ORIENTED_EDGE('',*,*,#14893,.T.);
#14897=DIRECTION('',(0.0,-0.0,1.0));
#14898=AXIS2_PLACEMENT_3D('',#9164,#14897,#12);
#14899=PLANE('',#14898);
#14900=EDGE_LOOP('',(#14894,#14895,#14896));
#14901=FACE_BOUND('',#14900,.T.);
#14902=ADVANCED_FACE('',(#14901),#14899,.T.);
#14903=LINE('',#8770,#463);
#14904=EDGE_CURVE('',#8771,#9213,#14903,.T.);
#14905=LINE('',#9212,#511);
#14906=EDGE_CURVE('',#9213,#9211,#14905,.T.);
#14907=ORIENTED_EDGE('',*,*,#14891,.F.);
#14908=ORIENTED_EDGE('',*,*,#14904,.T.);
#14909=ORIENTED_EDGE('',*,*,#14906,.T.);
#14910=AXIS2_PLACEMENT_3D('',#9210,#7915,#12348);
#14911=PLANE('',#14910);
#14912=EDGE_LOOP('',(#14907,#14908,#14909));
#14913=FACE_BOUND('',#14912,.T.);
#14914=ADVANCED_FACE('',(#14913),#14911,.T.);
#14915=LINE('',#9162,#7866);
#14916=EDGE_CURVE('',#9163,#9143,#14915,.T.);
#14917=DIRECTION('',(0.0,0.0,-1.0));
#14918=VECTOR('',#14917,1000.0);
#14919=LINE('',#9142,#14918);
#14920=EDGE_CURVE('',#9143,#9145,#14919,.T.);
#14921=ORIENTED_EDGE('',*,*,#14916,.T.);
#14922=ORIENTED_EDGE('',*,*,#14920,.T.);
#14923=DIRECTION('',(1.0,0.0,-0.0));
#14924=AXIS2_PLACEMENT_3D('',#9144,#14923,#462);
#14925=PLANE('',#14924);
#14926=EDGE_LOOP('',(#14493,#14921,#14922));
#14927=FACE_BOUND('',#14926,.T.);
#14928=ADVANCED_FACE('',(#14927),#14925,.T.);
#14929=LINE('',#9162,#1194);
#14930=EDGE_CURVE('',#9163,#9161,#14929,.T.);
#14931=ORIENTED_EDGE('',*,*,#14916,.F.);
#14932=ORIENTED_EDGE('',*,*,#14930,.T.);
#14933=AXIS2_PLACEMENT_3D('',#9142,#5296,#7885);
#14934=PLANE('',#14933);
#14935=EDGE_LOOP('',(#14931,#14932,#14851));
#14936=FACE_BOUND('',#14935,.T.);
#14937=ADVANCED_FACE('',(#14936),#14934,.T.);
#14938=LINE('',#9214,#2148);
#14939=EDGE_CURVE('',#9215,#9153,#14938,.T.);
#14940=LINE('',#9152,#492);
#14941=EDGE_CURVE('',#9153,#9217,#14940,.T.);
#14942=DIRECTION('',(-0.9951960512004983,0.0,-0.0979020922908957));
#14943=VECTOR('',#14942,1000.0);
#14944=LINE('',#9216,#14943);
#14945=EDGE_CURVE('',#9217,#9215,#14944,.T.);
#14946=ORIENTED_EDGE('',*,*,#14939,.T.);
#14947=ORIENTED_EDGE('',*,*,#14941,.T.);
#14948=ORIENTED_EDGE('',*,*,#14945,.T.);
#14949=AXIS2_PLACEMENT_3D('',#9214,#462,#2147);
#14950=PLANE('',#14949);
#14951=EDGE_LOOP('',(#14946,#14947,#14948));
#14952=FACE_BOUND('',#14951,.T.);
#14953=ADVANCED_FACE('',(#14952),#14950,.T.);
#14954=LINE('',#9218,#11894);
#14955=EDGE_CURVE('',#9219,#9221,#14954,.T.);
#14956=DIRECTION('',(0.47805030868598025,0.0,-0.8783324554889446));
#14957=VECTOR('',#14956,1000.0);
#14958=LINE('',#9220,#14957);
#14959=EDGE_CURVE('',#9221,#9223,#14958,.T.);
#14960=LINE('',#9222,#7627);
#14961=EDGE_CURVE('',#9223,#9219,#14960,.T.);
#14962=ORIENTED_EDGE('',*,*,#14955,.T.);
#14963=ORIENTED_EDGE('',*,*,#14959,.T.);
#14964=ORIENTED_EDGE('',*,*,#14961,.T.);
#14965=AXIS2_PLACEMENT_3D('',#9218,#8069,#11893);
#14966=PLANE('',#14965);
#14967=EDGE_LOOP('',(#14962,#14963,#14964));
#14968=FACE_BOUND('',#14967,.T.);
#14969=ADVANCED_FACE('',(#14968),#14966,.T.);
#14970=LINE('',#9220,#11761);
#14971=EDGE_CURVE('',#9221,#9225,#14970,.T.);
#14972=DIRECTION('',(0.44556059539493315,0.0,-0.8952517834840167));
#14973=VECTOR('',#14972,1000.0);
#14974=LINE('',#9224,#14973);
#14975=EDGE_CURVE('',#9225,#9223,#14974,.T.);
#14976=ORIENTED_EDGE('',*,*,#14959,.F.);
#14977=ORIENTED_EDGE('',*,*,#14971,.T.);
#14978=ORIENTED_EDGE('',*,*,#14975,.T.);
#14979=DIRECTION('',(0.0,1.0,-0.0));
#14980=DIRECTION('',(-0.47805030868598025,0.0,0.8783324554889446));
#14981=AXIS2_PLACEMENT_3D('',#9222,#14979,#14980);
#14982=PLANE('',#14981);
#14983=EDGE_LOOP('',(#14976,#14977,#14978));
#14984=FACE_BOUND('',#14983,.T.);
#14985=ADVANCED_FACE('',(#14984),#14982,.T.);
#14986=DIRECTION('',(0.7070924389771077,0.0,0.7071211231050911));
#14987=VECTOR('',#14986,1000.0);
#14988=LINE('',#9224,#14987);
#14989=EDGE_CURVE('',#9225,#9227,#14988,.T.);
#14990=DIRECTION('',(0.41439188995065906,0.0,-0.9100985449626435));
#14991=VECTOR('',#14990,1000.0);
#14992=LINE('',#9226,#14991);
#14993=EDGE_CURVE('',#9227,#9223,#14992,.T.);
#14994=ORIENTED_EDGE('',*,*,#14989,.T.);
#14995=ORIENTED_EDGE('',*,*,#14993,.T.);
#14996=ORIENTED_EDGE('',*,*,#14975,.F.);
#14997=DIRECTION('',(0.7070924389771077,0.0,0.7071211231050911));
#14998=AXIS2_PLACEMENT_3D('',#9224,#8069,#14997);
#14999=PLANE('',#14998);
#15000=EDGE_LOOP('',(#14994,#14995,#14996));
#15001=FACE_BOUND('',#15000,.T.);
#15002=ADVANCED_FACE('',(#15001),#14999,.T.);
#15003=LINE('',#9226,#11728);
#15004=EDGE_CURVE('',#9227,#9229,#15003,.T.);
#15005=DIRECTION('',(0.38618240235051454,0.0,-0.9224224369098928));
#15006=VECTOR('',#15005,1000.0);
#15007=LINE('',#9228,#15006);
#15008=EDGE_CURVE('',#9229,#9223,#15007,.T.);
#15009=ORIENTED_EDGE('',*,*,#14993,.F.);
#15010=ORIENTED_EDGE('',*,*,#15004,.T.);
#15011=ORIENTED_EDGE('',*,*,#15008,.T.);
#15012=DIRECTION('',(0.0,1.0,-0.0));
#15013=DIRECTION('',(-0.41439188995065906,0.0,0.9100985449626435));
#15014=AXIS2_PLACEMENT_3D('',#9222,#15012,#15013);
#15015=PLANE('',#15014);
#15016=EDGE_LOOP('',(#15009,#15010,#15011));
#15017=FACE_BOUND('',#15016,.T.);
#15018=ADVANCED_FACE('',(#15017),#15015,.T.);
#15019=DIRECTION('',(0.9665399501839788,0.0,0.25651612950914415));
#15020=VECTOR('',#15019,1000.0);
#15021=LINE('',#9228,#15020);
#15022=EDGE_CURVE('',#9229,#9217,#15021,.T.);
#15023=DIRECTION('',(0.0,0.0,-1.0));
#15024=VECTOR('',#15023,1000.0);
#15025=LINE('',#9216,#15024);
#15026=EDGE_CURVE('',#9217,#9223,#15025,.T.);
#15027=ORIENTED_EDGE('',*,*,#15008,.F.);
#15028=ORIENTED_EDGE('',*,*,#15022,.T.);
#15029=ORIENTED_EDGE('',*,*,#15026,.T.);
#15030=DIRECTION('',(0.0,1.0,-0.0));
#15031=DIRECTION('',(-0.38618240235051454,0.0,0.9224224369098928));
#15032=AXIS2_PLACEMENT_3D('',#9222,#15030,#15031);
#15033=PLANE('',#15032);
#15034=EDGE_LOOP('',(#15027,#15028,#15029));
#15035=FACE_BOUND('',#15034,.T.);
#15036=ADVANCED_FACE('',(#15035),#15033,.T.);
#15037=LINE('',#9228,#11652);
#15038=EDGE_CURVE('',#9229,#9231,#15037,.T.);
#15039=DIRECTION('',(0.9826168247657927,0.0,0.18564529535431654));
#15040=VECTOR('',#15039,1000.0);
#15041=LINE('',#9230,#15040);
#15042=EDGE_CURVE('',#9231,#9217,#15041,.T.);
#15043=ORIENTED_EDGE('',*,*,#15022,.F.);
#15044=ORIENTED_EDGE('',*,*,#15038,.T.);
#15045=ORIENTED_EDGE('',*,*,#15042,.T.);
#15046=DIRECTION('',(0.0,1.0,-0.0));
#15047=DIRECTION('',(-0.9665399501839788,0.0,-0.25651612950914415));
#15048=AXIS2_PLACEMENT_3D('',#9216,#15046,#15047);
#15049=PLANE('',#15048);
#15050=EDGE_LOOP('',(#15043,#15044,#15045));
#15051=FACE_BOUND('',#15050,.T.);
#15052=ADVANCED_FACE('',(#15051),#15049,.T.);
#15053=LINE('',#9230,#11682);
#15054=EDGE_CURVE('',#9231,#9215,#15053,.T.);
#15055=ORIENTED_EDGE('',*,*,#15042,.F.);
#15056=ORIENTED_EDGE('',*,*,#15054,.T.);
#15057=ORIENTED_EDGE('',*,*,#14945,.F.);
#15058=DIRECTION('',(0.0,1.0,-0.0));
#15059=DIRECTION('',(-0.9826168247657927,0.0,-0.18564529535431654));
#15060=AXIS2_PLACEMENT_3D('',#9216,#15058,#15059);
#15061=PLANE('',#15060);
#15062=EDGE_LOOP('',(#15055,#15056,#15057));
#15063=FACE_BOUND('',#15062,.T.);
#15064=ADVANCED_FACE('',(#15063),#15061,.T.);
#15065=LINE('',#9222,#511);
#15066=EDGE_CURVE('',#9223,#9137,#15065,.T.);
#15067=DIRECTION('',(-0.18085834589711175,0.0,0.9835091553815656));
#15068=VECTOR('',#15067,1000.0);
#15069=LINE('',#9136,#15068);
#15070=EDGE_CURVE('',#9137,#9233,#15069,.T.);
#15071=DIRECTION('',(0.9959783318743161,0.0,-0.0895944330684375));
#15072=VECTOR('',#15071,1000.0);
#15073=LINE('',#9232,#15072);
#15074=EDGE_CURVE('',#9233,#9223,#15073,.T.);
#15075=ORIENTED_EDGE('',*,*,#15066,.T.);
#15076=ORIENTED_EDGE('',*,*,#15070,.T.);
#15077=ORIENTED_EDGE('',*,*,#15074,.T.);
#15078=AXIS2_PLACEMENT_3D('',#9222,#462,#510);
#15079=PLANE('',#15078);
#15080=EDGE_LOOP('',(#15075,#15076,#15077));
#15081=FACE_BOUND('',#15080,.T.);
#15082=ADVANCED_FACE('',(#15081),#15079,.T.);
#15083=DIRECTION('',(-0.33843524990797436,0.0,0.9409896819942964));
#15084=VECTOR('',#15083,1000.0);
#15085=LINE('',#9232,#15084);
#15086=EDGE_CURVE('',#9233,#9235,#15085,.T.);
#15087=DIRECTION('',(0.9857353523593323,0.0,-0.16830274837037865));
#15088=VECTOR('',#15087,1000.0);
#15089=LINE('',#9234,#15088);
#15090=EDGE_CURVE('',#9235,#9223,#15089,.T.);
#15091=ORIENTED_EDGE('',*,*,#15086,.T.);
#15092=ORIENTED_EDGE('',*,*,#15090,.T.);
#15093=ORIENTED_EDGE('',*,*,#15074,.F.);
#15094=DIRECTION('',(-0.0,1.0,-0.0));
#15095=AXIS2_PLACEMENT_3D('',#9232,#15094,#15083);
#15096=PLANE('',#15095);
#15097=EDGE_LOOP('',(#15091,#15092,#15093));
#15098=FACE_BOUND('',#15097,.T.);
#15099=ADVANCED_FACE('',(#15098),#15096,.T.);
#15100=DIRECTION('',(-0.4870364107965559,0.0,0.8733816660306126));
#15101=VECTOR('',#15100,1000.0);
#15102=LINE('',#9234,#15101);
#15103=EDGE_CURVE('',#9235,#9237,#15102,.T.);
#15104=DIRECTION('',(0.9728397879862005,0.0,-0.2314794740597197));
#15105=VECTOR('',#15104,1000.0);
#15106=LINE('',#9236,#15105);
#15107=EDGE_CURVE('',#9237,#9223,#15106,.T.);
#15108=ORIENTED_EDGE('',*,*,#15090,.F.);
#15109=ORIENTED_EDGE('',*,*,#15103,.T.);
#15110=ORIENTED_EDGE('',*,*,#15107,.T.);
#15111=DIRECTION('',(-0.9857353523593323,0.0,0.16830274837037865));
#15112=AXIS2_PLACEMENT_3D('',#9222,#462,#15111);
#15113=PLANE('',#15112);
#15114=EDGE_LOOP('',(#15108,#15109,#15110));
#15115=FACE_BOUND('',#15114,.T.);
#15116=ADVANCED_FACE('',(#15115),#15113,.T.);
#15117=DIRECTION('',(-0.13438568611287222,0.0,0.9909291030986892));
#15118=VECTOR('',#15117,1000.0);
#15119=LINE('',#9236,#15118);
#15120=EDGE_CURVE('',#9237,#9219,#15119,.T.);
#15121=ORIENTED_EDGE('',*,*,#15107,.F.);
#15122=ORIENTED_EDGE('',*,*,#15120,.T.);
#15123=ORIENTED_EDGE('',*,*,#14961,.F.);
#15124=DIRECTION('',(-0.9728397879862005,0.0,0.2314794740597197));
#15125=AXIS2_PLACEMENT_3D('',#9222,#462,#15124);
#15126=PLANE('',#15125);
#15127=EDGE_LOOP('',(#15121,#15122,#15123));
#15128=FACE_BOUND('',#15127,.T.);
#15129=ADVANCED_FACE('',(#15128),#15126,.T.);
#15130=DIRECTION('',(-0.6226195018395091,0.0,0.7825247318322415));
#15131=VECTOR('',#15130,1000.0);
#15132=LINE('',#9236,#15131);
#15133=EDGE_CURVE('',#9237,#9239,#15132,.T.);
#15134=DIRECTION('',(-0.11067803005760822,0.0,0.9938563143948763));
#15135=VECTOR('',#15134,1000.0);
#15136=LINE('',#9238,#15135);
#15137=EDGE_CURVE('',#9239,#9219,#15136,.T.);
#15138=ORIENTED_EDGE('',*,*,#15120,.F.);
#15139=ORIENTED_EDGE('',*,*,#15133,.T.);
#15140=ORIENTED_EDGE('',*,*,#15137,.T.);
#15141=DIRECTION('',(0.13438568611287222,0.0,-0.9909291030986892));
#15142=AXIS2_PLACEMENT_3D('',#9218,#462,#15141);
#15143=PLANE('',#15142);
#15144=EDGE_LOOP('',(#15138,#15139,#15140));
#15145=FACE_BOUND('',#15144,.T.);
#15146=ADVANCED_FACE('',(#15145),#15143,.T.);
#15147=DIRECTION('',(-0.7416177824790641,0.0,0.6708226775466342));
#15148=VECTOR('',#15147,1000.0);
#15149=LINE('',#9238,#15148);
#15150=EDGE_CURVE('',#9239,#9241,#15149,.T.);
#15151=DIRECTION('',(-0.07878194453682758,0.0,0.9968918723788434));
#15152=VECTOR('',#15151,1000.0);
#15153=LINE('',#9240,#15152);
#15154=EDGE_CURVE('',#9241,#9219,#15153,.T.);
#15155=ORIENTED_EDGE('',*,*,#15137,.F.);
#15156=ORIENTED_EDGE('',*,*,#15150,.T.);
#15157=ORIENTED_EDGE('',*,*,#15154,.T.);
#15158=DIRECTION('',(0.11067803005760822,0.0,-0.9938563143948763));
#15159=AXIS2_PLACEMENT_3D('',#9218,#462,#15158);
#15160=PLANE('',#15159);
#15161=EDGE_LOOP('',(#15155,#15156,#15157));
#15162=FACE_BOUND('',#15161,.T.);
#15163=ADVANCED_FACE('',(#15162),#15160,.T.);
#15164=DIRECTION('',(0.020094808478946236,0.0,-0.999798078950042));
#15165=VECTOR('',#15164,1000.0);
#15166=LINE('',#9142,#15165);
#15167=EDGE_CURVE('',#9143,#9243,#15166,.T.);
#15168=DIRECTION('',(-0.9913346342191267,0.0,0.13136073613386268));
#15169=VECTOR('',#15168,1000.0);
#15170=LINE('',#9242,#15169);
#15171=EDGE_CURVE('',#9243,#9145,#15170,.T.);
#15172=ORIENTED_EDGE('',*,*,#14920,.F.);
#15173=ORIENTED_EDGE('',*,*,#15167,.T.);
#15174=ORIENTED_EDGE('',*,*,#15171,.T.);
#15175=AXIS2_PLACEMENT_3D('',#9144,#8069,#11);
#15176=PLANE('',#15175);
#15177=EDGE_LOOP('',(#15172,#15173,#15174));
#15178=FACE_BOUND('',#15177,.T.);
#15179=ADVANCED_FACE('',(#15178),#15176,.T.);
#15180=LINE('',#9142,#11876);
#15181=EDGE_CURVE('',#9143,#9245,#15180,.T.);
#15182=DIRECTION('',(-0.003508038161551834,0.0,-0.9999938468151977));
#15183=VECTOR('',#15182,1000.0);
#15184=LINE('',#9244,#15183);
#15185=EDGE_CURVE('',#9245,#9243,#15184,.T.);
#15186=ORIENTED_EDGE('',*,*,#15167,.F.);
#15187=ORIENTED_EDGE('',*,*,#15181,.T.);
#15188=ORIENTED_EDGE('',*,*,#15185,.T.);
#15189=DIRECTION('',(0.0,1.0,-0.0));
#15190=DIRECTION('',(-0.020094808478946236,0.0,0.999798078950042));
#15191=AXIS2_PLACEMENT_3D('',#9242,#15189,#15190);
#15192=PLANE('',#15191);
#15193=EDGE_LOOP('',(#15186,#15187,#15188));
#15194=FACE_BOUND('',#15193,.T.);
#15195=ADVANCED_FACE('',(#15194),#15192,.T.);
#15196=DIRECTION('',(0.046466301617795205,0.0,-0.9989198580536699));
#15197=VECTOR('',#15196,1000.0);
#15198=LINE('',#9244,#15197);
#15199=EDGE_CURVE('',#9245,#9247,#15198,.T.);
#15200=DIRECTION('',(-0.970108253887436,0.0,0.24267256898848294));
#15201=VECTOR('',#15200,1000.0);
#15202=LINE('',#9246,#15201);
#15203=EDGE_CURVE('',#9247,#9243,#15202,.T.);
#15204=ORIENTED_EDGE('',*,*,#15185,.F.);
#15205=ORIENTED_EDGE('',*,*,#15199,.T.);
#15206=ORIENTED_EDGE('',*,*,#15203,.T.);
#15207=DIRECTION('',(0.003508038161551834,0.0,0.9999938468151977));
#15208=AXIS2_PLACEMENT_3D('',#9242,#8069,#15207);
#15209=PLANE('',#15208);
#15210=EDGE_LOOP('',(#15204,#15205,#15206));
#15211=FACE_BOUND('',#15210,.T.);
#15212=ADVANCED_FACE('',(#15211),#15209,.T.);
#15213=DIRECTION('',(0.9659180890033782,0.0,0.258847919319553));
#15214=VECTOR('',#15213,1000.0);
#15215=LINE('',#9244,#15214);
#15216=EDGE_CURVE('',#9245,#9219,#15215,.T.);
#15217=DIRECTION('',(-0.006535319968610146,0.0,-0.9999786445684267));
#15218=VECTOR('',#15217,1000.0);
#15219=LINE('',#9218,#15218);
#15220=EDGE_CURVE('',#9219,#9247,#15219,.T.);
#15221=ORIENTED_EDGE('',*,*,#15199,.F.);
#15222=ORIENTED_EDGE('',*,*,#15216,.T.);
#15223=ORIENTED_EDGE('',*,*,#15220,.T.);
#15224=DIRECTION('',(0.0,1.0,-0.0));
#15225=DIRECTION('',(-0.046466301617795205,0.0,0.9989198580536699));
#15226=AXIS2_PLACEMENT_3D('',#9246,#15224,#15225);
#15227=PLANE('',#15226);
#15228=EDGE_LOOP('',(#15221,#15222,#15223));
#15229=FACE_BOUND('',#15228,.T.);
#15230=ADVANCED_FACE('',(#15229),#15227,.T.);
#15231=DIRECTION('',(0.03925801474666297,0.0,-0.9992291070010675));
#15232=VECTOR('',#15231,1000.0);
#15233=LINE('',#9218,#15232);
#15234=EDGE_CURVE('',#9219,#9249,#15233,.T.);
#15235=DIRECTION('',(-0.9177209500833128,0.0,0.3972257013061737));
#15236=VECTOR('',#15235,1000.0);
#15237=LINE('',#9248,#15236);
#15238=EDGE_CURVE('',#9249,#9247,#15237,.T.);
#15239=ORIENTED_EDGE('',*,*,#15220,.F.);
#15240=ORIENTED_EDGE('',*,*,#15234,.T.);
#15241=ORIENTED_EDGE('',*,*,#15238,.T.);
#15242=DIRECTION('',(0.006535319968610146,0.0,0.9999786445684267));
#15243=AXIS2_PLACEMENT_3D('',#9246,#8069,#15242);
#15244=PLANE('',#15243);
#15245=EDGE_LOOP('',(#15239,#15240,#15241));
#15246=FACE_BOUND('',#15245,.T.);
#15247=ADVANCED_FACE('',(#15246),#15244,.T.);
#15248=DIRECTION('',(-0.8408638240575695,0.0,0.5412467361483863));
#15249=VECTOR('',#15248,1000.0);
#15250=LINE('',#9240,#15249);
#15251=EDGE_CURVE('',#9241,#9249,#15250,.T.);
#15252=ORIENTED_EDGE('',*,*,#15234,.F.);
#15253=ORIENTED_EDGE('',*,*,#15154,.F.);
#15254=ORIENTED_EDGE('',*,*,#15251,.T.);
#15255=DIRECTION('',(-0.0,1.0,-0.0));
#15256=DIRECTION('',(-0.03925801474666297,0.0,0.9992291070010675));
#15257=AXIS2_PLACEMENT_3D('',#9248,#15255,#15256);
#15258=PLANE('',#15257);
#15259=EDGE_LOOP('',(#15252,#15253,#15254));
#15260=FACE_BOUND('',#15259,.T.);
#15261=ADVANCED_FACE('',(#15260),#15258,.T.);
#15262=LINE('',#9250,#463);
#15263=EDGE_CURVE('',#9251,#9223,#15262,.T.);
#15264=VECTOR('',#13124,1000.0);
#15265=LINE('',#9222,#15264);
#15266=EDGE_CURVE('',#9223,#9253,#15265,.T.);
#15267=DIRECTION('',(0.0,0.0,-1.0));
#15268=VECTOR('',#15267,1000.0);
#15269=LINE('',#9252,#15268);
#15270=EDGE_CURVE('',#9253,#9251,#15269,.T.);
#15271=ORIENTED_EDGE('',*,*,#15263,.T.);
#15272=ORIENTED_EDGE('',*,*,#15266,.T.);
#15273=ORIENTED_EDGE('',*,*,#15270,.T.);
#15274=DIRECTION('',(1.0,0.0,-0.0));
#15275=AXIS2_PLACEMENT_3D('',#9250,#15274,#462);
#15276=PLANE('',#15275);
#15277=EDGE_LOOP('',(#15271,#15272,#15273));
#15278=FACE_BOUND('',#15277,.T.);
#15279=ADVANCED_FACE('',(#15278),#15276,.T.);
#15280=LINE('',#9216,#476);
#15281=EDGE_CURVE('',#9217,#9253,#15280,.T.);
#15282=ORIENTED_EDGE('',*,*,#15266,.F.);
#15283=ORIENTED_EDGE('',*,*,#15026,.F.);
#15284=ORIENTED_EDGE('',*,*,#15281,.T.);
#15285=AXIS2_PLACEMENT_3D('',#9252,#5296,#13110);
#15286=PLANE('',#15285);
#15287=EDGE_LOOP('',(#15282,#15283,#15284));
#15288=FACE_BOUND('',#15287,.T.);
#15289=ADVANCED_FACE('',(#15288),#15286,.T.);
#15290=DIRECTION('',(0.18085834589711175,0.0,-0.9835091553815656));
#15291=VECTOR('',#15290,1000.0);
#15292=LINE('',#9254,#15291);
#15293=EDGE_CURVE('',#9255,#9257,#15292,.T.);
#15294=LINE('',#9256,#492);
#15295=EDGE_CURVE('',#9257,#9251,#15294,.T.);
#15296=DIRECTION('',(-0.9959783318743161,0.0,0.0895944330684375));
#15297=VECTOR('',#15296,1000.0);
#15298=LINE('',#9250,#15297);
#15299=EDGE_CURVE('',#9251,#9255,#15298,.T.);
#15300=ORIENTED_EDGE('',*,*,#15293,.T.);
#15301=ORIENTED_EDGE('',*,*,#15295,.T.);
#15302=ORIENTED_EDGE('',*,*,#15299,.T.);
#15303=AXIS2_PLACEMENT_3D('',#9254,#475,#15290);
#15304=PLANE('',#15303);
#15305=EDGE_LOOP('',(#15300,#15301,#15302));
#15306=FACE_BOUND('',#15305,.T.);
#15307=ADVANCED_FACE('',(#15306),#15304,.T.);
#15308=LINE('',#9258,#8690);
#15309=EDGE_CURVE('',#9259,#9261,#15308,.T.);
#15310=DIRECTION('',(0.9951960512004983,0.0,0.0979020922908957));
#15311=VECTOR('',#15310,1000.0);
#15312=LINE('',#9260,#15311);
#15313=EDGE_CURVE('',#9261,#9253,#15312,.T.);
#15314=LINE('',#9252,#511);
#15315=EDGE_CURVE('',#9253,#9259,#15314,.T.);
#15316=ORIENTED_EDGE('',*,*,#15309,.T.);
#15317=ORIENTED_EDGE('',*,*,#15313,.T.);
#15318=ORIENTED_EDGE('',*,*,#15315,.T.);
#15319=DIRECTION('',(0.0,-1.0,-0.0));
#15320=AXIS2_PLACEMENT_3D('',#9258,#15319,#8689);
#15321=PLANE('',#15320);
#15322=EDGE_LOOP('',(#15316,#15317,#15318));
#15323=FACE_BOUND('',#15322,.T.);
#15324=ADVANCED_FACE('',(#15323),#15321,.T.);
#15325=DIRECTION('',(-0.25882115655168836,0.0,-0.9659252605254955));
#15326=VECTOR('',#15325,1000.0);
#15327=LINE('',#9260,#15326);
#15328=EDGE_CURVE('',#9261,#9263,#15327,.T.);
#15329=DIRECTION('',(0.9826168247657927,0.0,0.18564529535431654));
#15330=VECTOR('',#15329,1000.0);
#15331=LINE('',#9262,#15330);
#15332=EDGE_CURVE('',#9263,#9253,#15331,.T.);
#15333=ORIENTED_EDGE('',*,*,#15313,.F.);
#15334=ORIENTED_EDGE('',*,*,#15328,.T.);
#15335=ORIENTED_EDGE('',*,*,#15332,.T.);
#15336=DIRECTION('',(-0.9951960512004983,0.0,-0.0979020922908957));
#15337=AXIS2_PLACEMENT_3D('',#9252,#475,#15336);
#15338=PLANE('',#15337);
#15339=EDGE_LOOP('',(#15333,#15334,#15335));
#15340=FACE_BOUND('',#15339,.T.);
#15341=ADVANCED_FACE('',(#15340),#15338,.T.);
#15342=DIRECTION('',(0.36224955016294796,0.0,-0.9320811463637391));
#15343=VECTOR('',#15342,1000.0);
#15344=LINE('',#9262,#15343);
#15345=EDGE_CURVE('',#9263,#9251,#15344,.T.);
#15346=ORIENTED_EDGE('',*,*,#15332,.F.);
#15347=ORIENTED_EDGE('',*,*,#15345,.T.);
#15348=ORIENTED_EDGE('',*,*,#15270,.F.);
#15349=DIRECTION('',(0.0,-1.0,-0.0));
#15350=DIRECTION('',(-0.9826168247657927,0.0,-0.18564529535431654));
#15351=AXIS2_PLACEMENT_3D('',#9252,#15349,#15350);
#15352=PLANE('',#15351);
#15353=EDGE_LOOP('',(#15346,#15347,#15348));
#15354=FACE_BOUND('',#15353,.T.);
#15355=ADVANCED_FACE('',(#15354),#15352,.T.);
#15356=DIRECTION('',(-0.42263106076404944,0.0,-0.9063018186440179));
#15357=VECTOR('',#15356,1000.0);
#15358=LINE('',#9262,#15357);
#15359=EDGE_CURVE('',#9263,#9265,#15358,.T.);
#15360=LINE('',#9264,#15006);
#15361=EDGE_CURVE('',#9265,#9251,#15360,.T.);
#15362=ORIENTED_EDGE('',*,*,#15345,.F.);
#15363=ORIENTED_EDGE('',*,*,#15359,.T.);
#15364=ORIENTED_EDGE('',*,*,#15361,.T.);
#15365=DIRECTION('',(-0.36224955016294796,0.0,0.9320811463637391));
#15366=AXIS2_PLACEMENT_3D('',#9250,#727,#15365);
#15367=PLANE('',#15366);
#15368=EDGE_LOOP('',(#15362,#15363,#15364));
#15369=FACE_BOUND('',#15368,.T.);
#15370=ADVANCED_FACE('',(#15369),#15367,.T.);
#15371=DIRECTION('',(-0.5735797725829153,0.0,-0.8191497082241628));
#15372=VECTOR('',#15371,1000.0);
#15373=LINE('',#9264,#15372);
#15374=EDGE_CURVE('',#9265,#9267,#15373,.T.);
#15375=LINE('',#9266,#14991);
#15376=EDGE_CURVE('',#9267,#9251,#15375,.T.);
#15377=ORIENTED_EDGE('',*,*,#15361,.F.);
#15378=ORIENTED_EDGE('',*,*,#15374,.T.);
#15379=ORIENTED_EDGE('',*,*,#15376,.T.);
#15380=AXIS2_PLACEMENT_3D('',#9250,#727,#15031);
#15381=PLANE('',#15380);
#15382=EDGE_LOOP('',(#15377,#15378,#15379));
#15383=FACE_BOUND('',#15382,.T.);
#15384=ADVANCED_FACE('',(#15383),#15381,.T.);
#15385=DIRECTION('',(-0.7070924389771077,0.0,-0.7071211231050911));
#15386=VECTOR('',#15385,1000.0);
#15387=LINE('',#9266,#15386);
#15388=EDGE_CURVE('',#9267,#9269,#15387,.T.);
#15389=DIRECTION('',(0.44556059539493315,0.0,-0.8952517834840167));
#15390=VECTOR('',#15389,1000.0);
#15391=LINE('',#9268,#15390);
#15392=EDGE_CURVE('',#9269,#9251,#15391,.T.);
#15393=ORIENTED_EDGE('',*,*,#15388,.T.);
#15394=ORIENTED_EDGE('',*,*,#15392,.T.);
#15395=ORIENTED_EDGE('',*,*,#15376,.F.);
#15396=DIRECTION('',(0.0,-1.0,-0.0));
#15397=DIRECTION('',(-0.7070924389771077,0.0,-0.7071211231050911));
#15398=AXIS2_PLACEMENT_3D('',#9266,#15396,#15397);
#15399=PLANE('',#15398);
#15400=EDGE_LOOP('',(#15393,#15394,#15395));
#15401=FACE_BOUND('',#15400,.T.);
#15402=ADVANCED_FACE('',(#15401),#15399,.T.);
#15403=DIRECTION('',(-0.8191591449871467,0.0,-0.5735662953695301));
#15404=VECTOR('',#15403,1000.0);
#15405=LINE('',#9268,#15404);
#15406=EDGE_CURVE('',#9269,#9271,#15405,.T.);
#15407=LINE('',#9270,#14957);
#15408=EDGE_CURVE('',#9271,#9251,#15407,.T.);
#15409=ORIENTED_EDGE('',*,*,#15392,.F.);
#15410=ORIENTED_EDGE('',*,*,#15406,.T.);
#15411=ORIENTED_EDGE('',*,*,#15408,.T.);
#15412=DIRECTION('',(-0.44556059539493315,0.0,0.8952517834840167));
#15413=AXIS2_PLACEMENT_3D('',#9250,#727,#15412);
#15414=PLANE('',#15413);
#15415=EDGE_LOOP('',(#15409,#15410,#15411));
#15416=FACE_BOUND('',#15415,.T.);
#15417=ADVANCED_FACE('',(#15416),#15414,.T.);
#15418=DIRECTION('',(-0.9063128053668551,0.0,-0.4226074997300225));
#15419=VECTOR('',#15418,1000.0);
#15420=LINE('',#9270,#15419);
#15421=EDGE_CURVE('',#9271,#9273,#15420,.T.);
#15422=VECTOR('',#7652,1000.0);
#15423=LINE('',#9272,#15422);
#15424=EDGE_CURVE('',#9273,#9251,#15423,.T.);
#15425=ORIENTED_EDGE('',*,*,#15408,.F.);
#15426=ORIENTED_EDGE('',*,*,#15421,.T.);
#15427=ORIENTED_EDGE('',*,*,#15424,.T.);
#15428=DIRECTION('',(-0.47805030868598025,0.0,0.8783324554889446));
#15429=AXIS2_PLACEMENT_3D('',#9250,#727,#15428);
#15430=PLANE('',#15429);
#15431=EDGE_LOOP('',(#15425,#15426,#15427));
#15432=FACE_BOUND('',#15431,.T.);
#15433=ADVANCED_FACE('',(#15432),#15430,.T.);
#15434=DIRECTION('',(0.0,0.0,-1.0));
#15435=VECTOR('',#15434,1000.0);
#15436=LINE('',#9274,#15435);
#15437=EDGE_CURVE('',#9275,#9277,#15436,.T.);
#15438=LINE('',#9276,#12094);
#15439=EDGE_CURVE('',#9277,#9279,#15438,.T.);
#15440=DIRECTION('',(-0.9961958966184601,0.0,-0.08714204243958375));
#15441=VECTOR('',#15440,1000.0);
#15442=LINE('',#9278,#15441);
#15443=EDGE_CURVE('',#9279,#9275,#15442,.T.);
#15444=ORIENTED_EDGE('',*,*,#15437,.T.);
#15445=ORIENTED_EDGE('',*,*,#15439,.T.);
#15446=ORIENTED_EDGE('',*,*,#15443,.T.);
#15447=DIRECTION('',(0.0,0.0,-1.0));
#15448=AXIS2_PLACEMENT_3D('',#9274,#475,#15447);
#15449=PLANE('',#15448);
#15450=EDGE_LOOP('',(#15444,#15445,#15446));
#15451=FACE_BOUND('',#15450,.T.);
#15452=ADVANCED_FACE('',(#15451),#15449,.T.);
#15453=DIRECTION('',(0.99666450950313,0.0,-0.08160793770758634));
#15454=VECTOR('',#15453,1000.0);
#15455=LINE('',#9276,#15454);
#15456=EDGE_CURVE('',#9277,#9281,#15455,.T.);
#15457=VECTOR('',#15207,1000.0);
#15458=LINE('',#9280,#15457);
#15459=EDGE_CURVE('',#9281,#9279,#15458,.T.);
#15460=ORIENTED_EDGE('',*,*,#15439,.F.);
#15461=ORIENTED_EDGE('',*,*,#15456,.T.);
#15462=ORIENTED_EDGE('',*,*,#15459,.T.);
#15463=DIRECTION('',(0.0,-1.0,-0.0));
#15464=AXIS2_PLACEMENT_3D('',#9278,#15463,#12122);
#15465=PLANE('',#15464);
#15466=EDGE_LOOP('',(#15460,#15461,#15462));
#15467=FACE_BOUND('',#15466,.T.);
#15468=ADVANCED_FACE('',(#15467),#15465,.T.);
#15469=DIRECTION('',(0.7416177824790641,0.0,-0.6708226775466342));
#15470=VECTOR('',#15469,1000.0);
#15471=LINE('',#9282,#15470);
#15472=EDGE_CURVE('',#9283,#9285,#15471,.T.);
#15473=LINE('',#9284,#8009);
#15474=EDGE_CURVE('',#9285,#9279,#15473,.T.);
#15475=DIRECTION('',(0.1296905423764198,0.0,-0.9915545185304285));
#15476=VECTOR('',#15475,1000.0);
#15477=LINE('',#9278,#15476);
#15478=EDGE_CURVE('',#9279,#9283,#15477,.T.);
#15479=ORIENTED_EDGE('',*,*,#15472,.T.);
#15480=ORIENTED_EDGE('',*,*,#15474,.T.);
#15481=ORIENTED_EDGE('',*,*,#15478,.T.);
#15482=AXIS2_PLACEMENT_3D('',#9282,#475,#15469);
#15483=PLANE('',#15482);
#15484=EDGE_LOOP('',(#15479,#15480,#15481));
#15485=FACE_BOUND('',#15484,.T.);
#15486=ADVANCED_FACE('',(#15485),#15483,.T.);
#15487=DIRECTION('',(0.6226195018395091,0.0,-0.7825247318322415));
#15488=VECTOR('',#15487,1000.0);
#15489=LINE('',#9284,#15488);
#15490=EDGE_CURVE('',#9285,#9287,#15489,.T.);
#15491=LINE('',#9286,#796);
#15492=EDGE_CURVE('',#9287,#9279,#15491,.T.);
#15493=ORIENTED_EDGE('',*,*,#15474,.F.);
#15494=ORIENTED_EDGE('',*,*,#15490,.T.);
#15495=ORIENTED_EDGE('',*,*,#15492,.T.);
#15496=AXIS2_PLACEMENT_3D('',#9278,#475,#7538);
#15497=PLANE('',#15496);
#15498=EDGE_LOOP('',(#15493,#15494,#15495));
#15499=FACE_BOUND('',#15498,.T.);
#15500=ADVANCED_FACE('',(#15499),#15497,.T.);
#15501=LINE('',#9286,#15118);
#15502=EDGE_CURVE('',#9287,#9273,#15501,.T.);
#15503=DIRECTION('',(-0.9659180890033782,0.0,-0.258847919319553));
#15504=VECTOR('',#15503,1000.0);
#15505=LINE('',#9272,#15504);
#15506=EDGE_CURVE('',#9273,#9279,#15505,.T.);
#15507=ORIENTED_EDGE('',*,*,#15492,.F.);
#15508=ORIENTED_EDGE('',*,*,#15502,.T.);
#15509=ORIENTED_EDGE('',*,*,#15506,.T.);
#15510=AXIS2_PLACEMENT_3D('',#9278,#475,#8485);
#15511=PLANE('',#15510);
#15512=EDGE_LOOP('',(#15507,#15508,#15509));
#15513=FACE_BOUND('',#15512,.T.);
#15514=ADVANCED_FACE('',(#15513),#15511,.T.);
#15515=LINE('',#9286,#15105);
#15516=EDGE_CURVE('',#9287,#9251,#15515,.T.);
#15517=ORIENTED_EDGE('',*,*,#15502,.F.);
#15518=ORIENTED_EDGE('',*,*,#15516,.T.);
#15519=ORIENTED_EDGE('',*,*,#15424,.F.);
#15520=AXIS2_PLACEMENT_3D('',#9272,#475,#15141);
#15521=PLANE('',#15520);
#15522=EDGE_LOOP('',(#15517,#15518,#15519));
#15523=FACE_BOUND('',#15522,.T.);
#15524=ADVANCED_FACE('',(#15523),#15521,.T.);
#15525=DIRECTION('',(0.4870364107965559,0.0,-0.8733816660306126));
#15526=VECTOR('',#15525,1000.0);
#15527=LINE('',#9286,#15526);
#15528=EDGE_CURVE('',#9287,#9289,#15527,.T.);
#15529=DIRECTION('',(0.9857353523593323,0.0,-0.16830274837037865));
#15530=VECTOR('',#15529,1000.0);
#15531=LINE('',#9288,#15530);
#15532=EDGE_CURVE('',#9289,#9251,#15531,.T.);
#15533=ORIENTED_EDGE('',*,*,#15516,.F.);
#15534=ORIENTED_EDGE('',*,*,#15528,.T.);
#15535=ORIENTED_EDGE('',*,*,#15532,.T.);
#15536=DIRECTION('',(-0.0,-1.0,-0.0));
#15537=AXIS2_PLACEMENT_3D('',#9250,#15536,#15124);
#15538=PLANE('',#15537);
#15539=EDGE_LOOP('',(#15533,#15534,#15535));
#15540=FACE_BOUND('',#15539,.T.);
#15541=ADVANCED_FACE('',(#15540),#15538,.T.);
#15542=DIRECTION('',(0.33843524990797436,0.0,-0.9409896819942964));
#15543=VECTOR('',#15542,1000.0);
#15544=LINE('',#9288,#15543);
#15545=EDGE_CURVE('',#9289,#9255,#15544,.T.);
#15546=ORIENTED_EDGE('',*,*,#15532,.F.);
#15547=ORIENTED_EDGE('',*,*,#15545,.T.);
#15548=ORIENTED_EDGE('',*,*,#15299,.F.);
#15549=DIRECTION('',(-0.0,-1.0,-0.0));
#15550=DIRECTION('',(-0.9857353523593323,0.0,0.16830274837037865));
#15551=AXIS2_PLACEMENT_3D('',#9250,#15549,#15550);
#15552=PLANE('',#15551);
#15553=EDGE_LOOP('',(#15546,#15547,#15548));
#15554=FACE_BOUND('',#15553,.T.);
#15555=ADVANCED_FACE('',(#15554),#15552,.T.);
#15556=DIRECTION('',(0.970108253887436,0.0,-0.24267256898848294));
#15557=VECTOR('',#15556,1000.0);
#15558=LINE('',#9280,#15557);
#15559=EDGE_CURVE('',#9281,#9291,#15558,.T.);
#15560=VECTOR('',#15225,1000.0);
#15561=LINE('',#9290,#15560);
#15562=EDGE_CURVE('',#9291,#9279,#15561,.T.);
#15563=ORIENTED_EDGE('',*,*,#15559,.T.);
#15564=ORIENTED_EDGE('',*,*,#15562,.T.);
#15565=ORIENTED_EDGE('',*,*,#15459,.F.);
#15566=DIRECTION('',(0.970108253887436,0.0,-0.24267256898848294));
#15567=AXIS2_PLACEMENT_3D('',#9280,#475,#15566);
#15568=PLANE('',#15567);
#15569=EDGE_LOOP('',(#15563,#15564,#15565));
#15570=FACE_BOUND('',#15569,.T.);
#15571=ADVANCED_FACE('',(#15570),#15568,.T.);
#15572=DIRECTION('',(0.9177209500833128,0.0,-0.3972257013061737));
#15573=VECTOR('',#15572,1000.0);
#15574=LINE('',#9290,#15573);
#15575=EDGE_CURVE('',#9291,#9293,#15574,.T.);
#15576=DIRECTION('',(-0.0915300754691525,0.0,0.9958023123515084));
#15577=VECTOR('',#15576,1000.0);
#15578=LINE('',#9292,#15577);
#15579=EDGE_CURVE('',#9293,#9279,#15578,.T.);
#15580=ORIENTED_EDGE('',*,*,#15562,.F.);
#15581=ORIENTED_EDGE('',*,*,#15575,.T.);
#15582=ORIENTED_EDGE('',*,*,#15579,.T.);
#15583=AXIS2_PLACEMENT_3D('',#9278,#475,#15196);
#15584=PLANE('',#15583);
#15585=EDGE_LOOP('',(#15580,#15581,#15582));
#15586=FACE_BOUND('',#15585,.T.);
#15587=ADVANCED_FACE('',(#15586),#15584,.T.);
#15588=DIRECTION('',(0.8408638240575695,0.0,-0.5412467361483863));
#15589=VECTOR('',#15588,1000.0);
#15590=LINE('',#9292,#15589);
#15591=EDGE_CURVE('',#9293,#9283,#15590,.T.);
#15592=ORIENTED_EDGE('',*,*,#15579,.F.);
#15593=ORIENTED_EDGE('',*,*,#15591,.T.);
#15594=ORIENTED_EDGE('',*,*,#15478,.F.);
#15595=DIRECTION('',(0.0915300754691525,0.0,-0.9958023123515084));
#15596=AXIS2_PLACEMENT_3D('',#9278,#475,#15595);
#15597=PLANE('',#15596);
#15598=EDGE_LOOP('',(#15592,#15593,#15594));
#15599=FACE_BOUND('',#15598,.T.);
#15600=ADVANCED_FACE('',(#15599),#15597,.T.);
#15601=DIRECTION('',(0.0,0.0,-1.0));
#15602=VECTOR('',#15601,1000.0);
#15603=LINE('',#9294,#15602);
#15604=EDGE_CURVE('',#9295,#9297,#15603,.T.);
#15605=DIRECTION('',(0.0,-0.6567807448042018,0.7540815958863059));
#15606=VECTOR('',#15605,1000.0);
#15607=LINE('',#9296,#15606);
#15608=EDGE_CURVE('',#9297,#9275,#15607,.T.);
#15609=LINE('',#9274,#463);
#15610=EDGE_CURVE('',#9275,#9295,#15609,.T.);
#15611=ORIENTED_EDGE('',*,*,#15604,.T.);
#15612=ORIENTED_EDGE('',*,*,#15608,.T.);
#15613=ORIENTED_EDGE('',*,*,#15610,.T.);
#15614=DIRECTION('',(0.0,0.0,-1.0));
#15615=AXIS2_PLACEMENT_3D('',#9294,#1185,#15614);
#15616=PLANE('',#15615);
#15617=EDGE_LOOP('',(#15611,#15612,#15613));
#15618=FACE_BOUND('',#15617,.T.);
#15619=ADVANCED_FACE('',(#15618),#15616,.T.);
#15620=LINE('',#9296,#476);
#15621=EDGE_CURVE('',#9297,#9277,#15620,.T.);
#15622=ORIENTED_EDGE('',*,*,#15608,.F.);
#15623=ORIENTED_EDGE('',*,*,#15621,.T.);
#15624=ORIENTED_EDGE('',*,*,#15437,.F.);
#15625=DIRECTION('',(0.0,0.6567807448042018,-0.7540815958863059));
#15626=AXIS2_PLACEMENT_3D('',#9274,#1185,#15625);
#15627=PLANE('',#15626);
#15628=EDGE_LOOP('',(#15622,#15623,#15624));
#15629=FACE_BOUND('',#15628,.T.);
#15630=ADVANCED_FACE('',(#15629),#15627,.T.);
#15631=DIRECTION('',(-0.9983806064665819,0.05688729762803069,0.0));
#15632=VECTOR('',#15631,1000.0);
#15633=LINE('',#9250,#15632);
#15634=EDGE_CURVE('',#9251,#9137,#15633,.T.);
#15635=ORIENTED_EDGE('',*,*,#15263,.F.);
#15636=ORIENTED_EDGE('',*,*,#15634,.T.);
#15637=ORIENTED_EDGE('',*,*,#15066,.F.);
#15638=AXIS2_PLACEMENT_3D('',#9222,#7787,#475);
#15639=PLANE('',#15638);
#15640=EDGE_LOOP('',(#15635,#15636,#15637));
#15641=FACE_BOUND('',#15640,.T.);
#15642=ADVANCED_FACE('',(#15641),#15639,.T.);
#15643=LINE('',#9256,#463);
#15644=EDGE_CURVE('',#9257,#9137,#15643,.T.);
#15645=ORIENTED_EDGE('',*,*,#15634,.F.);
#15646=ORIENTED_EDGE('',*,*,#15295,.F.);
#15647=ORIENTED_EDGE('',*,*,#15644,.T.);
#15648=DIRECTION('',(0.9983806064665819,-0.05688729762803069,0.0));
#15649=AXIS2_PLACEMENT_3D('',#9136,#7787,#15648);
#15650=PLANE('',#15649);
#15651=EDGE_LOOP('',(#15645,#15646,#15647));
#15652=FACE_BOUND('',#15651,.T.);
#15653=ADVANCED_FACE('',(#15652),#15650,.T.);
#15654=VECTOR('',#11600,1000.0);
#15655=LINE('',#9252,#15654);
#15656=EDGE_CURVE('',#9253,#9153,#15655,.T.);
#15657=LINE('',#9152,#476);
#15658=EDGE_CURVE('',#9153,#9259,#15657,.T.);
#15659=ORIENTED_EDGE('',*,*,#15315,.F.);
#15660=ORIENTED_EDGE('',*,*,#15656,.T.);
#15661=ORIENTED_EDGE('',*,*,#15658,.T.);
#15662=DIRECTION('',(0.0,-0.0,1.0));
#15663=AXIS2_PLACEMENT_3D('',#9258,#15662,#12);
#15664=PLANE('',#15663);
#15665=EDGE_LOOP('',(#15659,#15660,#15661));
#15666=FACE_BOUND('',#15665,.T.);
#15667=ADVANCED_FACE('',(#15666),#15664,.T.);
#15668=ORIENTED_EDGE('',*,*,#15656,.F.);
#15669=ORIENTED_EDGE('',*,*,#15281,.F.);
#15670=ORIENTED_EDGE('',*,*,#14941,.F.);
#15671=AXIS2_PLACEMENT_3D('',#9152,#7915,#11579);
#15672=PLANE('',#15671);
#15673=EDGE_LOOP('',(#15668,#15669,#15670));
#15674=FACE_BOUND('',#15673,.T.);
#15675=ADVANCED_FACE('',(#15674),#15672,.T.);
#15676=LINE('',#9298,#2148);
#15677=EDGE_CURVE('',#9299,#9211,#15676,.T.);
#15678=DIRECTION('',(-0.996647010060187,0.0,-0.08182137457956548));
#15679=VECTOR('',#15678,1000.0);
#15680=LINE('',#9212,#15679);
#15681=EDGE_CURVE('',#9213,#9299,#15680,.T.);
#15682=ORIENTED_EDGE('',*,*,#15677,.T.);
#15683=ORIENTED_EDGE('',*,*,#14906,.F.);
#15684=ORIENTED_EDGE('',*,*,#15681,.T.);
#15685=AXIS2_PLACEMENT_3D('',#9298,#462,#2147);
#15686=PLANE('',#15685);
#15687=EDGE_LOOP('',(#15682,#15683,#15684));
#15688=FACE_BOUND('',#15687,.T.);
#15689=ADVANCED_FACE('',(#15688),#15686,.T.);
#15690=LINE('',#9300,#796);
#15691=EDGE_CURVE('',#9301,#9303,#15690,.T.);
#15692=DIRECTION('',(0.1951888191597038,0.0,-0.9807656829615525));
#15693=VECTOR('',#15692,1000.0);
#15694=LINE('',#9302,#15693);
#15695=EDGE_CURVE('',#9303,#9305,#15694,.T.);
#15696=LINE('',#9304,#15101);
#15697=EDGE_CURVE('',#9305,#9301,#15696,.T.);
#15698=ORIENTED_EDGE('',*,*,#15691,.T.);
#15699=ORIENTED_EDGE('',*,*,#15695,.T.);
#15700=ORIENTED_EDGE('',*,*,#15697,.T.);
#15701=DIRECTION('',(-0.0,1.0,-0.0));
#15702=AXIS2_PLACEMENT_3D('',#9300,#15701,#795);
#15703=PLANE('',#15702);
#15704=EDGE_LOOP('',(#15698,#15699,#15700));
#15705=FACE_BOUND('',#15704,.T.);
#15706=ADVANCED_FACE('',(#15705),#15703,.T.);
#15707=DIRECTION('',(0.9659180890033782,0.0,0.258847919319553));
#15708=VECTOR('',#15707,1000.0);
#15709=LINE('',#9302,#15708);
#15710=EDGE_CURVE('',#9303,#9307,#15709,.T.);
#15711=DIRECTION('',(0.14996029279712805,0.0,-0.9886920200872462));
#15712=VECTOR('',#15711,1000.0);
#15713=LINE('',#9306,#15712);
#15714=EDGE_CURVE('',#9307,#9305,#15713,.T.);
#15715=ORIENTED_EDGE('',*,*,#15695,.F.);
#15716=ORIENTED_EDGE('',*,*,#15710,.T.);
#15717=ORIENTED_EDGE('',*,*,#15714,.T.);
#15718=DIRECTION('',(0.0,1.0,-0.0));
#15719=DIRECTION('',(-0.1951888191597038,0.0,0.9807656829615525));
#15720=AXIS2_PLACEMENT_3D('',#9304,#15718,#15719);
#15721=PLANE('',#15720);
#15722=EDGE_LOOP('',(#15715,#15716,#15717));
#15723=FACE_BOUND('',#15722,.T.);
#15724=ADVANCED_FACE('',(#15723),#15721,.T.);
#15725=LINE('',#9306,#831);
#15726=EDGE_CURVE('',#9307,#9309,#15725,.T.);
#15727=LINE('',#9308,#15084);
#15728=EDGE_CURVE('',#9309,#9305,#15727,.T.);
#15729=ORIENTED_EDGE('',*,*,#15714,.F.);
#15730=ORIENTED_EDGE('',*,*,#15726,.T.);
#15731=ORIENTED_EDGE('',*,*,#15728,.T.);
#15732=DIRECTION('',(-0.0,1.0,-0.0));
#15733=DIRECTION('',(-0.14996029279712805,0.0,0.9886920200872462));
#15734=AXIS2_PLACEMENT_3D('',#9304,#15732,#15733);
#15735=PLANE('',#15734);
#15736=EDGE_LOOP('',(#15729,#15730,#15731));
#15737=FACE_BOUND('',#15736,.T.);
#15738=ADVANCED_FACE('',(#15737),#15735,.T.);
#15739=DIRECTION('',(0.15877650845586788,0.0,-0.9873145498586373));
#15740=VECTOR('',#15739,1000.0);
#15741=LINE('',#9306,#15740);
#15742=EDGE_CURVE('',#9307,#9209,#15741,.T.);
#15743=LINE('',#9208,#15068);
#15744=EDGE_CURVE('',#9209,#9309,#15743,.T.);
#15745=ORIENTED_EDGE('',*,*,#15726,.F.);
#15746=ORIENTED_EDGE('',*,*,#15742,.T.);
#15747=ORIENTED_EDGE('',*,*,#15744,.T.);
#15748=DIRECTION('',(-0.0,1.0,-0.0));
#15749=AXIS2_PLACEMENT_3D('',#9308,#15748,#850);
#15750=PLANE('',#15749);
#15751=EDGE_LOOP('',(#15745,#15746,#15747));
#15752=FACE_BOUND('',#15751,.T.);
#15753=ADVANCED_FACE('',(#15752),#15750,.T.);
#15754=DIRECTION('',(0.5618877176789044,0.0,-0.8272135109641233));
#15755=VECTOR('',#15754,1000.0);
#15756=LINE('',#9306,#15755);
#15757=EDGE_CURVE('',#9307,#9207,#15756,.T.);
#15758=ORIENTED_EDGE('',*,*,#15742,.F.);
#15759=ORIENTED_EDGE('',*,*,#15757,.T.);
#15760=ORIENTED_EDGE('',*,*,#14865,.F.);
#15761=DIRECTION('',(-0.0,1.0,-0.0));
#15762=DIRECTION('',(-0.15877650845586788,0.0,0.9873145498586373));
#15763=AXIS2_PLACEMENT_3D('',#9208,#15761,#15762);
#15764=PLANE('',#15763);
#15765=EDGE_LOOP('',(#15758,#15759,#15760));
#15766=FACE_BOUND('',#15765,.T.);
#15767=ADVANCED_FACE('',(#15766),#15764,.T.);
#15768=LINE('',#9306,#11894);
#15769=EDGE_CURVE('',#9307,#9311,#15768,.T.);
#15770=DIRECTION('',(0.5323918993832855,0.0,-0.8464980008665451));
#15771=VECTOR('',#15770,1000.0);
#15772=LINE('',#9310,#15771);
#15773=EDGE_CURVE('',#9311,#9207,#15772,.T.);
#15774=ORIENTED_EDGE('',*,*,#15757,.F.);
#15775=ORIENTED_EDGE('',*,*,#15769,.T.);
#15776=ORIENTED_EDGE('',*,*,#15773,.T.);
#15777=DIRECTION('',(0.0,1.0,-0.0));
#15778=DIRECTION('',(-0.5618877176789044,0.0,0.8272135109641233));
#15779=AXIS2_PLACEMENT_3D('',#9206,#15777,#15778);
#15780=PLANE('',#15779);
#15781=EDGE_LOOP('',(#15774,#15775,#15776));
#15782=FACE_BOUND('',#15781,.T.);
#15783=ADVANCED_FACE('',(#15782),#15780,.T.);
#15784=LINE('',#9310,#11761);
#15785=EDGE_CURVE('',#9311,#9313,#15784,.T.);
#15786=VECTOR('',#1569,1000.0);
#15787=LINE('',#9312,#15786);
#15788=EDGE_CURVE('',#9313,#9207,#15787,.T.);
#15789=ORIENTED_EDGE('',*,*,#15773,.F.);
#15790=ORIENTED_EDGE('',*,*,#15785,.T.);
#15791=ORIENTED_EDGE('',*,*,#15788,.T.);
#15792=DIRECTION('',(0.0,1.0,-0.0));
#15793=DIRECTION('',(-0.5323918993832855,0.0,0.8464980008665451));
#15794=AXIS2_PLACEMENT_3D('',#9206,#15792,#15793);
#15795=PLANE('',#15794);
#15796=EDGE_LOOP('',(#15789,#15790,#15791));
#15797=FACE_BOUND('',#15796,.T.);
#15798=ADVANCED_FACE('',(#15797),#15795,.T.);
#15799=DIRECTION('',(0.7070924389771077,0.0,0.7071211231050911));
#15800=VECTOR('',#15799,1000.0);
#15801=LINE('',#9312,#15800);
#15802=EDGE_CURVE('',#9313,#9315,#15801,.T.);
#15803=DIRECTION('',(0.4721793903174826,0.0,-0.881502480631456));
#15804=VECTOR('',#15803,1000.0);
#15805=LINE('',#9314,#15804);
#15806=EDGE_CURVE('',#9315,#9207,#15805,.T.);
#15807=ORIENTED_EDGE('',*,*,#15802,.T.);
#15808=ORIENTED_EDGE('',*,*,#15806,.T.);
#15809=ORIENTED_EDGE('',*,*,#15788,.F.);
#15810=DIRECTION('',(0.7070924389771077,0.0,0.7071211231050911));
#15811=AXIS2_PLACEMENT_3D('',#9312,#8069,#15810);
#15812=PLANE('',#15811);
#15813=EDGE_LOOP('',(#15807,#15808,#15809));
#15814=FACE_BOUND('',#15813,.T.);
#15815=ADVANCED_FACE('',(#15814),#15812,.T.);
#15816=LINE('',#9314,#11728);
#15817=EDGE_CURVE('',#9315,#9317,#15816,.T.);
#15818=DIRECTION('',(0.4446600273595731,0.0,-0.8956994250688027));
#15819=VECTOR('',#15818,1000.0);
#15820=LINE('',#9316,#15819);
#15821=EDGE_CURVE('',#9317,#9207,#15820,.T.);
#15822=ORIENTED_EDGE('',*,*,#15806,.F.);
#15823=ORIENTED_EDGE('',*,*,#15817,.T.);
#15824=ORIENTED_EDGE('',*,*,#15821,.T.);
#15825=DIRECTION('',(0.0,1.0,-0.0));
#15826=DIRECTION('',(-0.4721793903174826,0.0,0.881502480631456));
#15827=AXIS2_PLACEMENT_3D('',#9206,#15825,#15826);
#15828=PLANE('',#15827);
#15829=EDGE_LOOP('',(#15822,#15823,#15824));
#15830=FACE_BOUND('',#15829,.T.);
#15831=ADVANCED_FACE('',(#15830),#15828,.T.);
#15832=DIRECTION('',(0.9758565170853076,0.0,0.21841258677588343));
#15833=VECTOR('',#15832,1000.0);
#15834=LINE('',#9316,#15833);
#15835=EDGE_CURVE('',#9317,#9213,#15834,.T.);
#15836=DIRECTION('',(0.0,0.0,-1.0));
#15837=VECTOR('',#15836,1000.0);
#15838=LINE('',#9212,#15837);
#15839=EDGE_CURVE('',#9213,#9207,#15838,.T.);
#15840=ORIENTED_EDGE('',*,*,#15821,.F.);
#15841=ORIENTED_EDGE('',*,*,#15835,.T.);
#15842=ORIENTED_EDGE('',*,*,#15839,.T.);
#15843=DIRECTION('',(0.0,1.0,-0.0));
#15844=DIRECTION('',(-0.4446600273595731,0.0,0.8956994250688027));
#15845=AXIS2_PLACEMENT_3D('',#9206,#15843,#15844);
#15846=PLANE('',#15845);
#15847=EDGE_LOOP('',(#15840,#15841,#15842));
#15848=FACE_BOUND('',#15847,.T.);
#15849=ADVANCED_FACE('',(#15848),#15846,.T.);
#15850=LINE('',#9316,#11652);
#15851=EDGE_CURVE('',#9317,#9319,#15850,.T.);
#15852=DIRECTION('',(0.9876981365542686,0.0,0.15637260325013852));
#15853=VECTOR('',#15852,1000.0);
#15854=LINE('',#9318,#15853);
#15855=EDGE_CURVE('',#9319,#9213,#15854,.T.);
#15856=ORIENTED_EDGE('',*,*,#15835,.F.);
#15857=ORIENTED_EDGE('',*,*,#15851,.T.);
#15858=ORIENTED_EDGE('',*,*,#15855,.T.);
#15859=DIRECTION('',(0.0,1.0,-0.0));
#15860=DIRECTION('',(-0.9758565170853076,0.0,-0.21841258677588343));
#15861=AXIS2_PLACEMENT_3D('',#9212,#15859,#15860);
#15862=PLANE('',#15861);
#15863=EDGE_LOOP('',(#15856,#15857,#15858));
#15864=FACE_BOUND('',#15863,.T.);
#15865=ADVANCED_FACE('',(#15864),#15862,.T.);
#15866=LINE('',#9318,#11682);
#15867=EDGE_CURVE('',#9319,#9299,#15866,.T.);
#15868=ORIENTED_EDGE('',*,*,#15855,.F.);
#15869=ORIENTED_EDGE('',*,*,#15867,.T.);
#15870=ORIENTED_EDGE('',*,*,#15681,.F.);
#15871=DIRECTION('',(0.0,1.0,-0.0));
#15872=DIRECTION('',(-0.9876981365542686,0.0,-0.15637260325013852));
#15873=AXIS2_PLACEMENT_3D('',#9212,#15871,#15872);
#15874=PLANE('',#15873);
#15875=EDGE_LOOP('',(#15868,#15869,#15870));
#15876=FACE_BOUND('',#15875,.T.);
#15877=ADVANCED_FACE('',(#15876),#15874,.T.);
#15878=LINE('',#9300,#15131);
#15879=EDGE_CURVE('',#9301,#9321,#15878,.T.);
#15880=LINE('',#9320,#8009);
#15881=EDGE_CURVE('',#9321,#9303,#15880,.T.);
#15882=ORIENTED_EDGE('',*,*,#15879,.T.);
#15883=ORIENTED_EDGE('',*,*,#15881,.T.);
#15884=ORIENTED_EDGE('',*,*,#15691,.F.);
#15885=AXIS2_PLACEMENT_3D('',#9300,#462,#15130);
#15886=PLANE('',#15885);
#15887=EDGE_LOOP('',(#15882,#15883,#15884));
#15888=FACE_BOUND('',#15887,.T.);
#15889=ADVANCED_FACE('',(#15888),#15886,.T.);
#15890=LINE('',#9320,#15148);
#15891=EDGE_CURVE('',#9321,#9323,#15890,.T.);
#15892=DIRECTION('',(-0.1296905423764198,0.0,0.9915545185304285));
#15893=VECTOR('',#15892,1000.0);
#15894=LINE('',#9322,#15893);
#15895=EDGE_CURVE('',#9323,#9303,#15894,.T.);
#15896=ORIENTED_EDGE('',*,*,#15881,.F.);
#15897=ORIENTED_EDGE('',*,*,#15891,.T.);
#15898=ORIENTED_EDGE('',*,*,#15895,.T.);
#15899=AXIS2_PLACEMENT_3D('',#9302,#462,#7538);
#15900=PLANE('',#15899);
#15901=EDGE_LOOP('',(#15896,#15897,#15898));
#15902=FACE_BOUND('',#15901,.T.);
#15903=ADVANCED_FACE('',(#15902),#15900,.T.);
#15904=LINE('',#9322,#15249);
#15905=EDGE_CURVE('',#9323,#9325,#15904,.T.);
#15906=LINE('',#9324,#15577);
#15907=EDGE_CURVE('',#9325,#9303,#15906,.T.);
#15908=ORIENTED_EDGE('',*,*,#15895,.F.);
#15909=ORIENTED_EDGE('',*,*,#15905,.T.);
#15910=ORIENTED_EDGE('',*,*,#15907,.T.);
#15911=AXIS2_PLACEMENT_3D('',#9302,#462,#15475);
#15912=PLANE('',#15911);
#15913=EDGE_LOOP('',(#15908,#15909,#15910));
#15914=FACE_BOUND('',#15913,.T.);
#15915=ADVANCED_FACE('',(#15914),#15912,.T.);
#15916=DIRECTION('',(0.05218011197783184,0.0,-0.9986376900127397));
#15917=VECTOR('',#15916,1000.0);
#15918=LINE('',#9294,#15917);
#15919=EDGE_CURVE('',#9295,#9327,#15918,.T.);
#15920=DIRECTION('',(-0.99666450950313,0.0,0.08160793770758634));
#15921=VECTOR('',#15920,1000.0);
#15922=LINE('',#9326,#15921);
#15923=EDGE_CURVE('',#9327,#9297,#15922,.T.);
#15924=ORIENTED_EDGE('',*,*,#15604,.F.);
#15925=ORIENTED_EDGE('',*,*,#15919,.T.);
#15926=ORIENTED_EDGE('',*,*,#15923,.T.);
#15927=AXIS2_PLACEMENT_3D('',#9296,#8069,#11);
#15928=PLANE('',#15927);
#15929=EDGE_LOOP('',(#15924,#15925,#15926));
#15930=FACE_BOUND('',#15929,.T.);
#15931=ADVANCED_FACE('',(#15930),#15928,.T.);
#15932=DIRECTION('',(0.9961958966184601,0.0,0.08714204243958375));
#15933=VECTOR('',#15932,1000.0);
#15934=LINE('',#9294,#15933);
#15935=EDGE_CURVE('',#9295,#9303,#15934,.T.);
#15936=LINE('',#9302,#15183);
#15937=EDGE_CURVE('',#9303,#9327,#15936,.T.);
#15938=ORIENTED_EDGE('',*,*,#15919,.F.);
#15939=ORIENTED_EDGE('',*,*,#15935,.T.);
#15940=ORIENTED_EDGE('',*,*,#15937,.T.);
#15941=DIRECTION('',(0.0,1.0,-0.0));
#15942=DIRECTION('',(-0.05218011197783184,0.0,0.9986376900127397));
#15943=AXIS2_PLACEMENT_3D('',#9326,#15941,#15942);
#15944=PLANE('',#15943);
#15945=EDGE_LOOP('',(#15938,#15939,#15940));
#15946=FACE_BOUND('',#15945,.T.);
#15947=ADVANCED_FACE('',(#15946),#15944,.T.);
#15948=LINE('',#9302,#15197);
#15949=EDGE_CURVE('',#9303,#9329,#15948,.T.);
#15950=LINE('',#9328,#15201);
#15951=EDGE_CURVE('',#9329,#9327,#15950,.T.);
#15952=ORIENTED_EDGE('',*,*,#15937,.F.);
#15953=ORIENTED_EDGE('',*,*,#15949,.T.);
#15954=ORIENTED_EDGE('',*,*,#15951,.T.);
#15955=AXIS2_PLACEMENT_3D('',#9326,#8069,#15207);
#15956=PLANE('',#15955);
#15957=EDGE_LOOP('',(#15952,#15953,#15954));
#15958=FACE_BOUND('',#15957,.T.);
#15959=ADVANCED_FACE('',(#15958),#15956,.T.);
#15960=LINE('',#9324,#15236);
#15961=EDGE_CURVE('',#9325,#9329,#15960,.T.);
#15962=ORIENTED_EDGE('',*,*,#15949,.F.);
#15963=ORIENTED_EDGE('',*,*,#15907,.F.);
#15964=ORIENTED_EDGE('',*,*,#15961,.T.);
#15965=DIRECTION('',(-0.0,1.0,-0.0));
#15966=AXIS2_PLACEMENT_3D('',#9328,#15965,#15225);
#15967=PLANE('',#15966);
#15968=EDGE_LOOP('',(#15962,#15963,#15964));
#15969=FACE_BOUND('',#15968,.T.);
#15970=ADVANCED_FACE('',(#15969),#15967,.T.);
#15971=LINE('',#9164,#8690);
#15972=EDGE_CURVE('',#9165,#9331,#15971,.T.);
#15973=DIRECTION('',(0.996647010060187,0.0,0.08182137457956548));
#15974=VECTOR('',#15973,1000.0);
#15975=LINE('',#9330,#15974);
#15976=EDGE_CURVE('',#9331,#8771,#15975,.T.);
#15977=ORIENTED_EDGE('',*,*,#15972,.T.);
#15978=ORIENTED_EDGE('',*,*,#15976,.T.);
#15979=ORIENTED_EDGE('',*,*,#14888,.F.);
#15980=DIRECTION('',(0.0,-1.0,-0.0));
#15981=AXIS2_PLACEMENT_3D('',#9164,#15980,#8689);
#15982=PLANE('',#15981);
#15983=EDGE_LOOP('',(#15977,#15978,#15979));
#15984=FACE_BOUND('',#15983,.T.);
#15985=ADVANCED_FACE('',(#15984),#15982,.T.);
#15986=DIRECTION('',(-0.25882115655168836,0.0,-0.9659252605254955));
#15987=VECTOR('',#15986,1000.0);
#15988=LINE('',#9330,#15987);
#15989=EDGE_CURVE('',#9331,#9333,#15988,.T.);
#15990=DIRECTION('',(0.9876981365542686,0.0,0.15637260325013852));
#15991=VECTOR('',#15990,1000.0);
#15992=LINE('',#9332,#15991);
#15993=EDGE_CURVE('',#9333,#8771,#15992,.T.);
#15994=ORIENTED_EDGE('',*,*,#15976,.F.);
#15995=ORIENTED_EDGE('',*,*,#15989,.T.);
#15996=ORIENTED_EDGE('',*,*,#15993,.T.);
#15997=DIRECTION('',(-0.996647010060187,0.0,-0.08182137457956548));
#15998=AXIS2_PLACEMENT_3D('',#8770,#475,#15997);
#15999=PLANE('',#15998);
#16000=EDGE_LOOP('',(#15994,#15995,#15996));
#16001=FACE_BOUND('',#16000,.T.);
#16002=ADVANCED_FACE('',(#16001),#15999,.T.);
#16003=DIRECTION('',(0.4207381842864543,0.0,-0.9071821097681201));
#16004=VECTOR('',#16003,1000.0);
#16005=LINE('',#9332,#16004);
#16006=EDGE_CURVE('',#9333,#8769,#16005,.T.);
#16007=ORIENTED_EDGE('',*,*,#15993,.F.);
#16008=ORIENTED_EDGE('',*,*,#16006,.T.);
#16009=DIRECTION('',(0.0,-1.0,-0.0));
#16010=DIRECTION('',(-0.9876981365542686,0.0,-0.15637260325013852));
#16011=AXIS2_PLACEMENT_3D('',#8770,#16009,#16010);
#16012=PLANE('',#16011);
#16013=EDGE_LOOP('',(#16007,#16008,#9382));
#16014=FACE_BOUND('',#16013,.T.);
#16015=ADVANCED_FACE('',(#16014),#16012,.T.);
#16016=DIRECTION('',(-0.42263106076404944,0.0,-0.9063018186440179));
#16017=VECTOR('',#16016,1000.0);
#16018=LINE('',#9332,#16017);
#16019=EDGE_CURVE('',#9333,#9335,#16018,.T.);
#16020=LINE('',#9334,#15819);
#16021=EDGE_CURVE('',#9335,#8769,#16020,.T.);
#16022=ORIENTED_EDGE('',*,*,#16006,.F.);
#16023=ORIENTED_EDGE('',*,*,#16019,.T.);
#16024=ORIENTED_EDGE('',*,*,#16021,.T.);
#16025=DIRECTION('',(-0.4207381842864543,0.0,0.9071821097681201));
#16026=AXIS2_PLACEMENT_3D('',#8768,#727,#16025);
#16027=PLANE('',#16026);
#16028=EDGE_LOOP('',(#16022,#16023,#16024));
#16029=FACE_BOUND('',#16028,.T.);
#16030=ADVANCED_FACE('',(#16029),#16027,.T.);
#16031=DIRECTION('',(-0.5735797725829153,0.0,-0.8191497082241628));
#16032=VECTOR('',#16031,1000.0);
#16033=LINE('',#9334,#16032);
#16034=EDGE_CURVE('',#9335,#9337,#16033,.T.);
#16035=DIRECTION('',(0.4721793903174826,0.0,-0.881502480631456));
#16036=VECTOR('',#16035,1000.0);
#16037=LINE('',#9336,#16036);
#16038=EDGE_CURVE('',#9337,#8769,#16037,.T.);
#16039=ORIENTED_EDGE('',*,*,#16021,.F.);
#16040=ORIENTED_EDGE('',*,*,#16034,.T.);
#16041=ORIENTED_EDGE('',*,*,#16038,.T.);
#16042=DIRECTION('',(-0.4446600273595731,0.0,0.8956994250688027));
#16043=AXIS2_PLACEMENT_3D('',#8768,#727,#16042);
#16044=PLANE('',#16043);
#16045=EDGE_LOOP('',(#16039,#16040,#16041));
#16046=FACE_BOUND('',#16045,.T.);
#16047=ADVANCED_FACE('',(#16046),#16044,.T.);
#16048=DIRECTION('',(-0.7070924389771077,0.0,-0.7071211231050911));
#16049=VECTOR('',#16048,1000.0);
#16050=LINE('',#9336,#16049);
#16051=EDGE_CURVE('',#9337,#9339,#16050,.T.);
#16052=LINE('',#9338,#15786);
#16053=EDGE_CURVE('',#9339,#8769,#16052,.T.);
#16054=ORIENTED_EDGE('',*,*,#16051,.T.);
#16055=ORIENTED_EDGE('',*,*,#16053,.T.);
#16056=ORIENTED_EDGE('',*,*,#16038,.F.);
#16057=DIRECTION('',(0.0,-1.0,-0.0));
#16058=DIRECTION('',(-0.7070924389771077,0.0,-0.7071211231050911));
#16059=AXIS2_PLACEMENT_3D('',#9336,#16057,#16058);
#16060=PLANE('',#16059);
#16061=EDGE_LOOP('',(#16054,#16055,#16056));
#16062=FACE_BOUND('',#16061,.T.);
#16063=ADVANCED_FACE('',(#16062),#16060,.T.);
#16064=DIRECTION('',(-0.8191591449871467,0.0,-0.5735662953695301));
#16065=VECTOR('',#16064,1000.0);
#16066=LINE('',#9338,#16065);
#16067=EDGE_CURVE('',#9339,#9341,#16066,.T.);
#16068=LINE('',#9340,#15771);
#16069=EDGE_CURVE('',#9341,#8769,#16068,.T.);
#16070=ORIENTED_EDGE('',*,*,#16053,.F.);
#16071=ORIENTED_EDGE('',*,*,#16067,.T.);
#16072=ORIENTED_EDGE('',*,*,#16069,.T.);
#16073=DIRECTION('',(-0.5019498162514235,0.0,0.8648967464184162));
#16074=AXIS2_PLACEMENT_3D('',#8768,#727,#16073);
#16075=PLANE('',#16074);
#16076=EDGE_LOOP('',(#16070,#16071,#16072));
#16077=FACE_BOUND('',#16076,.T.);
#16078=ADVANCED_FACE('',(#16077),#16075,.T.);
#16079=DIRECTION('',(0.11888666065733566,0.0,-0.9929078315320851));
#16080=VECTOR('',#16079,1000.0);
#16081=LINE('',#9340,#16080);
#16082=EDGE_CURVE('',#9341,#9159,#16081,.T.);
#16083=ORIENTED_EDGE('',*,*,#16069,.F.);
#16084=ORIENTED_EDGE('',*,*,#16082,.T.);
#16085=ORIENTED_EDGE('',*,*,#14875,.F.);
#16086=DIRECTION('',(-0.0,-1.0,-0.0));
#16087=AXIS2_PLACEMENT_3D('',#8768,#16086,#15793);
#16088=PLANE('',#16087);
#16089=EDGE_LOOP('',(#16083,#16084,#16085));
#16090=FACE_BOUND('',#16089,.T.);
#16091=ADVANCED_FACE('',(#16090),#16088,.T.);
#16092=DIRECTION('',(-0.9063128053668551,0.0,-0.4226074997300225));
#16093=VECTOR('',#16092,1000.0);
#16094=LINE('',#9340,#16093);
#16095=EDGE_CURVE('',#9341,#9343,#16094,.T.);
#16096=LINE('',#9342,#15740);
#16097=EDGE_CURVE('',#9343,#9159,#16096,.T.);
#16098=ORIENTED_EDGE('',*,*,#16082,.F.);
#16099=ORIENTED_EDGE('',*,*,#16095,.T.);
#16100=ORIENTED_EDGE('',*,*,#16097,.T.);
#16101=DIRECTION('',(-0.11888666065733566,0.0,0.9929078315320851));
#16102=AXIS2_PLACEMENT_3D('',#9158,#727,#16101);
#16103=PLANE('',#16102);
#16104=EDGE_LOOP('',(#16098,#16099,#16100));
#16105=FACE_BOUND('',#16104,.T.);
#16106=ADVANCED_FACE('',(#16105),#16103,.T.);
#16107=LINE('',#9342,#831);
#16108=EDGE_CURVE('',#9343,#9345,#16107,.T.);
#16109=LINE('',#9344,#15291);
#16110=EDGE_CURVE('',#9345,#9159,#16109,.T.);
#16111=ORIENTED_EDGE('',*,*,#16097,.F.);
#16112=ORIENTED_EDGE('',*,*,#16108,.T.);
#16113=ORIENTED_EDGE('',*,*,#16110,.T.);
#16114=DIRECTION('',(-0.0,-1.0,-0.0));
#16115=AXIS2_PLACEMENT_3D('',#9158,#16114,#15762);
#16116=PLANE('',#16115);
#16117=EDGE_LOOP('',(#16111,#16112,#16113));
#16118=FACE_BOUND('',#16117,.T.);
#16119=ADVANCED_FACE('',(#16118),#16116,.T.);
#16120=LINE('',#9346,#15470);
#16121=EDGE_CURVE('',#9347,#9349,#16120,.T.);
#16122=LINE('',#9348,#15135);
#16123=EDGE_CURVE('',#9349,#9343,#16122,.T.);
#16124=DIRECTION('',(0.07878194453682758,0.0,-0.9968918723788434));
#16125=VECTOR('',#16124,1000.0);
#16126=LINE('',#9342,#16125);
#16127=EDGE_CURVE('',#9343,#9347,#16126,.T.);
#16128=ORIENTED_EDGE('',*,*,#16121,.T.);
#16129=ORIENTED_EDGE('',*,*,#16123,.T.);
#16130=ORIENTED_EDGE('',*,*,#16127,.T.);
#16131=AXIS2_PLACEMENT_3D('',#9346,#475,#15469);
#16132=PLANE('',#16131);
#16133=EDGE_LOOP('',(#16128,#16129,#16130));
#16134=FACE_BOUND('',#16133,.T.);
#16135=ADVANCED_FACE('',(#16134),#16132,.T.);
#16136=LINE('',#9348,#15488);
#16137=EDGE_CURVE('',#9349,#9351,#16136,.T.);
#16138=LINE('',#9350,#15118);
#16139=EDGE_CURVE('',#9351,#9343,#16138,.T.);
#16140=ORIENTED_EDGE('',*,*,#16137,.T.);
#16141=ORIENTED_EDGE('',*,*,#16139,.T.);
#16142=ORIENTED_EDGE('',*,*,#16123,.F.);
#16143=AXIS2_PLACEMENT_3D('',#9348,#475,#15487);
#16144=PLANE('',#16143);
#16145=EDGE_LOOP('',(#16140,#16141,#16142));
#16146=FACE_BOUND('',#16145,.T.);
#16147=ADVANCED_FACE('',(#16146),#16144,.T.);
#16148=LINE('',#9350,#15526);
#16149=EDGE_CURVE('',#9351,#9353,#16148,.T.);
#16150=VECTOR('',#15733,1000.0);
#16151=LINE('',#9352,#16150);
#16152=EDGE_CURVE('',#9353,#9343,#16151,.T.);
#16153=ORIENTED_EDGE('',*,*,#16139,.F.);
#16154=ORIENTED_EDGE('',*,*,#16149,.T.);
#16155=ORIENTED_EDGE('',*,*,#16152,.T.);
#16156=AXIS2_PLACEMENT_3D('',#9342,#475,#15141);
#16157=PLANE('',#16156);
#16158=EDGE_LOOP('',(#16153,#16154,#16155));
#16159=FACE_BOUND('',#16158,.T.);
#16160=ADVANCED_FACE('',(#16159),#16157,.T.);
#16161=LINE('',#9352,#15543);
#16162=EDGE_CURVE('',#9353,#9345,#16161,.T.);
#16163=ORIENTED_EDGE('',*,*,#16152,.F.);
#16164=ORIENTED_EDGE('',*,*,#16162,.T.);
#16165=ORIENTED_EDGE('',*,*,#16108,.F.);
#16166=AXIS2_PLACEMENT_3D('',#9342,#475,#15711);
#16167=PLANE('',#16166);
#16168=EDGE_LOOP('',(#16163,#16164,#16165));
#16169=FACE_BOUND('',#16168,.T.);
#16170=ADVANCED_FACE('',(#16169),#16167,.T.);
#16171=DIRECTION('',(-0.9905912865535037,0.0,-0.13685358235820577));
#16172=VECTOR('',#16171,1000.0);
#16173=LINE('',#9354,#16172);
#16174=EDGE_CURVE('',#9355,#9161,#16173,.T.);
#16175=DIRECTION('',(0.023597645406290557,0.0,0.9997215367947611));
#16176=VECTOR('',#16175,1000.0);
#16177=LINE('',#9162,#16176);
#16178=EDGE_CURVE('',#9163,#9355,#16177,.T.);
#16179=ORIENTED_EDGE('',*,*,#16174,.T.);
#16180=ORIENTED_EDGE('',*,*,#14930,.F.);
#16181=ORIENTED_EDGE('',*,*,#16178,.T.);
#16182=DIRECTION('',(0.0,-1.0,-0.0));
#16183=DIRECTION('',(-0.9905912865535037,0.0,-0.13685358235820577));
#16184=AXIS2_PLACEMENT_3D('',#9354,#16182,#16183);
#16185=PLANE('',#16184);
#16186=EDGE_LOOP('',(#16179,#16180,#16181));
#16187=FACE_BOUND('',#16186,.T.);
#16188=ADVANCED_FACE('',(#16187),#16185,.T.);
#16189=DIRECTION('',(0.9913346342191267,0.0,-0.13136073613386268));
#16190=VECTOR('',#16189,1000.0);
#16191=LINE('',#9162,#16190);
#16192=EDGE_CURVE('',#9163,#9357,#16191,.T.);
#16193=LINE('',#9356,#15457);
#16194=EDGE_CURVE('',#9357,#9355,#16193,.T.);
#16195=ORIENTED_EDGE('',*,*,#16192,.T.);
#16196=ORIENTED_EDGE('',*,*,#16194,.T.);
#16197=ORIENTED_EDGE('',*,*,#16178,.F.);
#16198=DIRECTION('',(0.9913346342191267,0.0,-0.13136073613386268));
#16199=AXIS2_PLACEMENT_3D('',#9162,#475,#16198);
#16200=PLANE('',#16199);
#16201=EDGE_LOOP('',(#16195,#16196,#16197));
#16202=FACE_BOUND('',#16201,.T.);
#16203=ADVANCED_FACE('',(#16202),#16200,.T.);
#16204=DIRECTION('',(0.970108253887436,0.0,-0.24267256898848294));
#16205=VECTOR('',#16204,1000.0);
#16206=LINE('',#9356,#16205);
#16207=EDGE_CURVE('',#9357,#9359,#16206,.T.);
#16208=LINE('',#9358,#15560);
#16209=EDGE_CURVE('',#9359,#9355,#16208,.T.);
#16210=ORIENTED_EDGE('',*,*,#16194,.F.);
#16211=ORIENTED_EDGE('',*,*,#16207,.T.);
#16212=ORIENTED_EDGE('',*,*,#16209,.T.);
#16213=DIRECTION('',(0.0,-1.0,-0.0));
#16214=AXIS2_PLACEMENT_3D('',#9354,#16213,#15182);
#16215=PLANE('',#16214);
#16216=EDGE_LOOP('',(#16210,#16211,#16212));
#16217=FACE_BOUND('',#16216,.T.);
#16218=ADVANCED_FACE('',(#16217),#16215,.T.);
#16219=VECTOR('',#15242,1000.0);
#16220=LINE('',#9358,#16219);
#16221=EDGE_CURVE('',#9359,#9343,#16220,.T.);
#16222=DIRECTION('',(-0.9659180890033782,0.0,-0.258847919319553));
#16223=VECTOR('',#16222,1000.0);
#16224=LINE('',#9342,#16223);
#16225=EDGE_CURVE('',#9343,#9355,#16224,.T.);
#16226=ORIENTED_EDGE('',*,*,#16209,.F.);
#16227=ORIENTED_EDGE('',*,*,#16221,.T.);
#16228=ORIENTED_EDGE('',*,*,#16225,.T.);
#16229=AXIS2_PLACEMENT_3D('',#9354,#475,#15196);
#16230=PLANE('',#16229);
#16231=EDGE_LOOP('',(#16226,#16227,#16228));
#16232=FACE_BOUND('',#16231,.T.);
#16233=ADVANCED_FACE('',(#16232),#16230,.T.);
#16234=LINE('',#9358,#15573);
#16235=EDGE_CURVE('',#9359,#9361,#16234,.T.);
#16236=VECTOR('',#15256,1000.0);
#16237=LINE('',#9360,#16236);
#16238=EDGE_CURVE('',#9361,#9343,#16237,.T.);
#16239=ORIENTED_EDGE('',*,*,#16221,.F.);
#16240=ORIENTED_EDGE('',*,*,#16235,.T.);
#16241=ORIENTED_EDGE('',*,*,#16238,.T.);
#16242=DIRECTION('',(0.0,-1.0,-0.0));
#16243=AXIS2_PLACEMENT_3D('',#9342,#16242,#15217);
#16244=PLANE('',#16243);
#16245=EDGE_LOOP('',(#16239,#16240,#16241));
#16246=FACE_BOUND('',#16245,.T.);
#16247=ADVANCED_FACE('',(#16246),#16244,.T.);
#16248=LINE('',#9360,#15589);
#16249=EDGE_CURVE('',#9361,#9347,#16248,.T.);
#16250=ORIENTED_EDGE('',*,*,#16238,.F.);
#16251=ORIENTED_EDGE('',*,*,#16249,.T.);
#16252=ORIENTED_EDGE('',*,*,#16127,.F.);
#16253=AXIS2_PLACEMENT_3D('',#9342,#475,#15231);
#16254=PLANE('',#16253);
#16255=EDGE_LOOP('',(#16250,#16251,#16252));
#16256=FACE_BOUND('',#16255,.T.);
#16257=ADVANCED_FACE('',(#16256),#16254,.T.);
#16258=DIRECTION('',(0.0,0.01999600119960013,0.9998000599800071));
#16259=VECTOR('',#16258,1000.0);
#16260=LINE('',#8768,#16259);
#16261=EDGE_CURVE('',#8769,#9213,#16260,.T.);
#16262=ORIENTED_EDGE('',*,*,#16261,.T.);
#16263=ORIENTED_EDGE('',*,*,#14904,.F.);
#16264=DIRECTION('',(0.0,0.0,-1.0));
#16265=AXIS2_PLACEMENT_3D('',#8770,#5296,#16264);
#16266=PLANE('',#16265);
#16267=EDGE_LOOP('',(#10375,#16262,#16263));
#16268=FACE_BOUND('',#16267,.T.);
#16269=ADVANCED_FACE('',(#16268),#16266,.T.);
#16270=ORIENTED_EDGE('',*,*,#16261,.F.);
#16271=ORIENTED_EDGE('',*,*,#14859,.F.);
#16272=ORIENTED_EDGE('',*,*,#15839,.F.);
#16273=DIRECTION('',(0.0,-0.01999600119960013,-0.9998000599800071));
#16274=AXIS2_PLACEMENT_3D('',#9212,#5296,#16273);
#16275=PLANE('',#16274);
#16276=EDGE_LOOP('',(#16270,#16271,#16272));
#16277=FACE_BOUND('',#16276,.T.);
#16278=ADVANCED_FACE('',(#16277),#16275,.T.);
#16279=DIRECTION('',(-0.1542165024623841,0.5224136262275969,0.8386305941831612));
#16280=VECTOR('',#16279,1000.0);
#16281=LINE('',#9256,#16280);
#16282=EDGE_CURVE('',#9257,#9233,#16281,.T.);
#16283=ORIENTED_EDGE('',*,*,#15644,.F.);
#16284=ORIENTED_EDGE('',*,*,#16282,.T.);
#16285=ORIENTED_EDGE('',*,*,#15070,.F.);
#16286=DIRECTION('',(-0.9835091553815657,-0.0,-0.18085834589711178));
#16287=AXIS2_PLACEMENT_3D('',#9136,#16286,#475);
#16288=PLANE('',#16287);
#16289=EDGE_LOOP('',(#16283,#16284,#16285));
#16290=FACE_BOUND('',#16289,.T.);
#16291=ADVANCED_FACE('',(#16290),#16288,.T.);
#16292=LINE('',#9254,#463);
#16293=EDGE_CURVE('',#9255,#9233,#16292,.T.);
#16294=ORIENTED_EDGE('',*,*,#16282,.F.);
#16295=ORIENTED_EDGE('',*,*,#15293,.F.);
#16296=ORIENTED_EDGE('',*,*,#16293,.T.);
#16297=DIRECTION('',(-0.9835091553815657,0.0,-0.18085834589711178));
#16298=DIRECTION('',(0.1542165024623841,-0.5224136262275969,-0.8386305941831612));
#16299=AXIS2_PLACEMENT_3D('',#9232,#16297,#16298);
#16300=PLANE('',#16299);
#16301=EDGE_LOOP('',(#16294,#16295,#16296));
#16302=FACE_BOUND('',#16301,.T.);
#16303=ADVANCED_FACE('',(#16302),#16300,.T.);
#16304=DIRECTION('',(-0.2885811516636906,0.5224133809987083,0.8023747118759144));
#16305=VECTOR('',#16304,1000.0);
#16306=LINE('',#9254,#16305);
#16307=EDGE_CURVE('',#9255,#9235,#16306,.T.);
#16308=ORIENTED_EDGE('',*,*,#16293,.F.);
#16309=ORIENTED_EDGE('',*,*,#16307,.T.);
#16310=ORIENTED_EDGE('',*,*,#15086,.F.);
#16311=DIRECTION('',(-0.9409896819942963,-0.0,-0.33843524990797436));
#16312=AXIS2_PLACEMENT_3D('',#9232,#16311,#475);
#16313=PLANE('',#16312);
#16314=EDGE_LOOP('',(#16308,#16309,#16310));
#16315=FACE_BOUND('',#16314,.T.);
#16316=ADVANCED_FACE('',(#16315),#16313,.T.);
#16317=LINE('',#9288,#463);
#16318=EDGE_CURVE('',#9289,#9235,#16317,.T.);
#16319=ORIENTED_EDGE('',*,*,#16307,.F.);
#16320=ORIENTED_EDGE('',*,*,#15545,.F.);
#16321=ORIENTED_EDGE('',*,*,#16318,.T.);
#16322=DIRECTION('',(-0.9409896819942963,0.0,-0.33843524990797436));
#16323=DIRECTION('',(0.2885811516636906,-0.5224133809987083,-0.8023747118759144));
#16324=AXIS2_PLACEMENT_3D('',#9234,#16322,#16323);
#16325=PLANE('',#16324);
#16326=EDGE_LOOP('',(#16319,#16320,#16321));
#16327=FACE_BOUND('',#16326,.T.);
#16328=ADVANCED_FACE('',(#16327),#16325,.T.);
#16329=DIRECTION('',(-0.4152923055628845,0.5224131147404086,0.7447260157181891));
#16330=VECTOR('',#16329,1000.0);
#16331=LINE('',#9288,#16330);
#16332=EDGE_CURVE('',#9289,#9237,#16331,.T.);
#16333=ORIENTED_EDGE('',*,*,#16318,.F.);
#16334=ORIENTED_EDGE('',*,*,#16332,.T.);
#16335=ORIENTED_EDGE('',*,*,#15103,.F.);
#16336=DIRECTION('',(-0.8733816660306126,-0.0,-0.48703641079655585));
#16337=AXIS2_PLACEMENT_3D('',#9234,#16336,#475);
#16338=PLANE('',#16337);
#16339=EDGE_LOOP('',(#16333,#16334,#16335));
#16340=FACE_BOUND('',#16339,.T.);
#16341=ADVANCED_FACE('',(#16340),#16338,.T.);
#16342=LINE('',#9286,#463);
#16343=EDGE_CURVE('',#9287,#9237,#16342,.T.);
#16344=ORIENTED_EDGE('',*,*,#16332,.F.);
#16345=ORIENTED_EDGE('',*,*,#15528,.F.);
#16346=ORIENTED_EDGE('',*,*,#16343,.T.);
#16347=DIRECTION('',(-0.8733816660306126,0.0,-0.48703641079655585));
#16348=DIRECTION('',(0.4152923055628845,-0.5224131147404086,-0.7447260157181891));
#16349=AXIS2_PLACEMENT_3D('',#9236,#16347,#16348);
#16350=PLANE('',#16349);
#16351=EDGE_LOOP('',(#16344,#16345,#16346));
#16352=FACE_BOUND('',#16351,.T.);
#16353=ADVANCED_FACE('',(#16352),#16350,.T.);
#16354=DIRECTION('',(-0.5309028117930572,0.52241359094028,0.6672527590284716));
#16355=VECTOR('',#16354,1000.0);
#16356=LINE('',#9286,#16355);
#16357=EDGE_CURVE('',#9287,#9239,#16356,.T.);
#16358=ORIENTED_EDGE('',*,*,#16343,.F.);
#16359=ORIENTED_EDGE('',*,*,#16357,.T.);
#16360=ORIENTED_EDGE('',*,*,#15133,.F.);
#16361=DIRECTION('',(-0.7825247318322416,-0.0,-0.6226195018395092));
#16362=AXIS2_PLACEMENT_3D('',#9236,#16361,#475);
#16363=PLANE('',#16362);
#16364=EDGE_LOOP('',(#16358,#16359,#16360));
#16365=FACE_BOUND('',#16364,.T.);
#16366=ADVANCED_FACE('',(#16365),#16363,.T.);
#16367=LINE('',#9284,#463);
#16368=EDGE_CURVE('',#9285,#9239,#16367,.T.);
#16369=ORIENTED_EDGE('',*,*,#16357,.F.);
#16370=ORIENTED_EDGE('',*,*,#15490,.F.);
#16371=ORIENTED_EDGE('',*,*,#16368,.T.);
#16372=DIRECTION('',(-0.7825247318322416,0.0,-0.6226195018395092));
#16373=DIRECTION('',(0.5309028117930572,-0.52241359094028,-0.6672527590284716));
#16374=AXIS2_PLACEMENT_3D('',#9238,#16372,#16373);
#16375=PLANE('',#16374);
#16376=EDGE_LOOP('',(#16369,#16370,#16371));
#16377=FACE_BOUND('',#16376,.T.);
#16378=ADVANCED_FACE('',(#16377),#16375,.T.);
#16379=DIRECTION('',(-0.632367302511295,0.5224233157183624,0.5720012883800353));
#16380=VECTOR('',#16379,1000.0);
#16381=LINE('',#9284,#16380);
#16382=EDGE_CURVE('',#9285,#9241,#16381,.T.);
#16383=ORIENTED_EDGE('',*,*,#16368,.F.);
#16384=ORIENTED_EDGE('',*,*,#16382,.T.);
#16385=ORIENTED_EDGE('',*,*,#15150,.F.);
#16386=DIRECTION('',(-0.6708226775466343,-0.0,-0.7416177824790642));
#16387=AXIS2_PLACEMENT_3D('',#9238,#16386,#475);
#16388=PLANE('',#16387);
#16389=EDGE_LOOP('',(#16383,#16384,#16385));
#16390=FACE_BOUND('',#16389,.T.);
#16391=ADVANCED_FACE('',(#16390),#16388,.T.);
#16392=LINE('',#9282,#463);
#16393=EDGE_CURVE('',#9283,#9241,#16392,.T.);
#16394=ORIENTED_EDGE('',*,*,#16382,.F.);
#16395=ORIENTED_EDGE('',*,*,#15472,.F.);
#16396=ORIENTED_EDGE('',*,*,#16393,.T.);
#16397=DIRECTION('',(-0.6708226775466343,0.0,-0.7416177824790642));
#16398=DIRECTION('',(0.632367302511295,-0.5224233157183624,-0.5720012883800353));
#16399=AXIS2_PLACEMENT_3D('',#9240,#16397,#16398);
#16400=PLANE('',#16399);
#16401=EDGE_LOOP('',(#16394,#16395,#16396));
#16402=FACE_BOUND('',#16401,.T.);
#16403=ADVANCED_FACE('',(#16402),#16400,.T.);
#16404=DIRECTION('',(-0.7170020352430815,0.5224058544576194,0.46151945212058326));
#16405=VECTOR('',#16404,1000.0);
#16406=LINE('',#9282,#16405);
#16407=EDGE_CURVE('',#9283,#9249,#16406,.T.);
#16408=ORIENTED_EDGE('',*,*,#16393,.F.);
#16409=ORIENTED_EDGE('',*,*,#16407,.T.);
#16410=ORIENTED_EDGE('',*,*,#15251,.F.);
#16411=DIRECTION('',(-0.5412467361483863,-0.0,-0.8408638240575695));
#16412=AXIS2_PLACEMENT_3D('',#9240,#16411,#475);
#16413=PLANE('',#16412);
#16414=EDGE_LOOP('',(#16408,#16409,#16410));
#16415=FACE_BOUND('',#16414,.T.);
#16416=ADVANCED_FACE('',(#16415),#16413,.T.);
#16417=LINE('',#9292,#463);
#16418=EDGE_CURVE('',#9293,#9249,#16417,.T.);
#16419=ORIENTED_EDGE('',*,*,#16407,.F.);
#16420=ORIENTED_EDGE('',*,*,#15591,.F.);
#16421=ORIENTED_EDGE('',*,*,#16418,.T.);
#16422=DIRECTION('',(-0.5412467361483863,0.0,-0.8408638240575695));
#16423=DIRECTION('',(0.7170020352430815,-0.5224058544576194,-0.46151945212058326));
#16424=AXIS2_PLACEMENT_3D('',#9248,#16422,#16423);
#16425=PLANE('',#16424);
#16426=EDGE_LOOP('',(#16419,#16420,#16421));
#16427=FACE_BOUND('',#16426,.T.);
#16428=ADVANCED_FACE('',(#16427),#16425,.T.);
#16429=DIRECTION('',(-0.7825307384919463,0.5224185449575732,0.33871006362324246));
#16430=VECTOR('',#16429,1000.0);
#16431=LINE('',#9292,#16430);
#16432=EDGE_CURVE('',#9293,#9247,#16431,.T.);
#16433=ORIENTED_EDGE('',*,*,#16418,.F.);
#16434=ORIENTED_EDGE('',*,*,#16432,.T.);
#16435=ORIENTED_EDGE('',*,*,#15238,.F.);
#16436=DIRECTION('',(-0.3972257013061738,-0.0,-0.9177209500833129));
#16437=AXIS2_PLACEMENT_3D('',#9248,#16436,#475);
#16438=PLANE('',#16437);
#16439=EDGE_LOOP('',(#16433,#16434,#16435));
#16440=FACE_BOUND('',#16439,.T.);
#16441=ADVANCED_FACE('',(#16440),#16438,.T.);
#16442=LINE('',#9290,#463);
#16443=EDGE_CURVE('',#9291,#9247,#16442,.T.);
#16444=ORIENTED_EDGE('',*,*,#16432,.F.);
#16445=ORIENTED_EDGE('',*,*,#15575,.F.);
#16446=ORIENTED_EDGE('',*,*,#16443,.T.);
#16447=DIRECTION('',(-0.3972257013061738,0.0,-0.9177209500833129));
#16448=DIRECTION('',(0.7825307384919463,-0.5224185449575732,-0.33871006362324246));
#16449=AXIS2_PLACEMENT_3D('',#9246,#16447,#16448);
#16450=PLANE('',#16449);
#16451=EDGE_LOOP('',(#16444,#16445,#16446));
#16452=FACE_BOUND('',#16451,.T.);
#16453=ADVANCED_FACE('',(#16452),#16450,.T.);
#16454=DIRECTION('',(-0.8272070539088338,0.5224080671374757,0.20692583539315354));
#16455=VECTOR('',#16454,1000.0);
#16456=LINE('',#9290,#16455);
#16457=EDGE_CURVE('',#9291,#9243,#16456,.T.);
#16458=ORIENTED_EDGE('',*,*,#16443,.F.);
#16459=ORIENTED_EDGE('',*,*,#16457,.T.);
#16460=ORIENTED_EDGE('',*,*,#15203,.F.);
#16461=DIRECTION('',(-0.24267256898848297,-0.0,-0.970108253887436));
#16462=AXIS2_PLACEMENT_3D('',#9246,#16461,#475);
#16463=PLANE('',#16462);
#16464=EDGE_LOOP('',(#16458,#16459,#16460));
#16465=FACE_BOUND('',#16464,.T.);
#16466=ADVANCED_FACE('',(#16465),#16463,.T.);
#16467=LINE('',#9280,#463);
#16468=EDGE_CURVE('',#9281,#9243,#16467,.T.);
#16469=ORIENTED_EDGE('',*,*,#16457,.F.);
#16470=ORIENTED_EDGE('',*,*,#15559,.F.);
#16471=ORIENTED_EDGE('',*,*,#16468,.T.);
#16472=DIRECTION('',(-0.24267256898848297,0.0,-0.970108253887436));
#16473=DIRECTION('',(0.8272070539088338,-0.5224080671374757,-0.20692583539315354));
#16474=AXIS2_PLACEMENT_3D('',#9242,#16472,#16473);
#16475=PLANE('',#16474);
#16476=EDGE_LOOP('',(#16469,#16470,#16471));
#16477=FACE_BOUND('',#16476,.T.);
#16478=ADVANCED_FACE('',(#16477),#16475,.T.);
#16479=DIRECTION('',(-0.52975475734125,0.8452409371220465,0.0701972598279869));
#16480=VECTOR('',#16479,1000.0);
#16481=LINE('',#9280,#16480);
#16482=EDGE_CURVE('',#9281,#9145,#16481,.T.);
#16483=ORIENTED_EDGE('',*,*,#16468,.F.);
#16484=ORIENTED_EDGE('',*,*,#16482,.T.);
#16485=ORIENTED_EDGE('',*,*,#15171,.F.);
#16486=DIRECTION('',(-0.13136073613386265,-0.0,-0.9913346342191267));
#16487=AXIS2_PLACEMENT_3D('',#9242,#16486,#475);
#16488=PLANE('',#16487);
#16489=EDGE_LOOP('',(#16483,#16484,#16485));
#16490=FACE_BOUND('',#16489,.T.);
#16491=ADVANCED_FACE('',(#16490),#16488,.T.);
#16492=DIRECTION('',(0.7066626026961152,0.7066626026961152,-0.035439129525209306));
#16493=VECTOR('',#16492,1000.0);
#16494=LINE('',#9276,#16493);
#16495=EDGE_CURVE('',#9277,#9145,#16494,.T.);
#16496=ORIENTED_EDGE('',*,*,#16482,.F.);
#16497=ORIENTED_EDGE('',*,*,#15456,.F.);
#16498=ORIENTED_EDGE('',*,*,#16495,.T.);
#16499=DIRECTION('',(-0.08156715803901256,0.03160940936672235,-0.9961664740237577));
#16500=DIRECTION('',(0.52975475734125,-0.8452409371220465,-0.0701972598279869));
#16501=AXIS2_PLACEMENT_3D('',#9144,#16499,#16500);
#16502=PLANE('',#16501);
#16503=EDGE_LOOP('',(#16496,#16497,#16498));
#16504=FACE_BOUND('',#16503,.T.);
#16505=ADVANCED_FACE('',(#16504),#16502,.T.);
#16506=DIRECTION('',(0.038433050712801536,0.9992593185328391,-0.0019274174932469494));
#16507=VECTOR('',#16506,1000.0);
#16508=LINE('',#9276,#16507);
#16509=EDGE_CURVE('',#9277,#9163,#16508,.T.);
#16510=ORIENTED_EDGE('',*,*,#16495,.F.);
#16511=ORIENTED_EDGE('',*,*,#16509,.T.);
#16512=ORIENTED_EDGE('',*,*,#14486,.F.);
#16513=DIRECTION('',(-0.05008705451793579,0.0,-0.9987448557913665));
#16514=DIRECTION('',(-0.7066626026961152,-0.7066626026961152,0.035439129525209306));
#16515=AXIS2_PLACEMENT_3D('',#9144,#16513,#16514);
#16516=PLANE('',#16515);
#16517=EDGE_LOOP('',(#16510,#16511,#16512));
#16518=FACE_BOUND('',#16517,.T.);
#16519=ADVANCED_FACE('',(#16518),#16516,.T.);
#16520=DIRECTION('',(0.7066626026961158,-0.7066626026961148,-0.035439129525209334));
#16521=VECTOR('',#16520,1000.0);
#16522=LINE('',#9296,#16521);
#16523=EDGE_CURVE('',#9297,#9163,#16522,.T.);
#16524=ORIENTED_EDGE('',*,*,#16509,.F.);
#16525=ORIENTED_EDGE('',*,*,#15621,.F.);
#16526=ORIENTED_EDGE('',*,*,#16523,.T.);
#16527=DIRECTION('',(-0.038433050712801536,-0.9992593185328391,0.0019274174932469494));
#16528=AXIS2_PLACEMENT_3D('',#9162,#16513,#16527);
#16529=PLANE('',#16528);
#16530=EDGE_LOOP('',(#16524,#16525,#16526));
#16531=FACE_BOUND('',#16530,.T.);
#16532=ADVANCED_FACE('',(#16531),#16529,.T.);
#16533=DIRECTION('',(0.849844870161339,-0.5224188536415142,-0.06958619130504973));
#16534=VECTOR('',#16533,1000.0);
#16535=LINE('',#9296,#16534);
#16536=EDGE_CURVE('',#9297,#9357,#16535,.T.);
#16537=ORIENTED_EDGE('',*,*,#16523,.F.);
#16538=ORIENTED_EDGE('',*,*,#16536,.T.);
#16539=ORIENTED_EDGE('',*,*,#16192,.F.);
#16540=DIRECTION('',(-0.13092509049982906,-0.08137453518846362,-0.9880469653313415));
#16541=DIRECTION('',(-0.7066626026961158,0.7066626026961148,0.035439129525209334));
#16542=AXIS2_PLACEMENT_3D('',#9162,#16540,#16541);
#16543=PLANE('',#16542);
#16544=EDGE_LOOP('',(#16537,#16538,#16539));
#16545=FACE_BOUND('',#16544,.T.);
#16546=ADVANCED_FACE('',(#16545),#16543,.T.);
#16547=LINE('',#9326,#476);
#16548=EDGE_CURVE('',#9327,#9357,#16547,.T.);
#16549=ORIENTED_EDGE('',*,*,#16536,.F.);
#16550=ORIENTED_EDGE('',*,*,#15923,.F.);
#16551=ORIENTED_EDGE('',*,*,#16548,.T.);
#16552=DIRECTION('',(-0.08160793770758634,0.0,-0.99666450950313));
#16553=DIRECTION('',(-0.849844870161339,0.5224188536415142,0.06958619130504973));
#16554=AXIS2_PLACEMENT_3D('',#9356,#16552,#16553);
#16555=PLANE('',#16554);
#16556=EDGE_LOOP('',(#16549,#16550,#16551));
#16557=FACE_BOUND('',#16556,.T.);
#16558=ADVANCED_FACE('',(#16557),#16555,.T.);
#16559=VECTOR('',#16473,1000.0);
#16560=LINE('',#9326,#16559);
#16561=EDGE_CURVE('',#9327,#9359,#16560,.T.);
#16562=ORIENTED_EDGE('',*,*,#16548,.F.);
#16563=ORIENTED_EDGE('',*,*,#16561,.T.);
#16564=ORIENTED_EDGE('',*,*,#16207,.F.);
#16565=AXIS2_PLACEMENT_3D('',#9356,#16472,#462);
#16566=PLANE('',#16565);
#16567=EDGE_LOOP('',(#16562,#16563,#16564));
#16568=FACE_BOUND('',#16567,.T.);
#16569=ADVANCED_FACE('',(#16568),#16566,.T.);
#16570=LINE('',#9328,#476);
#16571=EDGE_CURVE('',#9329,#9359,#16570,.T.);
#16572=ORIENTED_EDGE('',*,*,#16561,.F.);
#16573=ORIENTED_EDGE('',*,*,#15951,.F.);
#16574=ORIENTED_EDGE('',*,*,#16571,.T.);
#16575=AXIS2_PLACEMENT_3D('',#9358,#16472,#16454);
#16576=PLANE('',#16575);
#16577=EDGE_LOOP('',(#16572,#16573,#16574));
#16578=FACE_BOUND('',#16577,.T.);
#16579=ADVANCED_FACE('',(#16578),#16576,.T.);
#16580=VECTOR('',#16448,1000.0);
#16581=LINE('',#9328,#16580);
#16582=EDGE_CURVE('',#9329,#9361,#16581,.T.);
#16583=ORIENTED_EDGE('',*,*,#16571,.F.);
#16584=ORIENTED_EDGE('',*,*,#16582,.T.);
#16585=ORIENTED_EDGE('',*,*,#16235,.F.);
#16586=AXIS2_PLACEMENT_3D('',#9358,#16447,#462);
#16587=PLANE('',#16586);
#16588=EDGE_LOOP('',(#16583,#16584,#16585));
#16589=FACE_BOUND('',#16588,.T.);
#16590=ADVANCED_FACE('',(#16589),#16587,.T.);
#16591=LINE('',#9324,#476);
#16592=EDGE_CURVE('',#9325,#9361,#16591,.T.);
#16593=ORIENTED_EDGE('',*,*,#16582,.F.);
#16594=ORIENTED_EDGE('',*,*,#15961,.F.);
#16595=ORIENTED_EDGE('',*,*,#16592,.T.);
#16596=AXIS2_PLACEMENT_3D('',#9360,#16447,#16429);
#16597=PLANE('',#16596);
#16598=EDGE_LOOP('',(#16593,#16594,#16595));
#16599=FACE_BOUND('',#16598,.T.);
#16600=ADVANCED_FACE('',(#16599),#16597,.T.);
#16601=VECTOR('',#16423,1000.0);
#16602=LINE('',#9324,#16601);
#16603=EDGE_CURVE('',#9325,#9347,#16602,.T.);
#16604=ORIENTED_EDGE('',*,*,#16592,.F.);
#16605=ORIENTED_EDGE('',*,*,#16603,.T.);
#16606=ORIENTED_EDGE('',*,*,#16249,.F.);
#16607=AXIS2_PLACEMENT_3D('',#9360,#16422,#462);
#16608=PLANE('',#16607);
#16609=EDGE_LOOP('',(#16604,#16605,#16606));
#16610=FACE_BOUND('',#16609,.T.);
#16611=ADVANCED_FACE('',(#16610),#16608,.T.);
#16612=LINE('',#9322,#476);
#16613=EDGE_CURVE('',#9323,#9347,#16612,.T.);
#16614=ORIENTED_EDGE('',*,*,#16603,.F.);
#16615=ORIENTED_EDGE('',*,*,#15905,.F.);
#16616=ORIENTED_EDGE('',*,*,#16613,.T.);
#16617=AXIS2_PLACEMENT_3D('',#9346,#16422,#16404);
#16618=PLANE('',#16617);
#16619=EDGE_LOOP('',(#16614,#16615,#16616));
#16620=FACE_BOUND('',#16619,.T.);
#16621=ADVANCED_FACE('',(#16620),#16618,.T.);
#16622=VECTOR('',#16398,1000.0);
#16623=LINE('',#9322,#16622);
#16624=EDGE_CURVE('',#9323,#9349,#16623,.T.);
#16625=ORIENTED_EDGE('',*,*,#16613,.F.);
#16626=ORIENTED_EDGE('',*,*,#16624,.T.);
#16627=ORIENTED_EDGE('',*,*,#16121,.F.);
#16628=DIRECTION('',(-0.6708226775466343,0.0,-0.7416177824790641));
#16629=AXIS2_PLACEMENT_3D('',#9346,#16628,#462);
#16630=PLANE('',#16629);
#16631=EDGE_LOOP('',(#16625,#16626,#16627));
#16632=FACE_BOUND('',#16631,.T.);
#16633=ADVANCED_FACE('',(#16632),#16630,.T.);
#16634=LINE('',#9320,#476);
#16635=EDGE_CURVE('',#9321,#9349,#16634,.T.);
#16636=ORIENTED_EDGE('',*,*,#16624,.F.);
#16637=ORIENTED_EDGE('',*,*,#15891,.F.);
#16638=ORIENTED_EDGE('',*,*,#16635,.T.);
#16639=DIRECTION('',(-0.6708226775466343,0.0,-0.7416177824790641));
#16640=AXIS2_PLACEMENT_3D('',#9348,#16639,#16379);
#16641=PLANE('',#16640);
#16642=EDGE_LOOP('',(#16636,#16637,#16638));
#16643=FACE_BOUND('',#16642,.T.);
#16644=ADVANCED_FACE('',(#16643),#16641,.T.);
#16645=VECTOR('',#16373,1000.0);
#16646=LINE('',#9320,#16645);
#16647=EDGE_CURVE('',#9321,#9351,#16646,.T.);
#16648=ORIENTED_EDGE('',*,*,#16635,.F.);
#16649=ORIENTED_EDGE('',*,*,#16647,.T.);
#16650=ORIENTED_EDGE('',*,*,#16137,.F.);
#16651=DIRECTION('',(-0.7825247318322416,0.0,-0.6226195018395092));
#16652=AXIS2_PLACEMENT_3D('',#9348,#16651,#462);
#16653=PLANE('',#16652);
#16654=EDGE_LOOP('',(#16648,#16649,#16650));
#16655=FACE_BOUND('',#16654,.T.);
#16656=ADVANCED_FACE('',(#16655),#16653,.T.);
#16657=LINE('',#9300,#476);
#16658=EDGE_CURVE('',#9301,#9351,#16657,.T.);
#16659=ORIENTED_EDGE('',*,*,#16647,.F.);
#16660=ORIENTED_EDGE('',*,*,#15879,.F.);
#16661=ORIENTED_EDGE('',*,*,#16658,.T.);
#16662=DIRECTION('',(-0.7825247318322416,0.0,-0.6226195018395092));
#16663=AXIS2_PLACEMENT_3D('',#9350,#16662,#16354);
#16664=PLANE('',#16663);
#16665=EDGE_LOOP('',(#16659,#16660,#16661));
#16666=FACE_BOUND('',#16665,.T.);
#16667=ADVANCED_FACE('',(#16666),#16664,.T.);
#16668=VECTOR('',#16348,1000.0);
#16669=LINE('',#9300,#16668);
#16670=EDGE_CURVE('',#9301,#9353,#16669,.T.);
#16671=ORIENTED_EDGE('',*,*,#16658,.F.);
#16672=ORIENTED_EDGE('',*,*,#16670,.T.);
#16673=ORIENTED_EDGE('',*,*,#16149,.F.);
#16674=AXIS2_PLACEMENT_3D('',#9350,#16347,#462);
#16675=PLANE('',#16674);
#16676=EDGE_LOOP('',(#16671,#16672,#16673));
#16677=FACE_BOUND('',#16676,.T.);
#16678=ADVANCED_FACE('',(#16677),#16675,.T.);
#16679=LINE('',#9304,#476);
#16680=EDGE_CURVE('',#9305,#9353,#16679,.T.);
#16681=ORIENTED_EDGE('',*,*,#16670,.F.);
#16682=ORIENTED_EDGE('',*,*,#15697,.F.);
#16683=ORIENTED_EDGE('',*,*,#16680,.T.);
#16684=AXIS2_PLACEMENT_3D('',#9352,#16347,#16329);
#16685=PLANE('',#16684);
#16686=EDGE_LOOP('',(#16681,#16682,#16683));
#16687=FACE_BOUND('',#16686,.T.);
#16688=ADVANCED_FACE('',(#16687),#16685,.T.);
#16689=VECTOR('',#16323,1000.0);
#16690=LINE('',#9304,#16689);
#16691=EDGE_CURVE('',#9305,#9345,#16690,.T.);
#16692=ORIENTED_EDGE('',*,*,#16680,.F.);
#16693=ORIENTED_EDGE('',*,*,#16691,.T.);
#16694=ORIENTED_EDGE('',*,*,#16162,.F.);
#16695=DIRECTION('',(-0.9409896819942963,0.0,-0.3384352499079744));
#16696=AXIS2_PLACEMENT_3D('',#9352,#16695,#462);
#16697=PLANE('',#16696);
#16698=EDGE_LOOP('',(#16692,#16693,#16694));
#16699=FACE_BOUND('',#16698,.T.);
#16700=ADVANCED_FACE('',(#16699),#16697,.T.);
#16701=LINE('',#9308,#476);
#16702=EDGE_CURVE('',#9309,#9345,#16701,.T.);
#16703=ORIENTED_EDGE('',*,*,#16691,.F.);
#16704=ORIENTED_EDGE('',*,*,#15728,.F.);
#16705=ORIENTED_EDGE('',*,*,#16702,.T.);
#16706=DIRECTION('',(-0.9409896819942963,0.0,-0.3384352499079744));
#16707=AXIS2_PLACEMENT_3D('',#9344,#16706,#16304);
#16708=PLANE('',#16707);
#16709=EDGE_LOOP('',(#16703,#16704,#16705));
#16710=FACE_BOUND('',#16709,.T.);
#16711=ADVANCED_FACE('',(#16710),#16708,.T.);
#16712=VECTOR('',#16298,1000.0);
#16713=LINE('',#9308,#16712);
#16714=EDGE_CURVE('',#9309,#9159,#16713,.T.);
#16715=ORIENTED_EDGE('',*,*,#16702,.F.);
#16716=ORIENTED_EDGE('',*,*,#16714,.T.);
#16717=ORIENTED_EDGE('',*,*,#16110,.F.);
#16718=AXIS2_PLACEMENT_3D('',#9344,#16297,#462);
#16719=PLANE('',#16718);
#16720=EDGE_LOOP('',(#16715,#16716,#16717));
#16721=FACE_BOUND('',#16720,.T.);
#16722=ADVANCED_FACE('',(#16721),#16719,.T.);
#16723=ORIENTED_EDGE('',*,*,#16714,.F.);
#16724=ORIENTED_EDGE('',*,*,#15744,.F.);
#16725=ORIENTED_EDGE('',*,*,#14877,.F.);
#16726=AXIS2_PLACEMENT_3D('',#9158,#16297,#16279);
#16727=PLANE('',#16726);
#16728=EDGE_LOOP('',(#16723,#16724,#16725));
#16729=FACE_BOUND('',#16728,.T.);
#16730=ADVANCED_FACE('',(#16729),#16727,.T.);
#16731=DIRECTION('',(-0.0755870533197058,-0.49761062093287345,-0.8641008432499322));
#16732=VECTOR('',#16731,1000.0);
#16733=LINE('',#9152,#16732);
#16734=EDGE_CURVE('',#9153,#9261,#16733,.T.);
#16735=ORIENTED_EDGE('',*,*,#15658,.F.);
#16736=ORIENTED_EDGE('',*,*,#16734,.T.);
#16737=ORIENTED_EDGE('',*,*,#15309,.F.);
#16738=DIRECTION('',(-0.9961958966184595,0.0,0.08714204243959062));
#16739=AXIS2_PLACEMENT_3D('',#9258,#16738,#462);
#16740=PLANE('',#16739);
#16741=EDGE_LOOP('',(#16735,#16736,#16737));
#16742=FACE_BOUND('',#16741,.T.);
#16743=ADVANCED_FACE('',(#16742),#16740,.T.);
#16744=LINE('',#9214,#476);
#16745=EDGE_CURVE('',#9215,#9261,#16744,.T.);
#16746=ORIENTED_EDGE('',*,*,#16734,.F.);
#16747=ORIENTED_EDGE('',*,*,#14939,.F.);
#16748=ORIENTED_EDGE('',*,*,#16745,.T.);
#16749=DIRECTION('',(-0.9961958966184595,0.0,0.08714204243959062));
#16750=DIRECTION('',(0.0755870533197058,0.49761062093287345,0.8641008432499322));
#16751=AXIS2_PLACEMENT_3D('',#9260,#16749,#16750);
#16752=PLANE('',#16751);
#16753=EDGE_LOOP('',(#16746,#16747,#16748));
#16754=FACE_BOUND('',#16753,.T.);
#16755=ADVANCED_FACE('',(#16754),#16752,.T.);
#16756=DIRECTION('',(-0.2245004740004961,-0.49761825113708574,-0.8378398494395101));
#16757=VECTOR('',#16756,1000.0);
#16758=LINE('',#9214,#16757);
#16759=EDGE_CURVE('',#9215,#9263,#16758,.T.);
#16760=ORIENTED_EDGE('',*,*,#16745,.F.);
#16761=ORIENTED_EDGE('',*,*,#16759,.T.);
#16762=ORIENTED_EDGE('',*,*,#15328,.F.);
#16763=DIRECTION('',(-0.9659252605254955,0.0,0.2588211565516884));
#16764=AXIS2_PLACEMENT_3D('',#9260,#16763,#462);
#16765=PLANE('',#16764);
#16766=EDGE_LOOP('',(#16760,#16761,#16762));
#16767=FACE_BOUND('',#16766,.T.);
#16768=ADVANCED_FACE('',(#16767),#16765,.T.);
#16769=LINE('',#9230,#476);
#16770=EDGE_CURVE('',#9231,#9263,#16769,.T.);
#16771=ORIENTED_EDGE('',*,*,#16759,.F.);
#16772=ORIENTED_EDGE('',*,*,#15054,.F.);
#16773=ORIENTED_EDGE('',*,*,#16770,.T.);
#16774=DIRECTION('',(-0.9659252605254955,0.0,0.2588211565516884));
#16775=DIRECTION('',(0.2245004740004961,0.49761825113708574,0.8378398494395101));
#16776=AXIS2_PLACEMENT_3D('',#9262,#16774,#16775);
#16777=PLANE('',#16776);
#16778=EDGE_LOOP('',(#16771,#16772,#16773));
#16779=FACE_BOUND('',#16778,.T.);
#16780=ADVANCED_FACE('',(#16779),#16777,.T.);
#16781=DIRECTION('',(-0.3665902405200164,-0.4976112943124964,-0.7861263227548856));
#16782=VECTOR('',#16781,1000.0);
#16783=LINE('',#9230,#16782);
#16784=EDGE_CURVE('',#9231,#9265,#16783,.T.);
#16785=ORIENTED_EDGE('',*,*,#16770,.F.);
#16786=ORIENTED_EDGE('',*,*,#16784,.T.);
#16787=ORIENTED_EDGE('',*,*,#15359,.F.);
#16788=AXIS2_PLACEMENT_3D('',#9262,#11781,#462);
#16789=PLANE('',#16788);
#16790=EDGE_LOOP('',(#16785,#16786,#16787));
#16791=FACE_BOUND('',#16790,.T.);
#16792=ADVANCED_FACE('',(#16791),#16789,.T.);
#16793=LINE('',#9228,#476);
#16794=EDGE_CURVE('',#9229,#9265,#16793,.T.);
#16795=ORIENTED_EDGE('',*,*,#16784,.F.);
#16796=ORIENTED_EDGE('',*,*,#15038,.F.);
#16797=ORIENTED_EDGE('',*,*,#16794,.T.);
#16798=DIRECTION('',(0.3665902405200164,0.4976112943124964,0.7861263227548856));
#16799=AXIS2_PLACEMENT_3D('',#9264,#11781,#16798);
#16800=PLANE('',#16799);
#16801=EDGE_LOOP('',(#16795,#16796,#16797));
#16802=FACE_BOUND('',#16801,.T.);
#16803=ADVANCED_FACE('',(#16802),#16800,.T.);
#16804=DIRECTION('',(-0.49752035062238226,-0.49761987459730456,-0.7105265379437593));
#16805=VECTOR('',#16804,1000.0);
#16806=LINE('',#9228,#16805);
#16807=EDGE_CURVE('',#9229,#9267,#16806,.T.);
#16808=ORIENTED_EDGE('',*,*,#16794,.F.);
#16809=ORIENTED_EDGE('',*,*,#16807,.T.);
#16810=ORIENTED_EDGE('',*,*,#15374,.F.);
#16811=DIRECTION('',(-0.8191497082241629,0.0,0.5735797725829154));
#16812=AXIS2_PLACEMENT_3D('',#9264,#16811,#462);
#16813=PLANE('',#16812);
#16814=EDGE_LOOP('',(#16808,#16809,#16810));
#16815=FACE_BOUND('',#16814,.T.);
#16816=ADVANCED_FACE('',(#16815),#16813,.T.);
#16817=LINE('',#9226,#476);
#16818=EDGE_CURVE('',#9227,#9267,#16817,.T.);
#16819=ORIENTED_EDGE('',*,*,#16807,.F.);
#16820=ORIENTED_EDGE('',*,*,#15004,.F.);
#16821=ORIENTED_EDGE('',*,*,#16818,.T.);
#16822=DIRECTION('',(-0.8191497082241629,0.0,0.5735797725829154));
#16823=DIRECTION('',(0.49752035062238226,0.49761987459730456,0.7105265379437593));
#16824=AXIS2_PLACEMENT_3D('',#9266,#16822,#16823);
#16825=PLANE('',#16824);
#16826=EDGE_LOOP('',(#16819,#16820,#16821));
#16827=FACE_BOUND('',#16826,.T.);
#16828=ADVANCED_FACE('',(#16827),#16825,.T.);
#16829=DIRECTION('',(-0.6133317627209216,-0.4976120747401101,-0.6133566433246566));
#16830=VECTOR('',#16829,1000.0);
#16831=LINE('',#9226,#16830);
#16832=EDGE_CURVE('',#9227,#9269,#16831,.T.);
#16833=ORIENTED_EDGE('',*,*,#16818,.F.);
#16834=ORIENTED_EDGE('',*,*,#16832,.T.);
#16835=ORIENTED_EDGE('',*,*,#15388,.F.);
#16836=DIRECTION('',(-0.707121123105091,0.0,0.7070924389771076));
#16837=AXIS2_PLACEMENT_3D('',#9266,#16836,#462);
#16838=PLANE('',#16837);
#16839=EDGE_LOOP('',(#16833,#16834,#16835));
#16840=FACE_BOUND('',#16839,.T.);
#16841=ADVANCED_FACE('',(#16840),#16838,.T.);
#16842=LINE('',#9224,#476);
#16843=EDGE_CURVE('',#9225,#9269,#16842,.T.);
#16844=ORIENTED_EDGE('',*,*,#16832,.F.);
#16845=ORIENTED_EDGE('',*,*,#14989,.F.);
#16846=ORIENTED_EDGE('',*,*,#16843,.T.);
#16847=DIRECTION('',(-0.707121123105091,0.0,0.7070924389771076));
#16848=DIRECTION('',(0.6133317627209216,0.4976120747401101,0.6133566433246566));
#16849=AXIS2_PLACEMENT_3D('',#9268,#16847,#16848);
#16850=PLANE('',#16849);
#16851=EDGE_LOOP('',(#16844,#16845,#16846));
#16852=FACE_BOUND('',#16851,.T.);
#16853=ADVANCED_FACE('',(#16852),#16850,.T.);
#16854=DIRECTION('',(-0.7105388574918423,-0.49761107745069044,-0.49751155523520296));
#16855=VECTOR('',#16854,1000.0);
#16856=LINE('',#9224,#16855);
#16857=EDGE_CURVE('',#9225,#9271,#16856,.T.);
#16858=ORIENTED_EDGE('',*,*,#16843,.F.);
#16859=ORIENTED_EDGE('',*,*,#16857,.T.);
#16860=ORIENTED_EDGE('',*,*,#15406,.F.);
#16861=AXIS2_PLACEMENT_3D('',#9268,#11845,#462);
#16862=PLANE('',#16861);
#16863=EDGE_LOOP('',(#16858,#16859,#16860));
#16864=FACE_BOUND('',#16863,.T.);
#16865=ADVANCED_FACE('',(#16864),#16862,.T.);
#16866=LINE('',#9220,#476);
#16867=EDGE_CURVE('',#9221,#9271,#16866,.T.);
#16868=ORIENTED_EDGE('',*,*,#16857,.F.);
#16869=ORIENTED_EDGE('',*,*,#14971,.F.);
#16870=ORIENTED_EDGE('',*,*,#16867,.T.);
#16871=DIRECTION('',(0.7105388574918423,0.49761107745069044,0.49751155523520296));
#16872=AXIS2_PLACEMENT_3D('',#9270,#11845,#16871);
#16873=PLANE('',#16872);
#16874=EDGE_LOOP('',(#16868,#16869,#16870));
#16875=FACE_BOUND('',#16874,.T.);
#16876=ADVANCED_FACE('',(#16875),#16873,.T.);
#16877=DIRECTION('',(-0.7861334928459941,-0.49761583291935424,-0.3665687033200391));
#16878=VECTOR('',#16877,1000.0);
#16879=LINE('',#9220,#16878);
#16880=EDGE_CURVE('',#9221,#9273,#16879,.T.);
#16881=ORIENTED_EDGE('',*,*,#16867,.F.);
#16882=ORIENTED_EDGE('',*,*,#16880,.T.);
#16883=ORIENTED_EDGE('',*,*,#15421,.F.);
#16884=AXIS2_PLACEMENT_3D('',#9270,#11862,#462);
#16885=PLANE('',#16884);
#16886=EDGE_LOOP('',(#16881,#16882,#16883));
#16887=FACE_BOUND('',#16886,.T.);
#16888=ADVANCED_FACE('',(#16887),#16885,.T.);
#16889=LINE('',#9218,#476);
#16890=EDGE_CURVE('',#9219,#9273,#16889,.T.);
#16891=ORIENTED_EDGE('',*,*,#16880,.F.);
#16892=ORIENTED_EDGE('',*,*,#14955,.F.);
#16893=ORIENTED_EDGE('',*,*,#16890,.T.);
#16894=DIRECTION('',(0.7861334928459941,0.49761583291935424,0.3665687033200391));
#16895=AXIS2_PLACEMENT_3D('',#9272,#11862,#16894);
#16896=PLANE('',#16895);
#16897=EDGE_LOOP('',(#16891,#16892,#16893));
#16898=FACE_BOUND('',#16897,.T.);
#16899=ADVANCED_FACE('',(#16898),#16896,.T.);
#16900=DIRECTION('',(-0.8378351692331109,-0.4976154714219351,-0.22452410070558046));
#16901=VECTOR('',#16900,1000.0);
#16902=LINE('',#9218,#16901);
#16903=EDGE_CURVE('',#9219,#9279,#16902,.T.);
#16904=ORIENTED_EDGE('',*,*,#16890,.F.);
#16905=ORIENTED_EDGE('',*,*,#16903,.T.);
#16906=ORIENTED_EDGE('',*,*,#15506,.F.);
#16907=AXIS2_PLACEMENT_3D('',#9272,#11629,#462);
#16908=PLANE('',#16907);
#16909=EDGE_LOOP('',(#16904,#16905,#16906));
#16910=FACE_BOUND('',#16909,.T.);
#16911=ADVANCED_FACE('',(#16910),#16908,.T.);
#16912=LINE('',#9244,#476);
#16913=EDGE_CURVE('',#9245,#9279,#16912,.T.);
#16914=ORIENTED_EDGE('',*,*,#16903,.F.);
#16915=ORIENTED_EDGE('',*,*,#15216,.F.);
#16916=ORIENTED_EDGE('',*,*,#16913,.T.);
#16917=DIRECTION('',(0.8378351692331109,0.4976154714219351,0.22452410070558046));
#16918=AXIS2_PLACEMENT_3D('',#9278,#11629,#16917);
#16919=PLANE('',#16918);
#16920=EDGE_LOOP('',(#16914,#16915,#16916));
#16921=FACE_BOUND('',#16920,.T.);
#16922=ADVANCED_FACE('',(#16921),#16919,.T.);
#16923=DIRECTION('',(-0.864100843249934,-0.4976106209328713,-0.07558705331969995));
#16924=VECTOR('',#16923,1000.0);
#16925=LINE('',#9244,#16924);
#16926=EDGE_CURVE('',#9245,#9275,#16925,.T.);
#16927=ORIENTED_EDGE('',*,*,#16913,.F.);
#16928=ORIENTED_EDGE('',*,*,#16926,.T.);
#16929=ORIENTED_EDGE('',*,*,#15443,.F.);
#16930=DIRECTION('',(-0.08714204243958375,0.0,0.9961958966184602));
#16931=AXIS2_PLACEMENT_3D('',#9278,#16930,#462);
#16932=PLANE('',#16931);
#16933=EDGE_LOOP('',(#16927,#16928,#16929));
#16934=FACE_BOUND('',#16933,.T.);
#16935=ADVANCED_FACE('',(#16934),#16932,.T.);
#16936=LINE('',#9142,#13194);
#16937=EDGE_CURVE('',#9143,#9275,#16936,.T.);
#16938=ORIENTED_EDGE('',*,*,#16926,.F.);
#16939=ORIENTED_EDGE('',*,*,#15181,.F.);
#16940=ORIENTED_EDGE('',*,*,#16937,.T.);
#16941=DIRECTION('',(-0.13633651441784536,0.08684605820293814,0.9868485785625901));
#16942=DIRECTION('',(0.864100843249934,0.4976106209328713,0.07558705331969995));
#16943=AXIS2_PLACEMENT_3D('',#9274,#16941,#16942);
#16944=PLANE('',#16943);
#16945=EDGE_LOOP('',(#16938,#16939,#16940));
#16946=FACE_BOUND('',#16945,.T.);
#16947=ADVANCED_FACE('',(#16946),#16944,.T.);
#16948=DIRECTION('',(-0.038433050712801536,0.9992593185328391,-0.001927417493246736));
#16949=VECTOR('',#16948,1000.0);
#16950=LINE('',#9142,#16949);
#16951=EDGE_CURVE('',#9143,#9295,#16950,.T.);
#16952=ORIENTED_EDGE('',*,*,#16937,.F.);
#16953=ORIENTED_EDGE('',*,*,#16951,.T.);
#16954=ORIENTED_EDGE('',*,*,#15610,.F.);
#16955=DIRECTION('',(-0.05008705451793026,0.0,0.9987448557913667));
#16956=AXIS2_PLACEMENT_3D('',#9274,#16955,#13215);
#16957=PLANE('',#16956);
#16958=EDGE_LOOP('',(#16952,#16953,#16954));
#16959=FACE_BOUND('',#16958,.T.);
#16960=ADVANCED_FACE('',(#16959),#16957,.T.);
#16961=LINE('',#9160,#13222);
#16962=EDGE_CURVE('',#9161,#9295,#16961,.T.);
#16963=ORIENTED_EDGE('',*,*,#16951,.F.);
#16964=ORIENTED_EDGE('',*,*,#14848,.F.);
#16965=ORIENTED_EDGE('',*,*,#16962,.T.);
#16966=DIRECTION('',(-0.05008705451793026,0.0,0.9987448557913667));
#16967=DIRECTION('',(0.038433050712801536,-0.9992593185328391,0.001927417493246736));
#16968=AXIS2_PLACEMENT_3D('',#9294,#16966,#16967);
#16969=PLANE('',#16968);
#16970=EDGE_LOOP('',(#16963,#16964,#16965));
#16971=FACE_BOUND('',#16970,.T.);
#16972=ADVANCED_FACE('',(#16971),#16969,.T.);
#16973=DIRECTION('',(0.5910402315918097,0.8024986172325922,0.08165423430341666));
#16974=VECTOR('',#16973,1000.0);
#16975=LINE('',#9160,#16974);
#16976=EDGE_CURVE('',#9161,#9303,#16975,.T.);
#16977=ORIENTED_EDGE('',*,*,#16962,.F.);
#16978=ORIENTED_EDGE('',*,*,#16976,.T.);
#16979=ORIENTED_EDGE('',*,*,#15935,.F.);
#16980=DIRECTION('',(-0.0870818651944973,-0.037157141071073485,0.995507958592834));
#16981=AXIS2_PLACEMENT_3D('',#9294,#16980,#13242);
#16982=PLANE('',#16981);
#16983=EDGE_LOOP('',(#16977,#16978,#16979));
#16984=FACE_BOUND('',#16983,.T.);
#16985=ADVANCED_FACE('',(#16984),#16982,.T.);
#16986=LINE('',#9354,#463);
#16987=EDGE_CURVE('',#9355,#9303,#16986,.T.);
#16988=ORIENTED_EDGE('',*,*,#16976,.F.);
#16989=ORIENTED_EDGE('',*,*,#16174,.F.);
#16990=ORIENTED_EDGE('',*,*,#16987,.T.);
#16991=DIRECTION('',(-0.1368535823582058,0.0,0.9905912865535038));
#16992=DIRECTION('',(-0.5910402315918097,-0.8024986172325922,-0.08165423430341666));
#16993=AXIS2_PLACEMENT_3D('',#9302,#16991,#16992);
#16994=PLANE('',#16993);
#16995=EDGE_LOOP('',(#16988,#16989,#16990));
#16996=FACE_BOUND('',#16995,.T.);
#16997=ADVANCED_FACE('',(#16996),#16994,.T.);
#16998=DIRECTION('',(0.8378351692331112,0.4976154714219345,0.22452410070558054));
#16999=VECTOR('',#16998,1000.0);
#17000=LINE('',#9354,#16999);
#17001=EDGE_CURVE('',#9355,#9307,#17000,.T.);
#17002=ORIENTED_EDGE('',*,*,#16987,.F.);
#17003=ORIENTED_EDGE('',*,*,#17001,.T.);
#17004=ORIENTED_EDGE('',*,*,#15710,.F.);
#17005=AXIS2_PLACEMENT_3D('',#9302,#11629,#475);
#17006=PLANE('',#17005);
#17007=EDGE_LOOP('',(#17002,#17003,#17004));
#17008=FACE_BOUND('',#17007,.T.);
#17009=ADVANCED_FACE('',(#17008),#17006,.T.);
#17010=LINE('',#9342,#463);
#17011=EDGE_CURVE('',#9343,#9307,#17010,.T.);
#17012=ORIENTED_EDGE('',*,*,#17001,.F.);
#17013=ORIENTED_EDGE('',*,*,#16225,.F.);
#17014=ORIENTED_EDGE('',*,*,#17011,.T.);
#17015=DIRECTION('',(-0.8378351692331112,-0.4976154714219345,-0.22452410070558054));
#17016=AXIS2_PLACEMENT_3D('',#9306,#11629,#17015);
#17017=PLANE('',#17016);
#17018=EDGE_LOOP('',(#17012,#17013,#17014));
#17019=FACE_BOUND('',#17018,.T.);
#17020=ADVANCED_FACE('',(#17019),#17017,.T.);
#17021=DIRECTION('',(0.7861334928459942,0.49761583291935363,0.3665687033200392));
#17022=VECTOR('',#17021,1000.0);
#17023=LINE('',#9342,#17022);
#17024=EDGE_CURVE('',#9343,#9311,#17023,.T.);
#17025=ORIENTED_EDGE('',*,*,#17011,.F.);
#17026=ORIENTED_EDGE('',*,*,#17024,.T.);
#17027=ORIENTED_EDGE('',*,*,#15769,.F.);
#17028=AXIS2_PLACEMENT_3D('',#9306,#11862,#475);
#17029=PLANE('',#17028);
#17030=EDGE_LOOP('',(#17025,#17026,#17027));
#17031=FACE_BOUND('',#17030,.T.);
#17032=ADVANCED_FACE('',(#17031),#17029,.T.);
#17033=LINE('',#9340,#463);
#17034=EDGE_CURVE('',#9341,#9311,#17033,.T.);
#17035=ORIENTED_EDGE('',*,*,#17024,.F.);
#17036=ORIENTED_EDGE('',*,*,#16095,.F.);
#17037=ORIENTED_EDGE('',*,*,#17034,.T.);
#17038=DIRECTION('',(-0.7861334928459942,-0.49761583291935363,-0.3665687033200392));
#17039=AXIS2_PLACEMENT_3D('',#9310,#11862,#17038);
#17040=PLANE('',#17039);
#17041=EDGE_LOOP('',(#17035,#17036,#17037));
#17042=FACE_BOUND('',#17041,.T.);
#17043=ADVANCED_FACE('',(#17042),#17040,.T.);
#17044=DIRECTION('',(0.7105388574918425,0.4976110774506899,0.49751155523520313));
#17045=VECTOR('',#17044,1000.0);
#17046=LINE('',#9340,#17045);
#17047=EDGE_CURVE('',#9341,#9313,#17046,.T.);
#17048=ORIENTED_EDGE('',*,*,#17034,.F.);
#17049=ORIENTED_EDGE('',*,*,#17047,.T.);
#17050=ORIENTED_EDGE('',*,*,#15785,.F.);
#17051=AXIS2_PLACEMENT_3D('',#9310,#11845,#475);
#17052=PLANE('',#17051);
#17053=EDGE_LOOP('',(#17048,#17049,#17050));
#17054=FACE_BOUND('',#17053,.T.);
#17055=ADVANCED_FACE('',(#17054),#17052,.T.);
#17056=LINE('',#9338,#463);
#17057=EDGE_CURVE('',#9339,#9313,#17056,.T.);
#17058=ORIENTED_EDGE('',*,*,#17047,.F.);
#17059=ORIENTED_EDGE('',*,*,#16067,.F.);
#17060=ORIENTED_EDGE('',*,*,#17057,.T.);
#17061=DIRECTION('',(-0.7105388574918425,-0.4976110774506899,-0.49751155523520313));
#17062=AXIS2_PLACEMENT_3D('',#9312,#11845,#17061);
#17063=PLANE('',#17062);
#17064=EDGE_LOOP('',(#17058,#17059,#17060));
#17065=FACE_BOUND('',#17064,.T.);
#17066=ADVANCED_FACE('',(#17065),#17063,.T.);
#17067=DIRECTION('',(0.6133317627209219,0.49761207474010966,0.6133566433246569));
#17068=VECTOR('',#17067,1000.0);
#17069=LINE('',#9338,#17068);
#17070=EDGE_CURVE('',#9339,#9315,#17069,.T.);
#17071=ORIENTED_EDGE('',*,*,#17057,.F.);
#17072=ORIENTED_EDGE('',*,*,#17070,.T.);
#17073=ORIENTED_EDGE('',*,*,#15802,.F.);
#17074=DIRECTION('',(-0.7071211231050911,0.0,0.7070924389771076));
#17075=AXIS2_PLACEMENT_3D('',#9312,#17074,#475);
#17076=PLANE('',#17075);
#17077=EDGE_LOOP('',(#17071,#17072,#17073));
#17078=FACE_BOUND('',#17077,.T.);
#17079=ADVANCED_FACE('',(#17078),#17076,.T.);
#17080=LINE('',#9336,#463);
#17081=EDGE_CURVE('',#9337,#9315,#17080,.T.);
#17082=ORIENTED_EDGE('',*,*,#17070,.F.);
#17083=ORIENTED_EDGE('',*,*,#16051,.F.);
#17084=ORIENTED_EDGE('',*,*,#17081,.T.);
#17085=DIRECTION('',(-0.7071211231050911,0.0,0.7070924389771076));
#17086=DIRECTION('',(-0.6133317627209219,-0.49761207474010966,-0.6133566433246569));
#17087=AXIS2_PLACEMENT_3D('',#9314,#17085,#17086);
#17088=PLANE('',#17087);
#17089=EDGE_LOOP('',(#17082,#17083,#17084));
#17090=FACE_BOUND('',#17089,.T.);
#17091=ADVANCED_FACE('',(#17090),#17088,.T.);
#17092=DIRECTION('',(0.49752035062238253,0.4976198745973041,0.7105265379437596));
#17093=VECTOR('',#17092,1000.0);
#17094=LINE('',#9336,#17093);
#17095=EDGE_CURVE('',#9337,#9317,#17094,.T.);
#17096=ORIENTED_EDGE('',*,*,#17081,.F.);
#17097=ORIENTED_EDGE('',*,*,#17095,.T.);
#17098=ORIENTED_EDGE('',*,*,#15817,.F.);
#17099=DIRECTION('',(-0.819149708224163,0.0,0.5735797725829154));
#17100=AXIS2_PLACEMENT_3D('',#9314,#17099,#475);
#17101=PLANE('',#17100);
#17102=EDGE_LOOP('',(#17096,#17097,#17098));
#17103=FACE_BOUND('',#17102,.T.);
#17104=ADVANCED_FACE('',(#17103),#17101,.T.);
#17105=LINE('',#9334,#463);
#17106=EDGE_CURVE('',#9335,#9317,#17105,.T.);
#17107=ORIENTED_EDGE('',*,*,#17095,.F.);
#17108=ORIENTED_EDGE('',*,*,#16034,.F.);
#17109=ORIENTED_EDGE('',*,*,#17106,.T.);
#17110=DIRECTION('',(-0.819149708224163,0.0,0.5735797725829154));
#17111=DIRECTION('',(-0.49752035062238253,-0.4976198745973041,-0.7105265379437596));
#17112=AXIS2_PLACEMENT_3D('',#9316,#17110,#17111);
#17113=PLANE('',#17112);
#17114=EDGE_LOOP('',(#17107,#17108,#17109));
#17115=FACE_BOUND('',#17114,.T.);
#17116=ADVANCED_FACE('',(#17115),#17113,.T.);
#17117=DIRECTION('',(0.36659024052001654,0.4976112943124959,0.7861263227548858));
#17118=VECTOR('',#17117,1000.0);
#17119=LINE('',#9334,#17118);
#17120=EDGE_CURVE('',#9335,#9319,#17119,.T.);
#17121=ORIENTED_EDGE('',*,*,#17106,.F.);
#17122=ORIENTED_EDGE('',*,*,#17120,.T.);
#17123=ORIENTED_EDGE('',*,*,#15851,.F.);
#17124=AXIS2_PLACEMENT_3D('',#9316,#11781,#475);
#17125=PLANE('',#17124);
#17126=EDGE_LOOP('',(#17121,#17122,#17123));
#17127=FACE_BOUND('',#17126,.T.);
#17128=ADVANCED_FACE('',(#17127),#17125,.T.);
#17129=LINE('',#9332,#463);
#17130=EDGE_CURVE('',#9333,#9319,#17129,.T.);
#17131=ORIENTED_EDGE('',*,*,#17120,.F.);
#17132=ORIENTED_EDGE('',*,*,#16019,.F.);
#17133=ORIENTED_EDGE('',*,*,#17130,.T.);
#17134=DIRECTION('',(-0.36659024052001654,-0.4976112943124959,-0.7861263227548858));
#17135=AXIS2_PLACEMENT_3D('',#9318,#11781,#17134);
#17136=PLANE('',#17135);
#17137=EDGE_LOOP('',(#17131,#17132,#17133));
#17138=FACE_BOUND('',#17137,.T.);
#17139=ADVANCED_FACE('',(#17138),#17136,.T.);
#17140=DIRECTION('',(0.2245004740004962,0.4976182511370852,0.8378398494395103));
#17141=VECTOR('',#17140,1000.0);
#17142=LINE('',#9332,#17141);
#17143=EDGE_CURVE('',#9333,#9299,#17142,.T.);
#17144=ORIENTED_EDGE('',*,*,#17130,.F.);
#17145=ORIENTED_EDGE('',*,*,#17143,.T.);
#17146=ORIENTED_EDGE('',*,*,#15867,.F.);
#17147=DIRECTION('',(-0.9659252605254957,0.0,0.25882115655168836));
#17148=AXIS2_PLACEMENT_3D('',#9318,#17147,#475);
#17149=PLANE('',#17148);
#17150=EDGE_LOOP('',(#17144,#17145,#17146));
#17151=FACE_BOUND('',#17150,.T.);
#17152=ADVANCED_FACE('',(#17151),#17149,.T.);
#17153=LINE('',#9330,#463);
#17154=EDGE_CURVE('',#9331,#9299,#17153,.T.);
#17155=ORIENTED_EDGE('',*,*,#17143,.F.);
#17156=ORIENTED_EDGE('',*,*,#15989,.F.);
#17157=ORIENTED_EDGE('',*,*,#17154,.T.);
#17158=DIRECTION('',(-0.9659252605254957,0.0,0.25882115655168836));
#17159=DIRECTION('',(-0.2245004740004962,-0.4976182511370852,-0.8378398494395103));
#17160=AXIS2_PLACEMENT_3D('',#9298,#17158,#17159);
#17161=PLANE('',#17160);
#17162=EDGE_LOOP('',(#17155,#17156,#17157));
#17163=FACE_BOUND('',#17162,.T.);
#17164=ADVANCED_FACE('',(#17163),#17161,.T.);
#17165=DIRECTION('',(0.07558705331970583,0.49761062093287295,0.8641008432499325));
#17166=VECTOR('',#17165,1000.0);
#17167=LINE('',#9330,#17166);
#17168=EDGE_CURVE('',#9331,#9211,#17167,.T.);
#17169=ORIENTED_EDGE('',*,*,#17154,.F.);
#17170=ORIENTED_EDGE('',*,*,#17168,.T.);
#17171=ORIENTED_EDGE('',*,*,#15677,.F.);
#17172=DIRECTION('',(-0.9961958966184595,0.0,0.08714204243959062));
#17173=AXIS2_PLACEMENT_3D('',#9298,#17172,#475);
#17174=PLANE('',#17173);
#17175=EDGE_LOOP('',(#17169,#17170,#17171));
#17176=FACE_BOUND('',#17175,.T.);
#17177=ADVANCED_FACE('',(#17176),#17174,.T.);
#17178=ORIENTED_EDGE('',*,*,#17168,.F.);
#17179=ORIENTED_EDGE('',*,*,#15972,.F.);
#17180=ORIENTED_EDGE('',*,*,#14893,.F.);
#17181=DIRECTION('',(-0.9961958966184595,0.0,0.08714204243959062));
#17182=DIRECTION('',(-0.07558705331970583,-0.49761062093287295,-0.8641008432499325));
#17183=AXIS2_PLACEMENT_3D('',#9210,#17181,#17182);
#17184=PLANE('',#17183);
#17185=EDGE_LOOP('',(#17178,#17179,#17180));
#17186=FACE_BOUND('',#17185,.T.);
#17187=ADVANCED_FACE('',(#17186),#17184,.T.);
#17188=EDGE_CURVE('',#9209,#9363,#14864,.T.);
#17189=DIRECTION('',(-0.9983713344239766,0.0,-0.057049790538512946));
#17190=VECTOR('',#17189,1000.0);
#17191=LINE('',#9362,#17190);
#17192=EDGE_CURVE('',#9363,#9365,#17191,.T.);
#17193=DIRECTION('',(-0.05008705451794139,0.0,0.9987448557913662));
#17194=VECTOR('',#17193,1000.0);
#17195=LINE('',#9364,#17194);
#17196=EDGE_CURVE('',#9365,#9209,#17195,.T.);
#17197=ORIENTED_EDGE('',*,*,#17188,.T.);
#17198=ORIENTED_EDGE('',*,*,#17192,.T.);
#17199=ORIENTED_EDGE('',*,*,#17196,.T.);
#17200=AXIS2_PLACEMENT_3D('',#9208,#8069,#12);
#17201=PLANE('',#17200);
#17202=EDGE_LOOP('',(#17197,#17198,#17199));
#17203=FACE_BOUND('',#17202,.T.);
#17204=ADVANCED_FACE('',(#17203),#17201,.T.);
#17205=DIRECTION('',(0.0,0.0,-1.0));
#17206=VECTOR('',#17205,1000.0);
#17207=LINE('',#9362,#17206);
#17208=EDGE_CURVE('',#9363,#9367,#17207,.T.);
#17209=LINE('',#9366,#511);
#17210=EDGE_CURVE('',#9367,#9365,#17209,.T.);
#17211=ORIENTED_EDGE('',*,*,#17192,.F.);
#17212=ORIENTED_EDGE('',*,*,#17208,.T.);
#17213=ORIENTED_EDGE('',*,*,#17210,.T.);
#17214=DIRECTION('',(0.9983713344239766,0.0,0.057049790538512946));
#17215=AXIS2_PLACEMENT_3D('',#9364,#8069,#17214);
#17216=PLANE('',#17215);
#17217=EDGE_LOOP('',(#17211,#17212,#17213));
#17218=FACE_BOUND('',#17217,.T.);
#17219=ADVANCED_FACE('',(#17218),#17216,.T.);
#17220=LINE('',#9368,#463);
#17221=EDGE_CURVE('',#9369,#9367,#17220,.T.);
#17222=DIRECTION('',(0.0,-0.9993148337667671,0.037011660509880244));
#17223=VECTOR('',#17222,1000.0);
#17224=LINE('',#9366,#17223);
#17225=EDGE_CURVE('',#9367,#9251,#17224,.T.);
#17226=DIRECTION('',(0.0,0.0,-1.0));
#17227=VECTOR('',#17226,1000.0);
#17228=LINE('',#9250,#17227);
#17229=EDGE_CURVE('',#9251,#9369,#17228,.T.);
#17230=ORIENTED_EDGE('',*,*,#17221,.T.);
#17231=ORIENTED_EDGE('',*,*,#17225,.T.);
#17232=ORIENTED_EDGE('',*,*,#17229,.T.);
#17233=DIRECTION('',(1.0,0.0,-0.0));
#17234=AXIS2_PLACEMENT_3D('',#9368,#17233,#462);
#17235=PLANE('',#17234);
#17236=EDGE_LOOP('',(#17230,#17231,#17232));
#17237=FACE_BOUND('',#17236,.T.);
#17238=ADVANCED_FACE('',(#17237),#17235,.T.);
#17239=LINE('',#9362,#476);
#17240=EDGE_CURVE('',#9363,#9251,#17239,.T.);
#17241=ORIENTED_EDGE('',*,*,#17225,.F.);
#17242=ORIENTED_EDGE('',*,*,#17208,.F.);
#17243=ORIENTED_EDGE('',*,*,#17240,.T.);
#17244=DIRECTION('',(0.0,0.9993148337667671,-0.037011660509880244));
#17245=AXIS2_PLACEMENT_3D('',#9250,#5296,#17244);
#17246=PLANE('',#17245);
#17247=EDGE_LOOP('',(#17241,#17242,#17243));
#17248=FACE_BOUND('',#17247,.T.);
#17249=ADVANCED_FACE('',(#17248),#17246,.T.);
#17250=LINE('',#9370,#492);
#17251=EDGE_CURVE('',#9371,#9369,#17250,.T.);
#17252=DIRECTION('',(-0.9983806064665819,0.0,0.05688729762803062));
#17253=VECTOR('',#17252,1000.0);
#17254=LINE('',#9368,#17253);
#17255=EDGE_CURVE('',#9369,#9257,#17254,.T.);
#17256=VECTOR('',#13214,1000.0);
#17257=LINE('',#9256,#17256);
#17258=EDGE_CURVE('',#9257,#9371,#17257,.T.);
#17259=ORIENTED_EDGE('',*,*,#17251,.T.);
#17260=ORIENTED_EDGE('',*,*,#17255,.T.);
#17261=ORIENTED_EDGE('',*,*,#17258,.T.);
#17262=AXIS2_PLACEMENT_3D('',#9370,#475,#12);
#17263=PLANE('',#17262);
#17264=EDGE_LOOP('',(#17259,#17260,#17261));
#17265=FACE_BOUND('',#17264,.T.);
#17266=ADVANCED_FACE('',(#17265),#17263,.T.);
#17267=ORIENTED_EDGE('',*,*,#17255,.F.);
#17268=ORIENTED_EDGE('',*,*,#17229,.F.);
#17269=DIRECTION('',(0.9983806064665819,0.0,-0.05688729762803062));
#17270=AXIS2_PLACEMENT_3D('',#9256,#475,#17269);
#17271=PLANE('',#17270);
#17272=EDGE_LOOP('',(#17267,#17268,#15646));
#17273=FACE_BOUND('',#17272,.T.);
#17274=ADVANCED_FACE('',(#17273),#17271,.T.);
#17275=DIRECTION('',(-0.5438954542495685,0.8391529865564775,0.0));
#17276=VECTOR('',#17275,1000.0);
#17277=LINE('',#9368,#17276);
#17278=EDGE_CURVE('',#9369,#9365,#17277,.T.);
#17279=ORIENTED_EDGE('',*,*,#17221,.F.);
#17280=ORIENTED_EDGE('',*,*,#17278,.T.);
#17281=ORIENTED_EDGE('',*,*,#17210,.F.);
#17282=AXIS2_PLACEMENT_3D('',#9366,#7787,#475);
#17283=PLANE('',#17282);
#17284=EDGE_LOOP('',(#17279,#17280,#17281));
#17285=FACE_BOUND('',#17284,.T.);
#17286=ADVANCED_FACE('',(#17285),#17283,.T.);
#17287=LINE('',#9370,#463);
#17288=EDGE_CURVE('',#9371,#9365,#17287,.T.);
#17289=ORIENTED_EDGE('',*,*,#17278,.F.);
#17290=ORIENTED_EDGE('',*,*,#17251,.F.);
#17291=ORIENTED_EDGE('',*,*,#17288,.T.);
#17292=DIRECTION('',(0.5438954542495685,-0.8391529865564775,0.0));
#17293=AXIS2_PLACEMENT_3D('',#9364,#7787,#17292);
#17294=PLANE('',#17293);
#17295=EDGE_LOOP('',(#17289,#17290,#17291));
#17296=FACE_BOUND('',#17295,.T.);
#17297=ADVANCED_FACE('',(#17296),#17294,.T.);
#17298=DIRECTION('',(-0.5449916251137645,0.8384414878546135,0.0));
#17299=VECTOR('',#17298,1000.0);
#17300=LINE('',#9250,#17299);
#17301=EDGE_CURVE('',#9251,#9209,#17300,.T.);
#17302=LINE('',#9208,#476);
#17303=EDGE_CURVE('',#9209,#9257,#17302,.T.);
#17304=ORIENTED_EDGE('',*,*,#17301,.T.);
#17305=ORIENTED_EDGE('',*,*,#17303,.T.);
#17306=DIRECTION('',(0.0,-0.0,1.0));
#17307=AXIS2_PLACEMENT_3D('',#9256,#17306,#12);
#17308=PLANE('',#17307);
#17309=EDGE_LOOP('',(#15301,#17304,#17305));
#17310=FACE_BOUND('',#17309,.T.);
#17311=ADVANCED_FACE('',(#17310),#17308,.T.);
#17312=ORIENTED_EDGE('',*,*,#17301,.F.);
#17313=ORIENTED_EDGE('',*,*,#17240,.F.);
#17314=ORIENTED_EDGE('',*,*,#17188,.F.);
#17315=DIRECTION('',(0.5449916251137645,-0.8384414878546135,0.0));
#17316=AXIS2_PLACEMENT_3D('',#9208,#7915,#17315);
#17317=PLANE('',#17316);
#17318=EDGE_LOOP('',(#17312,#17313,#17314));
#17319=FACE_BOUND('',#17318,.T.);
#17320=ADVANCED_FACE('',(#17319),#17317,.T.);
#17321=DIRECTION('',(0.0018561315771674655,-0.9993131123333443,-0.0370115967530868));
#17322=VECTOR('',#17321,1000.0);
#17323=LINE('',#9208,#17322);
#17324=EDGE_CURVE('',#9209,#9371,#17323,.T.);
#17325=ORIENTED_EDGE('',*,*,#17303,.F.);
#17326=ORIENTED_EDGE('',*,*,#17324,.T.);
#17327=ORIENTED_EDGE('',*,*,#17258,.F.);
#17328=DIRECTION('',(-0.9987448557913663,0.0,-0.05008705451794139));
#17329=AXIS2_PLACEMENT_3D('',#9256,#17328,#462);
#17330=PLANE('',#17329);
#17331=EDGE_LOOP('',(#17325,#17326,#17327));
#17332=FACE_BOUND('',#17331,.T.);
#17333=ADVANCED_FACE('',(#17332),#17330,.T.);
#17334=ORIENTED_EDGE('',*,*,#17324,.F.);
#17335=ORIENTED_EDGE('',*,*,#17196,.F.);
#17336=ORIENTED_EDGE('',*,*,#17288,.F.);
#17337=DIRECTION('',(-0.9987448557913663,0.0,-0.05008705451794139));
#17338=DIRECTION('',(-0.0018561315771674655,0.9993131123333443,0.0370115967530868));
#17339=AXIS2_PLACEMENT_3D('',#9370,#17337,#17338);
#17340=PLANE('',#17339);
#17341=EDGE_LOOP('',(#17334,#17335,#17336));
#17342=FACE_BOUND('',#17341,.T.);
#17343=ADVANCED_FACE('',(#17342),#17340,.T.);
#17344=CLOSED_SHELL('',(#9390,#9407,#9424,#9441,#9458,#9475,#9492,#9509,#9526,#9543,#9560,#9577,#9594,#9611,#9628,#9645,#9662,#9679,#9696,#9713,#9730,#9747,#9764,#9781,#9798,#9815,#9832,#9849,#9862,#9876,#9893,#9911,#9928,#9946,#9963,#9981,#9998,#10016,#10033,#10051,#10068,#10086,#10103,#10121,#10138,#10156,#10173,#10191,#10208,#10226,#10243,#10261,#10278,#10296,#10313,#10331,#10348,#10366,#10380,#10391,#10406,#10419,#10436,#10448,#10461,#10474,#10485,#10498,#10510,#10521,#10534,#10544,#10555,#10568,#10580,#10593,#10606,#10618,#10627,#10640,#10652,#10665,#10675,#10688,#10699,#10710,#10723,#10732,#10744,#10754,#10764,#10776,#10788,#10801,#10812,#10822,#10832,#10840,#10850,#10860,#10870,#10880,#10892,#10902,#10915,#10925,#10934,#10944,#10954,#10965,#10976,#10987,#10996,#11006,#11016,#11024,#11043,#11056,#11072,#11087,#11104,#11117,#11137,#11153,#11170,#11182,#11193,#11205,#11221,#11240,#11254,#11267,#11279,#11291,#11306,#11320,#11336,#11349,#11362,#11380,#11394,#11406,#11420,#11430,#11445,#11454,#11468,#11482,#11492,#11506,#11516,#11527,#11538,#11552,#11566,#11576,#11592,#11605,#11624,#11642,#11663,#11676,#11694,#11710,#11726,#11742,#11759,#11776,#11796,#11814,#11831,#11844,#11861,#11874,#11892,#11906,#11923,#11938,#11951,#11968,#11984,#12002,#12020,#12039,#12056,#12071,#12088,#12110,#12127,#12148,#12163,#12181,#12195,#12212,#12227,#12243,#12261,#12278,#12291,#12307,#12320,#12335,#12347,#12361,#12372,#12389,#12400,#12415,#12431,#12448,#12467,#12485,#12501,#12517,#12529,#12544,#12558,#12571,#12587,#12603,#12618,#12635,#12648,#12658,#12674,#12690,#12703,#12718,#12729,#12742,#12759,#12774,#12789,#12798,#12816,#12836,#12852,#12871,#12887,#12904,#12918,#12930,#12948,#12962,#12979,#12993,#13005,#13022,#13035,#13052,#13067,#13082,#13096,#13109,#13120,#13129,#13141,#13152,#13167,#13177,#13192,#13206,#13220,#13233,#13247,#13259,#13272,#13284,#13297,#13309,#13322,#13334,#13347,#13359,#13372,#13384,#13397,#13409,#13422,#13434,#13447,#13461,#13475,#13489,#13503,#13515,#13527,#13538,#13550,#13561,#13573,#13584,#13596,#13607,#13619,#13630,#13642,#13653,#13665,#13674,#13687,#13699,#13712,#13724,#13736,#13747,#13759,#13770,#13783,#13795,#13807,#13818,#13830,#13841,#13853,#13864,#13876,#13890,#13904,#13918,#13932,#13943,#13955,#13965,#13977,#13987,#13999,#14009,#14020,#14031,#14043,#14053,#14065,#14075,#14087,#14098,#14110,#14119,#14135,#14149,#14166,#14180,#14197,#14211,#14226,#14240,#14257,#14271,#14288,#14302,#14318,#14332,#14349,#14363,#14380,#14394,#14411,#14425,#14442,#14456,#14473,#14484,#14501,#14517,#14532,#14548,#14563,#14579,#14594,#14610,#14625,#14641,#14656,#14672,#14689,#14705,#14720,#14735,#14752,#14767,#14782,#14797,#14812,#14827,#14842,#14857,#14873,#14886,#14902,#14914,#14928,#14937,#14953,#14969,#14985,#15002,#15018,#15036,#15052,#15064,#15082,#15099,#15116,#15129,#15146,#15163,#15179,#15195,#15212,#15230,#15247,#15261,#15279,#15289,#15307,#15324,#15341,#15355,#15370,#15384,#15402,#15417,#15433,#15452,#15468,#15486,#15500,#15514,#15524,#15541,#15555,#15571,#15587,#15600,#15619,#15630,#15642,#15653,#15667,#15675,#15689,#15706,#15724,#15738,#15753,#15767,#15783,#15798,#15815,#15831,#15849,#15865,#15877,#15889,#15903,#15915,#15931,#15947,#15959,#15970,#15985,#16002,#16015,#16030,#16047,#16063,#16078,#16091,#16106,#16119,#16135,#16147,#16160,#16170,#16188,#16203,#16218,#16233,#16247,#16257,#16269,#16278,#16291,#16303,#16316,#16328,#16341,#16353,#16366,#16378,#16391,#16403,#16416,#16428,#16441,#16453,#16466,#16478,#16491,#16505,#16519,#16532,#16546,#16558,#16569,#16579,#16590,#16600,#16611,#16621,#16633,#16644,#16656,#16667,#16678,#16688,#16700,#16711,#16722,#16730,#16743,#16755,#16768,#16780,#16792,#16803,#16816,#16828,#16841,#16853,#16865,#16876,#16888,#16899,#16911,#16922,#16935,#16947,#16960,#16972,#16985,#16997,#17009,#17020,#17032,#17043,#17055,#17066,#17079,#17091,#17104,#17116,#17128,#17139,#17152,#17164,#17177,#17187,#17204,#17219,#17238,#17249,#17266,#17274,#17286,#17297,#17311,#17320,#17333,#17343));
#17345=MANIFOLD_SOLID_BREP('',#17344);
#17346=COLOUR_RGB('',0.7529411764705882,0.7529411764705882,0.7529411764705882);
#17347=FILL_AREA_STYLE_COLOUR('',#17346);
#17348=FILL_AREA_STYLE('',(#17347));
#17349=SURFACE_STYLE_FILL_AREA(#17348);
#17350=SURFACE_SIDE_STYLE('',(#17349));
#17351=SURFACE_STYLE_USAGE(.BOTH.,#17350);
#17352=PRESENTATION_STYLE_ASSIGNMENT((#17351));
#17353=STYLED_ITEM('',(#17352),#17345);
#17354=ADVANCED_BREP_SHAPE_REPRESENTATION('',(#17345),*);
#17355=PRODUCT_DEFINITION('','',*,*);
#17356=PRODUCT_DEFINITION_SHAPE('','',#17355);
#17357=SHAPE_REPRESENTATION('',(#13),*);
#17358=SHAPE_DEFINITION_REPRESENTATION(#17356,#17357);
#17359=SHAPE_REPRESENTATION_RELATIONSHIP('','',#17357,#17354);
ENDSEC;
END-ISO-10303-21;
